96001,Stamet Maimun Saleh,SUMATERA,SUMATERA,SUMATERA,95.3379,5.8765,50.1,240.2749
96009,Stamet Malikussaleh,SUMATERA,SUMATERA,SUMATERA,96.9475,5.2287,78.3,19.2611
96011,Stamet Sultan Iskandar Muda,SUMATERA,SUMATERA,SUMATERA,95.417,5.5224,34,80.2796
96015,Stamet Cut Nyak Dhien Nagan Raya,SUMATERA,SUMATERA,SUMATERA,96.248,4.0493,142.5,178.4314
96017,Staklim Aceh Besar,SUMATERA,SUMATERA,SUMATERA,95.464,5.404,51,98.2886
96031,Staklim Deli Serdang,SUMATERA,SUMATERA,SUMATERA,98.7148,3.6211,27.9,86.4993
96033,Stamet Maritim Belawan,SUMATERA,SUMATERA,SUMATERA,98.7149,3.7882,59,74.9416
96035,Stamet Kualanamu,SUMATERA,SUMATERA,SUMATERA,98.8849,3.6457,46,80.8617
96037,Stageof Deli Serdang,SUMATERA,SUMATERA,SUMATERA,98.56,3.501,26.3,73.9381
96041,BBMKG I,SUMATERA,SUMATERA,SUMATERA,98.64,3.5397,104.4,85.9821
96043,Stamet Silangit,SUMATERA,SUMATERA,SUMATERA,98.9936,2.2614,74.5,56.5431
96071,Stamet Aek Godang,SUMATERA,SUMATERA,SUMATERA,99.45,1.55,165.2,61.8058
96073,Stamet FL Tobing,SUMATERA,SUMATERA,SUMATERA,98.88,1.55,181.1,113.5676
96075,Stamet Binaka,SUMATERA,SUMATERA,SUMATERA,97.7036,1.1649,109.6,161.2627
96077,Stageof Gunungsitoli,SUMATERA,SUMATERA,SUMATERA,97.58,1.3,112,192.8736
96087,Stamet Hang Nadim,SUMATERA,SUMATERA,SUMATERA,104.1167,1.1167,15.2,33.5466
96089,Stamet Raja Haji Abdullah ,SUMATERA,SUMATERA,SUMATERA,103.38,1.03,44.7,50.133
96091,Stamet Raja Haji Fisabilillah,SUMATERA,SUMATERA,SUMATERA,104.5289,0.9227,139.6,19.6211
96107,Staklim Kampar,SUMATERA,SUMATERA,SUMATERA,101.217,0.407,182.8,63.9529
96109,Stamet Sultan Syarif Kasim II,SUMATERA,SUMATERA,SUMATERA,101.4474,0.45924,226,60.3676
96145,Stamet Tarempa,SUMATERA,SUMATERA,SUMATERA,106.25,3.2,75.1,21.9741
96147,Stamet Ranai,SUMATERA,SUMATERA,SUMATERA,108.39,3.9121,22.2,6.858
96161,Stamet Maritim Teluk Bayur,SUMATERA,SUMATERA,SUMATERA,100.3722,-0.99639,128.4,90.9221
96163,Stamet Minangkabau,SUMATERA,SUMATERA,SUMATERA,100.2892,-0.79355,166.1,88.4692
96167,Staklim Padang Pariaman,SUMATERA,SUMATERA,SUMATERA,100.2979,-0.54549,309.3,129.4177
96171,Stamet Japura,SUMATERA,SUMATERA,SUMATERA,102.32,-0.33,185.9,96.8893
96179,Stamet Dabo ,SUMATERA,SUMATERA,SUMATERA,104.58,-0.48,84,61.9338
96191,Staklim Muaro Jambi,SUMATERA,SUMATERA,SUMATERA,103.4844,-1.6019,154.8,53.5769
96195,Stamet Sultan Thaha,SUMATERA,SUMATERA,SUMATERA,103.64,-1.6337,79,76.9044
96207,Stamet Depati Parbo,SUMATERA,SUMATERA,SUMATERA,101.45,-2.083,146.6,48.4469
96221,Stamet Sultan Mahmud Badaruddin II,SUMATERA,SUMATERA,SUMATERA,104.7013,-2.8947,101.6,113.0914
96237,Stamet Depati Amir,SUMATERA,SUMATERA,SUMATERA,106.13,-2.17,99.5,64.2279
96249,Stamet H AS Hananjoeddin,SUMATERA,SUMATERA,SUMATERA,107.75,-2.75,126.7,195.6532
96253,Stamet Fatmawati Soekarno,SUMATERA,SUMATERA,SUMATERA,102.3367,-3.8582,74.2,88.6462
96255,Staklim Bengkulu,SUMATERA,SUMATERA,SUMATERA,102.3119,-3.8652,120.1,88.6462
96257,Stageof Kepahiang,SUMATERA,SUMATERA,SUMATERA,102.589,-3.55,92.8,74.8643
96291,Staklim Pesawaran,SUMATERA,SUMATERA,SUMATERA,105.18,-5.1724,59.1,63.0533
96293,Stamet Maritim Panjang,SUMATERA,SUMATERA,SUMATERA,105.321,-5.4721,38.7,44.5528
96295,Stamet Radin Inten II,SUMATERA,SUMATERA,SUMATERA,105.11,-5.16,69.5,63.0533
96297,Stageof Lampung Utara,SUMATERA,SUMATERA,SUMATERA,104.87,-4.8363,18,108.0004
96503,Stamet Nunukan,KALIMANTAN,KALIMANTAN,KALIMANTAN,117.67,4.13,23.4,5.3194
96505,Stamet Yuvai Semaring,KALIMANTAN,KALIMANTAN,KALIMANTAN,115.68,3.86,94.7,6.0959
96509,Stamet Juwata,KALIMANTAN,KALIMANTAN,KALIMANTAN,117.57,3.33,97.6,18.7667
96525,Stamet Tanjung Harapan,KALIMANTAN,KALIMANTAN,KALIMANTAN,117.22,2.5,8.8,6.1153
96529,Stamet Kalimarau ,KALIMANTAN,KALIMANTAN,KALIMANTAN,117.4338,2.1456,22,8.9515
96535,Stamet Paloh,KALIMANTAN,KALIMANTAN,KALIMANTAN,109.3,1.74,43.2,51.903
96557,Stamet Nangapinoh,KALIMANTAN,KALIMANTAN,KALIMANTAN,111.47,-0.42,217.8,87.574
96559,Stamet Susilo,KALIMANTAN,KALIMANTAN,KALIMANTAN,111.47,0.06,193.2,47.2331
96565,Stamet Pangsuma,KALIMANTAN,KALIMANTAN,KALIMANTAN,112.93,0.84,242.7,122.1843
96581,Stamet Supadio,KALIMANTAN,KALIMANTAN,KALIMANTAN,109.45,-0.14206,138.3,168.3951
96583,Staklim Mempawah,KALIMANTAN,KALIMANTAN,KALIMANTAN,109.19,0.075,125.5,103.4863
96585,Stamet Maritim Pontianak,KALIMANTAN,KALIMANTAN,KALIMANTAN,109.34,-0.03,100.5,154.7176
96595,Stamet Beringin,KALIMANTAN,KALIMANTAN,KALIMANTAN,114.53,-0.56,104,101.6622
96607,Stamet Temindung,KALIMANTAN,KALIMANTAN,KALIMANTAN,117.16,-0.48,104.4,113.8781
96615,Stamet Rahadi Oesman,KALIMANTAN,KALIMANTAN,KALIMANTAN,109.97,-1.8,143.3,68.5431
96633,Stamet Sultan Aji M S Sepinggan,KALIMANTAN,KALIMANTAN,KALIMANTAN,116.9,-1.26,34.4,30.5721
96645,Stamet Iskandar,KALIMANTAN,KALIMANTAN,KALIMANTAN,111.66,-2.73,97.6,132.831
96653,Stamet Sanggu,KALIMANTAN,KALIMANTAN,KALIMANTAN,114.9,-1.67,66.2,49.8308
96655,Stamet Tjilik Riwut,KALIMANTAN,KALIMANTAN,KALIMANTAN,113.95,-2.22,43.2,68.8097
96695,Stamet Gusti Syamsir Alam,KALIMANTAN,KALIMANTAN,KALIMANTAN,116.17,-3.3,214,59.8126
96733,Staklim Tangerang Selatan,JAWA,JAWA,JAWA,106.7508,-6.2615,175.7,36.3023
96737,Stamet Maritim Serang,JAWA,JAWA,JAWA,106.11,-6.1118,70,46.4986
96739,Stamet Budiarto,JAWA,JAWA,JAWA,106.5639,-6.2867,31.1,55.1397
96741,Stamet Maritim Tanjung Priok,JAWA,JAWA,JAWA,106.8805,-6.1078,3.5,36.7976
96747,Halim Perdana Kusuma Jakarta,JAWA,JAWA,JAWA,106.8893,-6.2704,117.1,39.6243
96751,Stamet Citeko,JAWA,JAWA,JAWA,106.85,-6.7,94.7,87.3473
96753,Staklim Bogor,JAWA,JAWA,JAWA,106.75,-6.5,278,196.6058
96783,Stageof Bandung,JAWA,JAWA,JAWA,107.5973,-6.8836,114.5,103.7289
96791,Stamet Kertajati,JAWA,JAWA,JAWA,108.263,-6.7344,75.2,49.9129
96793,Pos Meteorologi Penggung,JAWA,JAWA,JAWA,108.539,-6.7553,40.8,157.0729
96797,Stamet Tegal,JAWA,JAWA,JAWA,109.121,-6.8682,40.8,74.4526
96805,Stamet Tunggul Wulung,JAWA,JAWA,JAWA,109.0149,-7.7189,51.4,96.5063
96807,Stageof Banjarnegara,JAWA,JAWA,JAWA,109.7069,-7.333,361.3,45.0339
96835,Staklim Semarang,JAWA,JAWA,JAWA,110.3812,-6.9847,307.5,16.102
96851,Staklim Sleman,JAWA,JAWA,JAWA,110.354,-7.731,60,61.1566
96855,Stageof Sleman,JAWA,JAWA,JAWA,110.3,-7.82,21.4,65.9823
96925,Stamet Sangkapura,JAWA,JAWA,JAWA,112.6578,-5.8511,116.3,20.2076
96935,Stamet Juanda,JAWA,JAWA,JAWA,112.7833,-7.3846,5.6,1.8056
96939,Stamet Tuban,JAWA,JAWA,JAWA,111.9918,-6.8229,10,1.5774
96943,Staklim Malang,JAWA,JAWA,JAWA,112.5979,-7.9008,26.3,41.0326
96945,Stageof Pasuruan,JAWA,JAWA,JAWA,112.6353,-7.7046,34.3,61.5396
96949,Stageof Malang,JAWA,JAWA,JAWA,112.45,-8.15,47.4,31.1731
96973,Stamet Kalianget,JAWA,JAWA,JAWA,113.914,-7.0398,77.6,3.1361
96975,Stageof Nganjuk,JAWA,JAWA,JAWA,111.7668,-7.7349,48.1,26.5519
96987,Stamet Banyuwangi,JAWA,JAWA,JAWA,114.3553,-8.215,4.2,5.1938
97008,Stamet Naha,SULAWESI,SULAWESI,SULAWESI,125.5288,3.6859,12.6,0.035647
97010,Stageof Winangun,SULAWESI,SULAWESI,SULAWESI,124.8389,1.4434,113,25.9936
97014,Stamet Sam Ratulangi,SULAWESI,SULAWESI,SULAWESI,124.9234,1.5457,3.7,9.5725
97016,Stamet Maritim Bitung,SULAWESI,SULAWESI,SULAWESI,125.1797,1.4431,14.4,1.714
97028,Stamet Sultan Bantilan,SULAWESI,SULAWESI,SULAWESI,120.7943,1.1211,11,7.7383
97052,Staklim Bone Bolango,SULAWESI,SULAWESI,SULAWESI,123.14,0.556,72.6,20.8106
97072,Stamet Mutiara Sis Al Jufri,SULAWESI,SULAWESI,SULAWESI,119.9055,-0.91589,8.1,96.7684
97086,Stamet Syukuran Aminudin Amir,SULAWESI,SULAWESI,SULAWESI,122.771,-1.0406,4,32.3706
97096,Stamet Kasiguncu,SULAWESI,SULAWESI,SULAWESI,120.657,-1.4204,67,48.0643
97126,Stamet Andi Jemma,SULAWESI,SULAWESI,SULAWESI,120.3242,-2.5547,186.2,138.4053
97142,Stamet Sangia Ni Bandera,SULAWESI,SULAWESI,SULAWESI,121.6108,-4.1806,309.7,302.1461
97144,Stamet Maritim Kendari,SULAWESI,SULAWESI,SULAWESI,122.5895,-3.9701,276.9,298.9155
97146,Stageof Kendari,SULAWESI,SULAWESI,SULAWESI,122.62,-3.96,351,277.7675
97150,Staklim Konawe Selatan,SULAWESI,SULAWESI,SULAWESI,122.449,-4.056,415.8,293.6562
97180,Stamet Sultan Hasanuddin,SULAWESI,SULAWESI,SULAWESI,119.55,-5.07,59.8,23.9796
97182,Stamet Maritim Paotere,SULAWESI,SULAWESI,SULAWESI,119.4198,-5.1137,21.2,47.0489
97184,Staklim Maros,SULAWESI,SULAWESI,SULAWESI,119.572,-4.9308,62.3,46.9656
97192,Stamet Beto Ambari,SULAWESI,SULAWESI,SULAWESI,122.62,-5.47,92.4,33.6743
97230,Stamet I Gusti Ngurah Rai ,BALINUSRA,BALINUSRA,BALINUSRA,115.17,-8.75,48.2,1.4434
97232,Stageof Denpasar,BALINUSRA,BALINUSRA,BALINUSRA,115.21,-8.6769,4.3,2.5906
97236,Staklim Jembrana,BALINUSRA,BALINUSRA,BALINUSRA,114.6176,-8.341,63,4.8637
97240,Stamet Zainuddin Abdul Madjid,BALINUSRA,BALINUSRA,BALINUSRA,116.2498,-8.7528,2.9,0.19852
97242,Staklim Lombok Barat,BALINUSRA,BALINUSRA,BALINUSRA,116.1709,-8.6363,6.7,0.51446
97260,Stamet Sultan Muhammad Kaharuddin,BALINUSRA,BALINUSRA,BALINUSRA,117.4134,-8.4885,5.1,0
97270,Stamet Sultan Muhammad Salahuddin,BALINUSRA,BALINUSRA,BALINUSRA,118.6928,-8.5428,1.6,0.37605
97282,Stamet Komodo,BALINUSRA,BALINUSRA,BALINUSRA,119.8868,-8.4867,0,0
97284,Stamet Frans Sales Lega,BALINUSRA,BALINUSRA,BALINUSRA,120.45,-8.63,87.9,4.1503
97300,Stamet Fransiskus Xaverius Seda,BALINUSRA,BALINUSRA,BALINUSRA,122.2375,-8.6358,0,0
97310,Stamet Gewayantana,BALINUSRA,BALINUSRA,BALINUSRA,122.9986,-8.2752,0.4,0
97320,Stamet Mali,BALINUSRA,BALINUSRA,BALINUSRA,124.59,-8.1347,0.4,0
97372,Stamet Eltari,BALINUSRA,BALINUSRA,BALINUSRA,123.6704,-10.1678,4.6,0
97374,Staklim Kupang,BALINUSRA,BALINUSRA,BALINUSRA,123.6672,-10.1386,1,0
97378,Stamet David Constatijn Saudale,BALINUSRA,BALINUSRA,BALINUSRA,123.0739,-10.7666,3.2,0.13593
97380,Stamet Tardamu,BALINUSRA,BALINUSRA,BALINUSRA,121.83,-10.5,0.8,0.31109
97406,Stamet Gamar Malamo,MALUKU,MALUKU,MALUKU,127.7905,1.8409,38.5,28.5921
97430,Stamet Sultan Babullah,MALUKU,MALUKU,MALUKU,127.38,0.8333,9.2,19.3304
97460,Stamet Oesman Sadik,MALUKU,MALUKU,MALUKU,127.5,-0.63784,15.2,8.3351
97502,Stamet Seigun,PAPUA,PAPUA,PAPUA,131.2858,-0.89118,7,68.9582
97530,Stamet Rendani,PAPUA,PAPUA,PAPUA,134.0504,-0.89227,80.3,16.5162
97560,Stamet Frans Kaisiepo,PAPUA,PAPUA,PAPUA,136.1036,-1.1907,12.2,19.8577
97570,Stamet Sudjarwo Tjondro Negoro,PAPUA,PAPUA,PAPUA,136.2399,-1.8754,129.7,54.214
97600,Stamet Emalamo,MALUKU,MALUKU,MALUKU,126,-2.05,80.2,47.2636
97630,Stamet Torea,PAPUA,PAPUA,PAPUA,132.265,-2.9194,20.6,207.6798
97682,Stamet Moanamani,PAPUA,PAPUA,PAPUA,135.52,-3.3521,166.6,256.9436
97686,Stamet Wamena Jaya Wijaya,PAPUA,PAPUA,PAPUA,138.95,-4.07,51.2,79.8142
97690,Stamet Sentani,PAPUA,PAPUA,PAPUA,140.48,-2.57,17.5,46.7006
97692,Staklim Jayapura,PAPUA,PAPUA,PAPUA,140.1679,-2.5923,52.6,47.5896
97694,Staklim Manokwari Selatan,PAPUA,PAPUA,PAPUA,134.19,-1.47,38.8,198.4343
97700,Stamet Namlea,MALUKU,MALUKU,MALUKU,127.08,-3.25,73.8,43.3719
97722,Stamet Amahai,MALUKU,MALUKU,MALUKU,128.9284,-3.3464,143.4,74.1851
97724,Stamet Pattimura,MALUKU,MALUKU,MALUKU,128.0957,-3.7114,320.7,148.6081
97726,Staklim Seram Bagian Barat,MALUKU,MALUKU,MALUKU,128.4,-3.25,161,116.6867
97730,Stamet Maritim Ambon,MALUKU,MALUKU,MALUKU,128.1008,-3.7905,250.2,164.9003
97748,Stamet Geser,MALUKU,MALUKU,MALUKU,130.88,-3.8813,140.3,141.9821
97760,Stamet Utarom,PAPUA,PAPUA,PAPUA,133.75,-3.67,206.1,114.945
97780,Stamet Enarotali,PAPUA,PAPUA,PAPUA,136.38,-3.9269,96.3,87.1497
97790,Stamet Bandaneira,MALUKU,MALUKU,MALUKU,129.9043,-4.5234,122.4,111.6138
97796,Stamet Mozez Kilangin,PAPUA,PAPUA,PAPUA,136.8935,-4.5301,333.8,296.2526
97810,Stamet Karel Sadsuitubun,MALUKU,MALUKU,MALUKU,132.7362,-5.6637,32.5,2.751
97900,Stamet Mathilda Batlayeri,MALUKU,MALUKU,MALUKU,131.3,-7.98,121.5,36.2777
99992,BBMKG II,JAWA,JAWA,JAWA,106.7564,-6.3025,271.8,53.9887
11010101a,Bakongan,SUMATERA,Nanggroe Aceh Darussalam,Kab. Aceh Selatan,97.4825,2.9257,40,71.11
11010301a,Kluet Selatan,SUMATERA,Nanggroe Aceh Darussalam,Kab. Aceh Selatan,97.38,3.03,145.5,92.6882
11010401a,Labuhan Haji Barat,SUMATERA,Nanggroe Aceh Darussalam,Kab. Aceh Selatan,96.9603,3.5992,245,90.4261
11010501a,Meukek,SUMATERA,Nanggroe Aceh Darussalam,Kab. Aceh Selatan,97.0636,3.4471,118,74.697
11010601a,Sama Dua,SUMATERA,Nanggroe Aceh Darussalam,Kab. Aceh Selatan,97.1249,3.3296,242.5,72.3523
11010701a,Sawang,SUMATERA,Nanggroe Aceh Darussalam,Kab. Aceh Selatan,97.0932,3.3979,283,73.6926
11010801a,Tapak Tuan,SUMATERA,Nanggroe Aceh Darussalam,Kab. Aceh Selatan,97.1796,3.2587,162.5,101.7298
11011001a,Pasie Raja,SUMATERA,Nanggroe Aceh Darussalam,Kab. Aceh Selatan,97.2965,3.1677,117,121.5071
11011301a,Kluet Tengah,SUMATERA,Nanggroe Aceh Darussalam,Kab. Aceh Selatan,97.371,3.198,117,94.9304
11011501a,Bakongan Timur,SUMATERA,Nanggroe Aceh Darussalam,Kab. Aceh Selatan,97.536,2.8879,55,48.4339
11011601a,Trumon Timur,SUMATERA,Nanggroe Aceh Darussalam,Kab. Aceh Selatan,97.7643,2.8655,42.5,68.8352
11011701a,Kota Bahagia,SUMATERA,Nanggroe Aceh Darussalam,Kab. Aceh Selatan,97.5153,2.9993,78,61.9096
11020101a,Lawe Alas,SUMATERA,Nanggroe Aceh Darussalam,Kab. Aceh Tenggara,97.835,3.445,18.4,18.1239
11020201a,Lawe Sigala-Gala,SUMATERA,Nanggroe Aceh Darussalam,Kab. Aceh Tenggara,97.9235,3.345,183,14.7924
11020901a,Bukit Tusam,SUMATERA,Nanggroe Aceh Darussalam,Kab. Aceh Tenggara,97.87,3.41,60.5,18.1239
11021201a,Ketambe,SUMATERA,Nanggroe Aceh Darussalam,Kab. Aceh Tenggara,97.7298,3.6104,163.5,18.3329
11030201a,Julok,SUMATERA,Nanggroe Aceh Darussalam,Kab. Aceh Timur,97.575,5.067,0,70.5939
11030301a,Idi Rayeuk,SUMATERA,Nanggroe Aceh Darussalam,Kab. Aceh Timur,97.7749,4.9514,63,77.5906
11030401a,Birem Bayeun,SUMATERA,Nanggroe Aceh Darussalam,Kab. Aceh Timur,97.9319,4.5446,12.5,67.8786
11030601a,Nurussalam,SUMATERA,Nanggroe Aceh Darussalam,Kab. Aceh Timur,97.6505,5.0331,8,91.1082
11030701a,Lab. Peureulak,SUMATERA,Nanggroe Aceh Darussalam,Kab. Aceh Timur,97.8905,4.8273,50,68.4967
11031201a,Madat,SUMATERA,Nanggroe Aceh Darussalam,Kab. Aceh Timur,97.501,5.168,77,84.6044
11031401a,Idi Tunong,SUMATERA,Nanggroe Aceh Darussalam,Kab. Aceh Timur,97.72,4.91,23.5,77.5906
11031501a,Banda Alam,SUMATERA,Nanggroe Aceh Darussalam,Kab. Aceh Timur,97.69,4.85,15,66.836
11031601a,Peudawa,SUMATERA,Nanggroe Aceh Darussalam,Kab. Aceh Timur,97.8431,4.8875,38,68.4967
11032101a,Darul Ihsan,SUMATERA,Nanggroe Aceh Darussalam,Kab. Aceh Timur,97.768,4.904,51,77.5906
11032201a,Darul Falah,SUMATERA,Nanggroe Aceh Darussalam,Kab. Aceh Timur,97.62,5.01,4,91.1082
11032401a,Peunaron,SUMATERA,Nanggroe Aceh Darussalam,Kab. Aceh Timur,97.63,4.6421,41.2,55.1674
11040101a,Linge,SUMATERA,Nanggroe Aceh Darussalam,Kab. Aceh Tengah,97.1242,4.3795,187,32.4385
11040202a,BPP Silih Nara,SUMATERA,Nanggroe Aceh Darussalam,Kab. Aceh Tengah,96.7287,4.6083,34,16.9997
11040301a,Bebesen,SUMATERA,Nanggroe Aceh Darussalam,Kab. Aceh Tengah,96.8365,4.6363,49.5,13.5269
11040701a,Pegasing,SUMATERA,Nanggroe Aceh Darussalam,Kab. Aceh Tengah,96.808,4.5953,34,10.8382
11041001a,Ketol,SUMATERA,Nanggroe Aceh Darussalam,Kab. Aceh Tengah,96.73,4.69,155.5,16.9997
11041101a,Bpp Kebayakan,SUMATERA,Nanggroe Aceh Darussalam,Kab. Aceh Tengah,96.823,4.655,24,13.5269
11041201a,Kute Panang,SUMATERA,Nanggroe Aceh Darussalam,Kab. Aceh Tengah,96.796,4.683,3,16.9997
11041801a,Atu Lintang,SUMATERA,Nanggroe Aceh Darussalam,Kab. Aceh Tengah,96.7768,4.4162,98,22.7369
11041901a,Jagong Jeget,SUMATERA,Nanggroe Aceh Darussalam,Kab. Aceh Tengah,96.761,4.3772,96.1,32.5902
11050501a,Sama Tiga,SUMATERA,Nanggroe Aceh Darussalam,Kab. Aceh Barat,96.07,4.21,194.5,227.7679
11060101a,Lhoong,SUMATERA,Nanggroe Aceh Darussalam,Kab. Aceh Besar,95.27,5.23,97,94.911
11060301a,BPP Indrapuri,SUMATERA,Nanggroe Aceh Darussalam,Kab. Aceh Besar,95.42,5.42,19.5,98.2886
11060401a,Seulimeum,SUMATERA,Nanggroe Aceh Darussalam,Kab. Aceh Besar,95.5698,5.3662,131.5,68.6235
11060501a,Montasik,SUMATERA,Nanggroe Aceh Darussalam,Kab. Aceh Besar,95.4209,5.4575,9,98.2886
11060601a,Suka Makmur,SUMATERA,Nanggroe Aceh Darussalam,Kab. Aceh Besar,95.37,5.4673,46,135.5733
11060701a,Darul Imarah,SUMATERA,Nanggroe Aceh Darussalam,Kab. Aceh Besar,95.3319,5.4952,12,135.5733
11060702a,Stageof Mata Ie,SUMATERA,Nanggroe Aceh Darussalam,Kab. Aceh Besar,95.303,5.5,4.5,135.5733
11060801a,Peukan Bada,SUMATERA,Nanggroe Aceh Darussalam,Kab. Aceh Besar,95.27,5.533,38,129.7851
11060901a,Mesjid Raya,SUMATERA,Nanggroe Aceh Darussalam,Kab. Aceh Besar,95.51,5.5909,7,78.6357
11061101a,Kuta Baro,SUMATERA,Nanggroe Aceh Darussalam,Kab. Aceh Besar,95.3767,5.5366,31.9,111.7371
11061201a,Darussalam,SUMATERA,Nanggroe Aceh Darussalam,Kab. Aceh Besar,95.3973,5.5884,85,111.7371
11061301a,Pulo Aceh,SUMATERA,Nanggroe Aceh Darussalam,Kab. Aceh Besar,95.1248,5.6705,71,102.6643
11061401a,Saree,SUMATERA,Nanggroe Aceh Darussalam,Kab. Aceh Besar,95.7285,5.4478,18,69.0177
11061401h,SMPK Saree,SUMATERA,Nanggroe Aceh Darussalam,Kab. Aceh Besar,95.73,5.45,21.5,69.0177
11061402f,Lembah Seulawah,SUMATERA,Nanggroe Aceh Darussalam,Kab. Aceh Besar,95.6652,5.3574,61,65.0472
11061501a,Kota Jantho,SUMATERA,Nanggroe Aceh Darussalam,Kab. Aceh Besar,95.6013,5.2985,71.9,66.5947
11061701a,Kuta Malaka,SUMATERA,Nanggroe Aceh Darussalam,Kab. Aceh Besar,95.4041,5.439,12,98.2886
11062001a,Baitussalam,SUMATERA,Nanggroe Aceh Darussalam,Kab. Aceh Besar,95.3878,5.6001,72,108.4543
11062201a,Leupung,SUMATERA,Nanggroe Aceh Darussalam,Kab. Aceh Besar,95.2565,5.387,79.3,110.3394
11062301b,BPP Blang Bintang,SUMATERA,Nanggroe Aceh Darussalam,Kab. Aceh Besar,95.4056,5.4997,29.5,98.2886
11070401a,Delima,SUMATERA,Nanggroe Aceh Darussalam,Kab. Pidie,95.9116,5.3434,16,52.11
11070601a,Glumpang Tiga,SUMATERA,Nanggroe Aceh Darussalam,Kab. Pidie,96.0267,5.2473,36,59.8547
11070701a,Indra Jaya Pidie,SUMATERA,Nanggroe Aceh Darussalam,Kab. Pidie,95.9513,5.3182,33,52.11
11070901a,Diperta Pidie,SUMATERA,Nanggroe Aceh Darussalam,Kab. Pidie,95.9567,5.367,25,52.11
11070902a,Bpp Pidie,SUMATERA,Nanggroe Aceh Darussalam,Kab. Pidie,95.9359,5.3782,9,52.11
11071101a,Mila,SUMATERA,Nanggroe Aceh Darussalam,Kab. Pidie,95.9135,5.2923,75,54.7249
11071201a,Muara Tiga,SUMATERA,Nanggroe Aceh Darussalam,Kab. Pidie,95.8291,5.5261,48,76.8515
11071301a,Mutiara,SUMATERA,Nanggroe Aceh Darussalam,Kab. Pidie,95.9685,5.2759,67,54.7249
11071401a,Padang Tiji,SUMATERA,Nanggroe Aceh Darussalam,Kab. Pidie,95.8322,5.4177,17,71.7747
11071501a,Peukan Baro,SUMATERA,Nanggroe Aceh Darussalam,Kab. Pidie,95.9636,5.31,46,52.11
11071701a,Bpp Sakti,SUMATERA,Nanggroe Aceh Darussalam,Kab. Pidie,95.9418,5.2542,49,54.7249
11071801a,Simpang Tiga,SUMATERA,Nanggroe Aceh Darussalam,Kab. Pidie,95.997,5.33,53.5,52.11
11071901a,Tangse,SUMATERA,Nanggroe Aceh Darussalam,Kab. Pidie,95.9164,5.0123,153,66.8345
11072201a,Lab. Keumala,SUMATERA,Nanggroe Aceh Darussalam,Kab. Pidie,95.89,5.232,94.5,49.6666
11072401a,Mutiara Timur,SUMATERA,Nanggroe Aceh Darussalam,Kab. Pidie,95.9916,5.2594,45,54.7249
11072901a,Glumpang Baro,SUMATERA,Nanggroe Aceh Darussalam,Kab. Pidie,96.041,5.283,49.5,59.8547
11073101a,Titeu,SUMATERA,Nanggroe Aceh Darussalam,Kab. Pidie,95.9119,5.2338,85.5,54.7249
11080101a,Baktiya,SUMATERA,Nanggroe Aceh Darussalam,Kab. Aceh Utara,97.4288,5.1307,65,59.8972
11080201a,Dewantara,SUMATERA,Nanggroe Aceh Darussalam,Kab. Aceh Utara,97.0177,5.2459,6.2,18.2649
11080301a,Kuta Makmur,SUMATERA,Nanggroe Aceh Darussalam,Kab. Aceh Utara,97.069,5.098,155,29.3047
11080401a,Bpp Lhoksukon,SUMATERA,Nanggroe Aceh Darussalam,Kab. Aceh Utara,97.3393,5.0595,47,33.8773
11080601a,Muara Batu,SUMATERA,Nanggroe Aceh Darussalam,Kab. Aceh Utara,96.9147,5.2411,127,19.2611
11080701a,Meurah Mulia,SUMATERA,Nanggroe Aceh Darussalam,Kab. Aceh Utara,97.2042,5.0603,56.5,27.9397
11080801a,Samudera,SUMATERA,Nanggroe Aceh Darussalam,Kab. Aceh Utara,97.2267,5.1392,20,22.1511
11080901a,Seuneudon,SUMATERA,Nanggroe Aceh Darussalam,Kab. Aceh Utara,97.44,5.2,87.3,60.0416
11081001a,Bpp Syamtalira Aron,SUMATERA,Nanggroe Aceh Darussalam,Kab. Aceh Utara,97.25,5.0927,52,27.9397
11081101a,Syamtalira Bayu,SUMATERA,Nanggroe Aceh Darussalam,Kab. Aceh Utara,97.1881,5.1147,58,24.4144
11081201a,Tanah Luas,SUMATERA,Nanggroe Aceh Darussalam,Kab. Aceh Utara,97.2641,5.0594,54,27.9397
11081301a,Tanah Pasir,SUMATERA,Nanggroe Aceh Darussalam,Kab. Aceh Utara,97.2474,5.1302,17,22.1511
11081402a,Klimatologi Panton Labu, Tanah Jambo Aye,SUMATERA,Nanggroe Aceh Darussalam,Kab. Aceh Utara,97.4591,5.127,60,59.8972
11081501a,Sawang Acut,SUMATERA,Nanggroe Aceh Darussalam,Kab. Aceh Utara,96.8897,5.1307,113.5,39.2423
11081601a,Nisam,SUMATERA,Nanggroe Aceh Darussalam,Kab. Aceh Utara,97.0135,5.1679,107,25.994
11081701a,Cot Girek I,SUMATERA,Nanggroe Aceh Darussalam,Kab. Aceh Utara,97.432,4.95,25,107.2723
11081702a,Cot Girek II,SUMATERA,Nanggroe Aceh Darussalam,Kab. Aceh Utara,97.354,4.955,49,46.371
11081901a,Baktiya Barat,SUMATERA,Nanggroe Aceh Darussalam,Kab. Aceh Utara,97.3647,5.1191,105,31.7599
11082001a,Paya Bakong,SUMATERA,Nanggroe Aceh Darussalam,Kab. Aceh Utara,97.23,4.99,25,30.557
11082101a,Nibong,SUMATERA,Nanggroe Aceh Darussalam,Kab. Aceh Utara,97.2568,5.0726,79,27.9397
11082301a,Lapang,SUMATERA,Nanggroe Aceh Darussalam,Kab. Aceh Utara,97.2994,5.1622,68.3,22.1511
11082401a,Pirak Timu,SUMATERA,Nanggroe Aceh Darussalam,Kab. Aceh Utara,97.29,5.01,108,27.9397
11082601a,Banda Baro,SUMATERA,Nanggroe Aceh Darussalam,Kab. Aceh Utara,96.9665,5.1936,120.5,33.7294
11082701a,Nisam Antara,SUMATERA,Nanggroe Aceh Darussalam,Kab. Aceh Utara,96.9425,5.0754,42,46.2991
11090101a,Simeulue Tengah,SUMATERA,Nanggroe Aceh Darussalam,Kab. Simeulue,96.107,2.63,99.1,181.7872
11090403a,Simeulue Timur,SUMATERA,Nanggroe Aceh Darussalam,Kab. Simeulue,96.37,2.485,139,140.2289
11090601a,Simeulue Barat,SUMATERA,Nanggroe Aceh Darussalam,Kab. Simeulue,95.9188,2.8365,177,145.0432
11090701a,Teupah Selatan,SUMATERA,Nanggroe Aceh Darussalam,Kab. Simeulue,96.4094,2.3322,151,143.2012
11090801a,Alafan,SUMATERA,Nanggroe Aceh Darussalam,Kab. Simeulue,95.744,2.824,111.8,183.1161
11100101a,Pulau Banyak,SUMATERA,Nanggroe Aceh Darussalam,Kab. Aceh Singkil,97.3828,2.3417,540,66.3609
11100601a,Keb. Lae Butar,SUMATERA,Nanggroe Aceh Darussalam,Kab. Aceh Singkil,97.9748,2.3726,106,91.7784
11101001a,Singkil Utara,SUMATERA,Nanggroe Aceh Darussalam,Kab. Aceh Singkil,97.9376,2.2768,0,84.4366
11101201a,Suro,SUMATERA,Nanggroe Aceh Darussalam,Kab. Aceh Singkil,98.0396,2.4772,67,99.766
11110101a,Samalanga,SUMATERA,Nanggroe Aceh Darussalam,Kab. Bireuen,96.3667,5.1979,23,39.2909
11110201a,Jeunieb,SUMATERA,Nanggroe Aceh Darussalam,Kab. Bireuen,96.5013,5.1866,111,30.1401
11110301a,BP3K Peudada,SUMATERA,Nanggroe Aceh Darussalam,Kab. Bireuen,96.59,5.2,88.5,20.2382
11110401a,Jeumpa,SUMATERA,Nanggroe Aceh Darussalam,Kab. Bireuen,96.6662,5.2048,112,20.1341
11110501a,Peusangan,SUMATERA,Nanggroe Aceh Darussalam,Kab. Bireuen,96.7691,5.1986,157,46.8555
11110601a,Makmur,SUMATERA,Nanggroe Aceh Darussalam,Kab. Bireuen,96.8723,5.2151,149,18.3871
11110701a,Gandapura,SUMATERA,Nanggroe Aceh Darussalam,Kab. Bireuen,96.8978,5.2247,137,18.3871
11110801a,Pandrah,SUMATERA,Nanggroe Aceh Darussalam,Kab. Bireuen,96.4618,5.1856,107,33.495
11110901a,Juli,SUMATERA,Nanggroe Aceh Darussalam,Kab. Bireuen,96.7116,5.1194,169,46.8555
11111001a,Jangka,SUMATERA,Nanggroe Aceh Darussalam,Kab. Bireuen,96.7985,5.2503,69,16.8069
11111101a,Simpang Mamplam,SUMATERA,Nanggroe Aceh Darussalam,Kab. Bireuen,96.4123,5.1921,136.5,33.495
11111301a,Kota Juang,SUMATERA,Nanggroe Aceh Darussalam,Kab. Bireuen,96.6931,5.1951,122,34.9022
11111401a,BPP Kuala,SUMATERA,Nanggroe Aceh Darussalam,Kab. Bireuen,96.7268,5.2227,51,16.8069
11111601a,Peusangan Selatan,SUMATERA,Nanggroe Aceh Darussalam,Kab. Bireuen,96.7671,5.1075,52,46.8555
11111701a,Kuta Blang,SUMATERA,Nanggroe Aceh Darussalam,Kab. Bireuen,96.8362,5.2119,50,18.3871
11120101a,Blang Pidie,SUMATERA,Nanggroe Aceh Darussalam,Kab. Aceh Barat Daya,96.8607,3.7158,202.2,96.7111
11120301a,Manggeng,SUMATERA,Nanggroe Aceh Darussalam,Kab. Aceh Barat Daya,96.93,3.62,207.9,93.1259
11120701a,Lembah Sabil,SUMATERA,Nanggroe Aceh Darussalam,Kab. Aceh Barat Daya,96.937,3.5894,218,90.4261
11130102a,SMPK Blang Kejeren,SUMATERA,Nanggroe Aceh Darussalam,Kab. Gayo Lues,97.3223,3.998,66.5,50.9672
11130201a,Kuta Panjang,SUMATERA,Nanggroe Aceh Darussalam,Kab. Gayo Lues,97.28,4.018,98,46.0056
11131101a,Pantan Cuaca,SUMATERA,Nanggroe Aceh Darussalam,Kab. Gayo Lues,97.2,4.18,64.6,57.1527
11140201a,Krueng Sabee,SUMATERA,Nanggroe Aceh Darussalam,Kab. Aceh Jaya,95.6612,4.5869,190,94.359
11140301a,Setia Bakti,SUMATERA,Nanggroe Aceh Darussalam,Kab. Aceh Jaya,95.54,4.6712,116.5,62.9745
11140501a,Lamno,SUMATERA,Nanggroe Aceh Darussalam,Kab. Aceh Jaya,95.3439,5.1122,115.5,112.4441
11140601a,Panga,SUMATERA,Nanggroe Aceh Darussalam,Kab. Aceh Jaya,95.7,4.5595,59,94.359
11140701a,Indra Jaya,SUMATERA,Nanggroe Aceh Darussalam,Kab. Aceh Jaya,95.365,5.05,52,85.9717
11140901a,Pasie Raya,SUMATERA,Nanggroe Aceh Darussalam,Kab. Aceh Jaya,95.887,4.5,184.5,144.1544
11150101a,Pulo Ie, Kuala,SUMATERA,Nanggroe Aceh Darussalam,Kab. Nagan Raya,96.2755,4.0866,189,178.4314
11150102a,PT. Socfindo,SUMATERA,Nanggroe Aceh Darussalam,Kab. Nagan Raya,96.26,4.059,171.8,178.4314
11150401a,Beutong,SUMATERA,Nanggroe Aceh Darussalam,Kab. Nagan Raya,96.4191,4.2489,671,227.7221
11150502a,Keb. Seumanyam, Darul Makmur,SUMATERA,Nanggroe Aceh Darussalam,Kab. Nagan Raya,96.5673,3.9703,198.1,170.254
11150701a,Kuala Pesisir,SUMATERA,Nanggroe Aceh Darussalam,Kab. Nagan Raya,96.2284,4.0794,74.5,178.4314
11151301a,Seunagan Timur,SUMATERA,Nanggroe Aceh Darussalam,Kab. Nagan Raya,96.3404,4.2588,342.5,273.9232
11160302a,Div. 4, Keb. Sei Liput,SUMATERA,Nanggroe Aceh Darussalam,Kab. Aceh Tamiang,98.0111,4.3422,124,75.7311
11160602a,Div. I, Keb. Sei Liput,SUMATERA,Nanggroe Aceh Darussalam,Kab. Aceh Tamiang,98.0548,4.1683,19,57.4607
11160603a,Div. 2, Keb. Sei Liput,SUMATERA,Nanggroe Aceh Darussalam,Kab. Aceh Tamiang,97.9875,4.1162,93,51.9921
11160604a,Div. 3, Keb. Sei Liput,SUMATERA,Nanggroe Aceh Darussalam,Kab. Aceh Tamiang,98.0647,4.3422,13,75.7311
11160704a,ARR Pulo Tiga, Tamiang Hulu,SUMATERA,Nanggroe Aceh Darussalam,Kab. Aceh Tamiang,97.9523,4.1642,92.7,51.9921
11161101a,Tenggulun,SUMATERA,Nanggroe Aceh Darussalam,Kab. Aceh Tamiang,97.96,4.12,178,51.9921
11170101a,UPTD BPP Alur Gading,SUMATERA,Nanggroe Aceh Darussalam,Kab. Bener Meriah,96.7454,4.86,132,46.3871
11170201a,Permata,SUMATERA,Nanggroe Aceh Darussalam,Kab. Bener Meriah,96.9178,4.8265,6.5,40.2391
11170401a,KP Gayo, Bandar,SUMATERA,Nanggroe Aceh Darussalam,Kab. Bener Meriah,96.896,4.7531,52,31.6059
11170501a,Bukit,SUMATERA,Nanggroe Aceh Darussalam,Kab. Bener Meriah,96.8536,4.7242,55,31.6059
11170701a,Timang Gajah,SUMATERA,Nanggroe Aceh Darussalam,Kab. Bener Meriah,96.75,4.7527,102,34.9321
11180102a,BPP Plus Meureudu,SUMATERA,Nanggroe Aceh Darussalam,Kab. Pidie Jaya,96.2475,5.2347,52,59.2153
11180301a,Jangka Buya,SUMATERA,Nanggroe Aceh Darussalam,Kab. Pidie Jaya,96.32,5.22,73.3,39.2417
11180401a,Bandar Dua,SUMATERA,Nanggroe Aceh Darussalam,Kab. Pidie Jaya,96.3249,5.185,61.5,39.2909
11180501a,Meurah Dua,SUMATERA,Nanggroe Aceh Darussalam,Kab. Pidie Jaya,96.26,5.24,24.6,59.2153
11180601a,Bandar Baru,SUMATERA,Nanggroe Aceh Darussalam,Kab. Pidie Jaya,96.11,5.28,19,73.238
11710101a,Baiturrahman,SUMATERA,Nanggroe Aceh Darussalam,Kota Banda Aceh,95.3196,5.5458,3,111.7371
11710301a,Meuraxa,SUMATERA,Nanggroe Aceh Darussalam,Kota Banda Aceh,95.2869,5.5429,11,129.7851
11710401a,Syiah Kuala,SUMATERA,Nanggroe Aceh Darussalam,Kota Banda Aceh,95.35,5.58,7.4,111.7371
11710402a,Lampineng,SUMATERA,Nanggroe Aceh Darussalam,Kota Banda Aceh,95.343,5.566,5,111.7371
11710501a,Lueng Bata,SUMATERA,Nanggroe Aceh Darussalam,Kota Banda Aceh,95.3396,5.5403,10.3,111.7371
11710601a,Kuta Raja,SUMATERA,Nanggroe Aceh Darussalam,Kota Banda Aceh,95.3416,5.5715,14,111.7371
11710701a,Banda Raya,SUMATERA,Nanggroe Aceh Darussalam,Kota Banda Aceh,95.3103,5.5232,3.5,111.7371
11710801a,Jaya Baru,SUMATERA,Nanggroe Aceh Darussalam,Kota Banda Aceh,95.3,5.535,18.5,129.7851
11710901a,Ulee Kareng,SUMATERA,Nanggroe Aceh Darussalam,Kota Banda Aceh,95.35,5.54,14.5,111.7371
11720101a,Bpp Paya Seunara,SUMATERA,Nanggroe Aceh Darussalam,Kota Sabang,95.32,5.8516,109,240.2749
11720201a,Diperta Sabang,SUMATERA,Nanggroe Aceh Darussalam,Kota Sabang,95.3281,5.8898,59.5,240.2749
11720202a,Bpp Suka Jaya,SUMATERA,Nanggroe Aceh Darussalam,Kota Sabang,95.34,5.8419,55,240.2749
11730101a,BPBD Lhokseumawe,SUMATERA,Nanggroe Aceh Darussalam,Kota Lhokseumawe,97.1501,5.1305,64.8,24.4144
11740101a,Langsa Timur,SUMATERA,Nanggroe Aceh Darussalam,Kota Langsa,98.0028,4.4583,16.5,77.2026
11740201a,Langsa Barat,SUMATERA,Nanggroe Aceh Darussalam,Kota Langsa,97.9509,4.5071,5,67.8786
11740401a,Kebun Lama Langsa Lama,SUMATERA,Nanggroe Aceh Darussalam,Kota Langsa,97.96,4.467,6,67.8277
11740502a,Langsa Baro,SUMATERA,Nanggroe Aceh Darussalam,Kota Langsa,97.9579,4.4715,15,67.8277
11750101a,Simpang Kiri,SUMATERA,Nanggroe Aceh Darussalam,Kota Subulussalamuu,97.9848,2.6553,145,214.1392
11750301a,Rundeng,SUMATERA,Nanggroe Aceh Darussalam,Kota Subulussalamuu,97.8793,2.6689,88.5,175.3032
11750401a,Sultan Daulat,SUMATERA,Nanggroe Aceh Darussalam,Kota Subulussalamuu,97.979,2.712,261,188.1221
12010202a,Hite Urat,SUMATERA,Sumatera Utara,Kab. Tapanuli Tengah,98.6,1.9,196,93.2746
12010501a,Manduamas,SUMATERA,Sumatera Utara,Kab. Tapanuli Tengah,98.25,2.22,62,74.292
12011501a,Hutabalang,SUMATERA,Sumatera Utara,Kab. Tapanuli Tengah,98.867,1.588,202,113.5676
12020301a,Adian Koting,SUMATERA,Sumatera Utara,Kab. Tapanuli Utara,98.91,1.86,87,67.2559
12020403a,Sipoholon,SUMATERA,Sumatera Utara,Kab. Tapanuli Utara,98.931,2.12,120,71.6418
12020501a,Pahae Julu,SUMATERA,Sumatera Utara,Kab. Tapanuli Utara,99.051,1.893,89,65.4382
12020601a,Pahae Jae,SUMATERA,Sumatera Utara,Kab. Tapanuli Utara,99.1,1.78,30,66.332
12020701a,Simangumban,SUMATERA,Sumatera Utara,Kab. Tapanuli Utara,99.199,1.701,220,76.7368
12020801a,Purba Tua,SUMATERA,Sumatera Utara,Kab. Tapanuli Utara,99.187,1.935,109,70.2428
12020901a,Siborongborong,SUMATERA,Sumatera Utara,Kab. Tapanuli Utara,99.092,2.25,128.5,56.868
12021101a,Parmonangan,SUMATERA,Sumatera Utara,Kab. Tapanuli Utara,98.721,2.096,130,69.9367
12021201a,Sipahutar,SUMATERA,Sumatera Utara,Kab. Tapanuli Utara,99.09,2.1,97,108.4157
12021301a,Pangaribuan,SUMATERA,Sumatera Utara,Kab. Tapanuli Utara,99.136,1.898,101,57.371
12021401a,Garoga,SUMATERA,Sumatera Utara,Kab. Tapanuli Utara,99.41,2.01,102,30.3918
12021501a,Muara,SUMATERA,Sumatera Utara,Kab. Tapanuli Utara,98.9663,2.3319,121,44.1697
12030201a,Hapesong,SUMATERA,Sumatera Utara,Kab. Tapanuli Selatan,99.068,1.474,303,116.4871
12030205a,Batang Toru 1,SUMATERA,Sumatera Utara,Kab. Tapanuli Selatan,99.048,1.521,95,119.8331
12030206a,BPP Batang Toru,SUMATERA,Sumatera Utara,Kab. Tapanuli Selatan,99.052,1.485,201,116.4871
12030302a,Pargarutan,SUMATERA,Sumatera Utara,Kab. Tapanuli Selatan,99.28,1.37,182,48.0965
12030401a,Simagomago,SUMATERA,Sumatera Utara,Kab. Tapanuli Selatan,99.28,1.55,99.5,71.6165
12030501a,Sipangimbar,SUMATERA,Sumatera Utara,Kab. Tapanuli Selatan,99.49,1.927,66,29.2476
12030701a,Huta Holbung,SUMATERA,Sumatera Utara,Kab. Tapanuli Selatan,99.32,1.28,116.5,36.2892
12031401a,A R S E,SUMATERA,Sumatera Utara,Kab. Tapanuli Selatan,99.32,1.707,162,88.7997
12050101a,BPP Bahorok,SUMATERA,Sumatera Utara,Kab. Langkat,98.13,3.5,132,14.0129
12050106a,Kwala Nibung,SUMATERA,Sumatera Utara,Kab. Langkat,98.265,3.506,152,20.0963
12050107a,Kebun Langkup,SUMATERA,Sumatera Utara,Kab. Langkat,98.2827,3.54,56,20.0963
12050108a,Kebun Boyan,SUMATERA,Sumatera Utara,Kab. Langkat,98.3,3.52,148,26.918
12050201a,Tj Langkat,SUMATERA,Sumatera Utara,Kab. Langkat,98.3,3.48,123,22.7207
12050204a,Pancur Ridho,SUMATERA,Sumatera Utara,Kab. Langkat,98.2837,3.5018,166,20.0963
12050205a,Turangi Lama,SUMATERA,Sumatera Utara,Kab. Langkat,98.28,3.45,210,22.7207
12050301a,Kuala Pekan,SUMATERA,Sumatera Utara,Kab. Langkat,98.386,3.537,49,26.918
12050401a,Sei Bingei/Purwo Binangun,SUMATERA,Sumatera Utara,Kab. Langkat,98.504,3.532,69,73.9381
12050501a,Kwala Begumit,SUMATERA,Sumatera Utara,Kab. Langkat,98.45,3.67,8,49.1284
12050503a,Tanjung Jati,SUMATERA,Sumatera Utara,Kab. Langkat,98.463,3.632,29,49.1284
12050504a,Poktan Suka Makmur,SUMATERA,Sumatera Utara,Kab. Langkat,98.4541,3.6794,7,49.1284
12050603a,Brahrang/ Selesai,SUMATERA,Sumatera Utara,Kab. Langkat,98.42,3.6,23,49.1284
12050701a,Pardamean,SUMATERA,Sumatera Utara,Kab. Langkat,98.416,3.695,10,49.1284
12050702a,Kwala Bingei,SUMATERA,Sumatera Utara,Kab. Langkat,98.45,3.75,7,59.541
12050703a,Kwala Madu,SUMATERA,Sumatera Utara,Kab. Langkat,98.44,3.73,9.5,59.541
12050801a,Wampu,SUMATERA,Sumatera Utara,Kab. Langkat,98.388,3.74,15,45.9651
12050901a,Secanggang,SUMATERA,Sumatera Utara,Kab. Langkat,98.534,3.844,39,69.3187
12051001a,Cempa,SUMATERA,Sumatera Utara,Kab. Langkat,98.42,3.87,52,70.215
12051201a,Padang Tualang,SUMATERA,Sumatera Utara,Kab. Langkat,98.271,3.723,15,28.4101
12051202a,Sawit Langkat,SUMATERA,Sumatera Utara,Kab. Langkat,98.255,3.799,10,28.4101
12051301a,Gebang,SUMATERA,Sumatera Utara,Kab. Langkat,98.37,3.96,24,74.6264
12051401a,Sei Curai Utara,SUMATERA,Sumatera Utara,Kab. Langkat,98.32,3.98,36,74.6264
12051503a,Pulau Kampai,SUMATERA,Sumatera Utara,Kab. Langkat,98.25,4.2,78,97.3696
12051602a,Besitang,SUMATERA,Sumatera Utara,Kab. Langkat,97.994,3.896,73,38.8546
12051701a,Sei Lepan,SUMATERA,Sumatera Utara,Kab. Langkat,98.2779,3.9764,11,55.6583
12051803a,BPP Lubuk Kasih,SUMATERA,Sumatera Utara,Kab. Langkat,98.234,4.0218,9,65.026
12051901a,Batang Serangan 1,SUMATERA,Sumatera Utara,Kab. Langkat,98.032,3.604,34,20.729
12052001a,BPP Sawit Seberang,SUMATERA,Sumatera Utara,Kab. Langkat,98.2861,3.8,81,28.4101
12052101a,BPP Sirapit,SUMATERA,Sumatera Utara,Kab. Langkat,98.3379,3.576,35,26.918
12052201a,Kutambaru,SUMATERA,Sumatera Utara,Kab. Langkat,98.2366,3.4167,111,22.7207
12052302a,Pematang Jaya,SUMATERA,Sumatera Utara,Kab. Langkat,98.17,4.25,17,78.7044
12060101a,Kabanjahe,SUMATERA,Sumatera Utara,Kab. Karo,98.49,3.098,84,39.0625
12060203a,Kuta Gadung 1,SUMATERA,Sumatera Utara,Kab. Karo,98.5,3.15,25.5,44.0872
12060301a,Barusjahe,SUMATERA,Sumatera Utara,Kab. Karo,98.57,3.1,40.5,45.8141
12060401a,Bunuraya,SUMATERA,Sumatera Utara,Kab. Karo,98.52,3.056,20,43.9006
12060601a,Pancar Jaya,SUMATERA,Sumatera Utara,Kab. Karo,98.35,3.08,20,36.1051
12060701a,Juhar,SUMATERA,Sumatera Utara,Kab. Karo,98.277,3.004,45.5,37.092
12060903a,Laubaleng,SUMATERA,Sumatera Utara,Kab. Karo,98.119,3.057,33,76.6559
12061001a,Mardinding,SUMATERA,Sumatera Utara,Kab. Karo,97.983,3.218,42.5,25.6368
12061201a,Tiga Pancur,SUMATERA,Sumatera Utara,Kab. Karo,98.43,3.13,49,44.0872
12061302a,Kutabuluh,SUMATERA,Sumatera Utara,Kab. Karo,98.263,3.198,43,34.6179
12061401a,Tongkoh,SUMATERA,Sumatera Utara,Kab. Karo,98.5403,3.2,62,60.2481
12061701a,Sinabung,SUMATERA,Sumatera Utara,Kab. Karo,98.324,3.128,55,36.1048
12070101a,Gunung Meriah,SUMATERA,Sumatera Utara,Kab. Deli Serdang,98.68,3.12,199,47.1038
12070201a,Perdamean / Lab. Php Murni Tanjung Morawa,SUMATERA,Sumatera Utara,Kab. Deli Serdang,98.83,3.552,15,76.6813
12070202a,Aek Pancur,SUMATERA,Sumatera Utara,Kab. Deli Serdang,98.79,3.492,98,88.6095
12070302a,PDAM Tirtanadi Sibolangit,SUMATERA,Sumatera Utara,Kab. Deli Serdang,98.5778,3.3268,64,70.1895
12070501a,Pancur Batu,SUMATERA,Sumatera Utara,Kab. Deli Serdang,98.58,3.507,52,73.9381
12070701a,Birubiru,SUMATERA,Sumatera Utara,Kab. Deli Serdang,98.68,3.4,66,94.3566
12070901a,KHI Greahan,SUMATERA,Sumatera Utara,Kab. Deli Serdang,98.7964,3.3561,98,103.8494
12071901a,Jaharun B,SUMATERA,Sumatera Utara,Kab. Deli Serdang,98.883,3.475,39,92.0901
12072001a,Stm Hulu,SUMATERA,Sumatera Utara,Kab. Deli Serdang,98.721,3.268,106,103.7012
12072301a,Tanjung Selamat,SUMATERA,Sumatera Utara,Kab. Deli Serdang,98.6,3.54,86,73.9381
12072401a,Tandem Hilir,SUMATERA,Sumatera Utara,Kab. Deli Serdang,98.511,3.684,5,83.4703
12072402a,Klambir Lima,SUMATERA,Sumatera Utara,Kab. Deli Serdang,98.59,3.64,78,83.4703
12072403a,Bulu Cina,SUMATERA,Sumatera Utara,Kab. Deli Serdang,98.536,3.677,18,83.4703
12072405a,Tandem,SUMATERA,Sumatera Utara,Kab. Deli Serdang,98.509,3.721,14,70.516
12072607a,Paluh Getah,SUMATERA,Sumatera Utara,Kab. Deli Serdang,98.7662,3.7357,15,74.9416
12072701a,Kbn. Batang Kuis,SUMATERA,Sumatera Utara,Kab. Deli Serdang,98.78,3.61,22,86.4993
12072702a,Bpp Batang Kuis,SUMATERA,Sumatera Utara,Kab. Deli Serdang,98.76,3.62,23,86.4993
12072801a,Tanjung Gorbus,SUMATERA,Sumatera Utara,Kab. Deli Serdang,98.856,3.538,13,76.6813
12080101a,Kebun Marihat,SUMATERA,Sumatera Utara,Kab. Simalungun,99.111,2.9461,97,118.3038
12080102f,SMPK Marihat,SUMATERA,Sumatera Utara,Kab. Simalungun,99.0958,2.9179,39,107.2021
12080501a,SMPK Marjandi,SUMATERA,Sumatera Utara,Kab. Simalungun,98.9547,2.925,49,95.5982
12080801a,Mayang  Empl,SUMATERA,Sumatera Utara,Kab. Simalungun,99.354,3.008,51,61.8703
12080804a,Bukit Lima Empl,SUMATERA,Sumatera Utara,Kab. Simalungun,99.339,2.938,16,83.3997
12080805a,Gunung Bayu Empl,SUMATERA,Sumatera Utara,Kab. Simalungun,99.38,3.1,72,69.2079
12080901a,Sidamanik,SUMATERA,Sumatera Utara,Kab. Simalungun,98.9154,2.8606,87,64.2951
12081103a,Balimbingan,SUMATERA,Sumatera Utara,Kab. Simalungun,99.165,2.88,81,82.44
12081702a,Dolok Ilir Emplasmen,SUMATERA,Sumatera Utara,Kab. Simalungun,99.171,3.131,20,103.723
12081703a,Kbn. Dolok Merangir,SUMATERA,Sumatera Utara,Kab. Simalungun,99.145,3.122,14.5,103.723
12081902a,Bah Jambi Empl,SUMATERA,Sumatera Utara,Kab. Simalungun,99.227,2.989,83.7,98.2154
12082101a,Pematang Kerasaan,SUMATERA,Sumatera Utara,Kab. Simalungun,99.3,3.08,60.7,80.7281
12082102a,Bandar Betsy,SUMATERA,Sumatera Utara,Kab. Simalungun,99.267,3.216,55,85.7212
12082103a,Laras Emplasmen,SUMATERA,Sumatera Utara,Kab. Simalungun,99.191,3.095,37,107.917
12082104a,Pematang Bandar,SUMATERA,Sumatera Utara,Kab. Simalungun,98.246,3.12,77,34.6179
12082501a,Seribu Dolok,SUMATERA,Sumatera Utara,Kab. Simalungun,98.594,2.943,44,34.0447
12082701a,Silau Dunia,SUMATERA,Sumatera Utara,Kab. Simalungun,98.942,3.257,63,116.507
12082901a,Simarjarunjung,SUMATERA,Sumatera Utara,Kab. Simalungun,98.867,3.016,34,101.8885
12082902a,Raya,SUMATERA,Sumatera Utara,Kab. Simalungun,98.851,2.954,80,65.9081
12083003a,Tinjowan,SUMATERA,Sumatera Utara,Kab. Simalungun,99.507,3.099,56,63.4141
12091101a,BPP Pertahanan,SUMATERA,Sumatera Utara,Kab. Asahan,99.85,2.84,62,53.9698
12091301a,BPP Sipaku,SUMATERA,Sumatera Utara,Kab. Asahan,99.65,2.94,33,51.95
12091302a,Kbn. Sei Dadap Empl,SUMATERA,Sumatera Utara,Kab. Asahan,99.67,2.95,28,51.95
12091403a,Pulu Raja Empl,SUMATERA,Sumatera Utara,Kab. Asahan,99.62,2.69,37,42.8193
12091502a,Bandar Pulau Pekan,SUMATERA,Sumatera Utara,Kab. Asahan,99.5,2.68,8,30.3704
12091602a,Sei Silau,SUMATERA,Sumatera Utara,Kab. Asahan,99.55,2.92,103,55.4773
12091603a,Pulau Mandi,SUMATERA,Sumatera Utara,Kab. Asahan,99.53,2.86,110,47.1015
12091605a,Kbn. Ambalutu,SUMATERA,Sumatera Utara,Kab. Asahan,99.44,2.89,138,75.2398
12091701a,Huta Padang,SUMATERA,Sumatera Utara,Kab. Asahan,99.309,2.829,65,84.1094
12091702a,Kbn. Bandar Pasir Mandoge,SUMATERA,Sumatera Utara,Kab. Asahan,99.32,2.75,69,61.6855
12092101a,Kbn. Bandar Selamat,SUMATERA,Sumatera Utara,Kab. Asahan,99.51,2.66,12,39.0737
12092201a,Gunung Melayu,SUMATERA,Sumatera Utara,Kab. Asahan,99.53,2.71,12,46.1516
12092901a,Rawang Baru,SUMATERA,Sumatera Utara,Kab. Asahan,99.68,3.05,61.5,78.5564
12100101a,Rantau Parapat,SUMATERA,Sumatera Utara,Kab. Labuhanbatu,99.931,2.156,0,16.4788
12100201a,Ujung Bandar,SUMATERA,Sumatera Utara,Kab. Labuhanbatu,99.848,2.058,7,25.9393
12100701a,Rantau Parapat Afd. I,SUMATERA,Sumatera Utara,Kab. Labuhanbatu,99.795,2.146,9,36.1578
12100702a,BPP Bilah Barat,SUMATERA,Sumatera Utara,Kab. Labuhanbatu,99.7986,2.12,4,36.1578
12100801a,Negeri Lama,SUMATERA,Sumatera Utara,Kab. Labuhanbatu,100,2.32,7,62.5517
12100802a,Bilah Hilir,SUMATERA,Sumatera Utara,Kab. Labuhanbatu,99.995,2.247,37,27.6263
12100803a,Aek Nabara Utara,SUMATERA,Sumatera Utara,Kab. Labuhanbatu,99.959,2.058,29.2,22.5764
12100901a,Aek Nabara Selatan,SUMATERA,Sumatera Utara,Kab. Labuhanbatu,99.955,2.058,12.1,22.5764
12101402a,Pangkatan,SUMATERA,Sumatera Utara,Kab. Labuhanbatu,99.963,2.164,37,16.4788
12101901a,Panei Hilir,SUMATERA,Sumatera Utara,Kab. Labuhanbatu,100.197,2.683,24,123.0714
12102001a,Ajamu 1 Afd I,SUMATERA,Sumatera Utara,Kab. Labuhanbatu,100.15,2.45,58,92.979
12102002a,Panai Hulu,SUMATERA,Sumatera Utara,Kab. Labuhanbatu,100.139,2.497,2,92.979
12110101a,Sidikalang,SUMATERA,Sumatera Utara,Kab. Dairi,98.33,2.73,150,32.9076
12110301a,Gunung Sayang,SUMATERA,Sumatera Utara,Kab. Dairi,98.2581,2.9106,182,50.0053
12110501a,Parongil,SUMATERA,Sumatera Utara,Kab. Dairi,98.1103,2.8488,47,55.3654
12110701a,Sipoltong,SUMATERA,Sumatera Utara,Kab. Dairi,98.2488,2.8639,166,75.1868
12111001a,Lae Hole,SUMATERA,Sumatera Utara,Kab. Dairi,98.4143,2.684,88,23.5811
12111101a,Bantun Kerbo,SUMATERA,Sumatera Utara,Kab. Dairi,98.23,2.776,136.5,39.9343
12120101a,Balige,SUMATERA,Sumatera Utara,Kab. Toba Samosir,99.07,2.33,242,39.8484
12120202a,Laguboti,SUMATERA,Sumatera Utara,Kab. Toba Samosir,99.141,2.351,75,36.2145
12120301a,Silaen,SUMATERA,Sumatera Utara,Kab. Toba Samosir,99.225,2.4,14,25.1782
12120501a,Pintu Pohan M,SUMATERA,Sumatera Utara,Kab. Toba Samosir,99.34,2.54,113,24.9013
12120801a,Ajibata,SUMATERA,Sumatera Utara,Kab. Toba Samosir,98.932,2.648,38,54.762
12120901a,Lumban Julu,SUMATERA,Sumatera Utara,Kab. Toba Samosir,99.08,2.564,72,39.0432
12121901a,Sigumpar,SUMATERA,Sumatera Utara,Kab. Toba Samosir,99.201,2.388,92,25.1782
12122001a,Narumonda,SUMATERA,Sumatera Utara,Kab. Toba Samosir,99.216,2.431,39,23.9232
12122101a,Nassau,SUMATERA,Sumatera Utara,Kab. Toba Samosir,99.46,2.33,159,7.5682
12122301a,Bonatua Lunasi,SUMATERA,Sumatera Utara,Kab. Toba Samosir,99.1593,2.5092,34,38.7751
12130201a,Mompang,SUMATERA,Sumatera Utara,Kab. Mandailing Natal,99.594,0.846,7,71.5416
12130701a,Bange,SUMATERA,Sumatera Utara,Kab. Mandailing Natal,99.52,0.975,52,66.4377
12131301a,Muara Soma,SUMATERA,Sumatera Utara,Kab. Mandailing Natal,99.365,0.692,187,87.1071
12131501a,Sinunukan,SUMATERA,Sumatera Utara,Kab. Mandailing Natal,99.163,0.49,64,78.9542
12131502a,Kebun Timur Empl,SUMATERA,Sumatera Utara,Kab. Mandailing Natal,99.3011,0.35047,143,98.8489
12131503a,Kebun Plasma Empl,SUMATERA,Sumatera Utara,Kab. Mandailing Natal,99.3228,0.39715,58,98.8489
12131601a,Patiluban,SUMATERA,Sumatera Utara,Kab. Mandailing Natal,99.239,0.927,13,58.7575
12150201a,Kerajaan,SUMATERA,Sumatera Utara,Kab. Pakpak Bharat,98.307,2.686,429,19.3814
12150701a,Tinada,SUMATERA,Sumatera Utara,Kab. Pakpak Bharat,98.3215,2.5998,142.5,24.2629
12150801a,Si Empat Rube Resdes,SUMATERA,Sumatera Utara,Kab. Pakpak Bharat,98.38,2.56,180,24.2629
12160101a,Parlilitan,SUMATERA,Sumatera Utara,Kab Humbang Hasundutan,98.46,2.32,311,66.1659
12160301a,Baktiraja,SUMATERA,Sumatera Utara,Kab Humbang Hasundutan,98.8,2.31,87,43.3282
12160401a,Sihonongan,SUMATERA,Sumatera Utara,Kab Humbang Hasundutan,98.93,2.31,124,44.1697
12160501a,Lintong Nihuta,SUMATERA,Sumatera Utara,Kab Humbang Hasundutan,98.876,2.289,70,48.4312
12160601a,Dolok Sanggul,SUMATERA,Sumatera Utara,Kab Humbang Hasundutan,98.778,2.27,74,48.0533
12160701a,Sijamapolang,SUMATERA,Sumatera Utara,Kab Humbang Hasundutan,98.716,2.169,184.5,57.9788
12160801a,Onan Ganjang,SUMATERA,Sumatera Utara,Kab Humbang Hasundutan,98.642,2.171,130,50.4657
12160901a,Pakkat Hauagong,SUMATERA,Sumatera Utara,Kab Humbang Hasundutan,98.469,2.177,87,51.2253
12161001a,Tarabintang,SUMATERA,Sumatera Utara,Kab Humbang Hasundutan,98.407,2.271,264,55.689
12170101a,Simanindo,SUMATERA,Sumatera Utara,Kab. Samosir,98.793,2.714,83,43.2686
12170201a,Onan Runggu,SUMATERA,Sumatera Utara,Kab. Samosir,98.499,2.499,120,47.6354
12170301a,Nainggolan,SUMATERA,Sumatera Utara,Kab. Samosir,98.904,2.443,156,35.8424
12170401a,Palipi,SUMATERA,Sumatera Utara,Kab. Samosir,98.801,2.493,195,27.2362
12170503a,Partungko,SUMATERA,Sumatera Utara,Kab. Samosir,98.555,2.503,194.5,30.1216
12170701a,Ronggur Nihuta,SUMATERA,Sumatera Utara,Kab. Samosir,98.8,2.608,110,42.884
12170801a,Pangururan,SUMATERA,Sumatera Utara,Kab. Samosir,98.726,2.633,57,42.884
12170901a,Sitiotio,SUMATERA,Sumatera Utara,Kab. Samosir,98.77,2.44,82,37.2373
12180201a,Pematang Sijoman,SUMATERA,Sumatera Utara,Kab. Serdang Bedagai,98.966,3.568,21,85.3313
12180204a,Melati,SUMATERA,Sumatera Utara,Kab. Serdang Bedagai,98.958,3.535,32.5,85.3313
12180301a,Mata Pao,SUMATERA,Sumatera Utara,Kab. Serdang Bedagai,99.07,3.54,43,82.5772
12180302a,Mata Pao / Pelintahan,SUMATERA,Sumatera Utara,Kab. Serdang Bedagai,99.0932,3.5315,45,82.5772
12180401a,Tanah Raja,SUMATERA,Sumatera Utara,Kab. Serdang Bedagai,99.037,3.503,27,82.5772
12180402a,Sei Rejo,SUMATERA,Sumatera Utara,Kab. Serdang Bedagai,99.131,3.51,46,82.6177
12180502a,Poktan Manga Dua,SUMATERA,Sumatera Utara,Kab. Serdang Bedagai,99.1701,3.51,64,82.6177
12180701a,Gunung Para 1,SUMATERA,Sumatera Utara,Kab. Serdang Bedagai,99.1,3.167,70,117.0892
12180702a,Kebun Pabatu Bibitan,SUMATERA,Sumatera Utara,Kab. Serdang Bedagai,99.1039,3.2839,27,89.1345
12180801a,Gunung Pamela,SUMATERA,Sumatera Utara,Kab. Serdang Bedagai,99.061,3.2149,54,115.4377
12180803a,Gunung Monako,SUMATERA,Sumatera Utara,Kab. Serdang Bedagai,98.994,3.217,32,116.507
12180805a,Nagaraja,SUMATERA,Sumatera Utara,Kab. Serdang Bedagai,99.0287,3.1273,23,117.0892
12180901a,Bangun Bandar,SUMATERA,Sumatera Utara,Kab. Serdang Bedagai,99.034,3.316,18,91.8619
12180902a,Dolok Masihul,SUMATERA,Sumatera Utara,Kab. Serdang Bedagai,99,3.33,6.5,117.0234
12180903a,Sarang Ginting,SUMATERA,Sumatera Utara,Kab. Serdang Bedagai,98.971,3.339,34,117.0234
12180904a,Tanjung Maria,SUMATERA,Sumatera Utara,Kab. Serdang Bedagai,99.048,3.304,12,91.8619
12181202a,Kebun Sei Putih,SUMATERA,Sumatera Utara,Kab. Serdang Bedagai,98.979,3.401,74,86.2304
12181204a,Karet Sei Putih,SUMATERA,Sumatera Utara,Kab. Serdang Bedagai,98.879,3.381,69,111.7931
12181601a,Tanah Bersih,SUMATERA,Sumatera Utara,Kab. Serdang Bedagai,99.202,3.325,65,79.222
12190101a,BPP Medang Deras / Barian,SUMATERA,Sumatera Utara,Kab. Batu Bara,99.36,3.38,38.1,82.6201
12190301a,Bah Bolon,SUMATERA,Sumatera Utara,Kab. Batu Bara,99.4,3.31,67.8,82.6201
12190302a,Sei Suka Deras,SUMATERA,Sumatera Utara,Kab. Batu Bara,99.39,3.27,14,66.9766
12190401a,Lubuk Besar,SUMATERA,Sumatera Utara,Kab. Batu Bara,99.49,3.21,66,87.9043
12190402a,Tanah Itam Ulu Afd I,SUMATERA,Sumatera Utara,Kab. Batu Bara,99.47,3.25,27,87.9043
12190405a,Tanah Gambus,SUMATERA,Sumatera Utara,Kab. Batu Bara,99.42,3.23,38,87.9043
12190501a,Sei Muka,SUMATERA,Sumatera Utara,Kab. Batu Bara,99.56,3.16,45,84.5346
12190502a,Dusun Hulu,SUMATERA,Sumatera Utara,Kab. Batu Bara,99.55,3.12,27,84.5346
12190702a,BPP Sei Balei,SUMATERA,Sumatera Utara,Kab. Batu Bara,99.5791,3.1235,16,84.5346
12200301a,Banuanasikop,SUMATERA,Sumatera Utara,Kab. Padang Lawas Utara,99.745,1.624,105.3,49.6116
12200401a,Siunggam,SUMATERA,Sumatera Utara,Kab. Padang Lawas Utara,99.55,1.42,25,46.4273
12200402a,Gunung Tua,SUMATERA,Sumatera Utara,Kab. Padang Lawas Utara,99.63,1.52,136,51.4773
12210101a,Sosopan,SUMATERA,Sumatera Utara,Kab. Padang Lawas,99.479,1.227,164.9,28.6755
12210201a,BPK Binanga,SUMATERA,Sumatera Utara,Kab. Padang Lawas,99.7774,1.4016,20.6,54.1662
12210401a,Balangka Sitongkon,SUMATERA,Sumatera Utara,Kab. Padang Lawas,99.75,1.03,51.2,62.0488
12210801a,Sosa,SUMATERA,Sumatera Utara,Kab. Padang Lawas,100.021,1.084,53,50.3356
12220101a,Kota Pinang,SUMATERA,Sumatera Utara,Kab. Labuhanbatu Selatan,100.01,1.82,50,68.4123
12220102a,Sisumut,SUMATERA,Sumatera Utara,Kab. Labuhanbatu Selatan,100.11,1.96,23,55.5173
12220104a,Kebun Sei Beruhur,SUMATERA,Sumatera Utara,Kab. Labuhanbatu Selatan,100.2548,1.7713,26,64.5654
12220301a,Aek Torop,SUMATERA,Sumatera Utara,Kab. Labuhanbatu Selatan,100.15,1.79,44,95.8425
12220302a,Sei Kebara,SUMATERA,Sumatera Utara,Kab. Labuhanbatu Selatan,100.25,1.74,42,64.5654
12220303a,Sei Meranti,SUMATERA,Sumatera Utara,Kab. Labuhanbatu Selatan,100.222,1.616,23.9,50.5967
12220304a,Kebun Sei Daun,SUMATERA,Sumatera Utara,Kab. Labuhanbatu Selatan,100.31,1.669,23,55.077
12220306a,Torgamba,SUMATERA,Sumatera Utara,Kab. Labuhanbatu Selatan,100.1869,1.6735,19.8,45.4138
12220401a,Lg Payung,SUMATERA,Sumatera Utara,Kab. Labuhanbatu Selatan,99.9,1.72,26,59.6407
12230103a,Labuhan Haji,SUMATERA,Sumatera Utara,Kab. Labuhanbatu Utara,99.72,2.55,37,61.2125
12230104a,Membang Muda,SUMATERA,Sumatera Utara,Kab. Labuhanbatu Utara,99.67,2.55,23,47.1018
12230201a,Tanjung Leidong,SUMATERA,Sumatera Utara,Kab. Labuhanbatu Utara,99.9768,2.7638,47,68.4936
12230301a,Kampung Mesjid,SUMATERA,Sumatera Utara,Kab. Labuhanbatu Utara,100.015,2.592,11,98.7411
12230501a,Lobu Rampah,SUMATERA,Sumatera Utara,Kab. Labuhanbatu Utara,99.811,2.28,19,25.2277
12230502a,Aek Hite Toras,SUMATERA,Sumatera Utara,Kab. Labuhanbatu Utara,99.902,2.304,75,62.5517
12230503a,Merbau Selatan,SUMATERA,Sumatera Utara,Kab. Labuhanbatu Utara,99.83,2.2,45,25.2277
12230601a,Berangir,SUMATERA,Sumatera Utara,Kab. Labuhanbatu Utara,99.756,2.217,45,15.7973
12230701a,Aek Pamingke,SUMATERA,Sumatera Utara,Kab. Labuhanbatu Utara,99.737,2.342,90,39.3069
12230702a,Halimbi,SUMATERA,Sumatera Utara,Kab. Labuhanbatu Utara,99.701,2.411,27,54.9556
12230703a,Kbn. Halimbi  Div.V,SUMATERA,Sumatera Utara,Kab. Labuhanbatu Utara,99.6783,2.3221,33,21.8311
12230801a,Gunting Saga,SUMATERA,Sumatera Utara,Kab. Labuhanbatu Utara,99.65,2.52,37,47.1018
12240301a,Poktan Sogawu,SUMATERA,Sumatera Utara,Kab. Nias Utara,97.471,1.4408,92,173.8109
12710301a,Helvetia,SUMATERA,Sumatera Utara,Kota Medan,98.6321,3.6043,22,93.3572
12720601a,Bangun,SUMATERA,Sumatera Utara,Kota Pematang Siantar,99.08,2.985,54,107.2021
12720701a,BPP Gurilla,SUMATERA,Sumatera Utara,Kota Pematang Siantar,99.0403,2.9895,0,107.2021
12740501a,Sijambidatuk Bandar,SUMATERA,Sumatera Utara,Kota Tanjung Balai,99.771,2.942,32.5,60.4557
12740601a,Tanjung Balai,SUMATERA,Sumatera Utara,Kota Tanjung Balai,99.77,2.95,36,60.4557
12750101a,Binjai Utara,SUMATERA,Sumatera Utara,Kota Binjai,98.512,3.655,15,83.4703
12750301a,Binjai Barat,SUMATERA,Sumatera Utara,Kota Binjai,98.49,3.62,9,49.1284
12750501a,Binjai Selatan,SUMATERA,Sumatera Utara,Kota Binjai,98.478,3.575,34,46.8792
12760202a,Rambutan,SUMATERA,Sumatera Utara,Kota Tebing Tinggi,99.167,3.385,95.1,97.1861
12770301a,Padang Sidempuan,SUMATERA,Sumatera Utara,Kota Padang Sidempuan,99.249,1.413,151.5,52.234
13010103a,Air Pura,SUMATERA,Sumatera Barat,Kab. Pesisir Selatan,100.95,-1.99,84,96.5593
13010403a,BPK Batang Kapas,SUMATERA,Sumatera Barat,Kab. Pesisir Selatan,100.61,-1.49,144,135.3435
13010601a,BPK Bayang Api-Api,SUMATERA,Sumatera Barat,Kab. Pesisir Selatan,100.49,-1.29,100,127.8906
13010702a,BPK Duku Nanggalo,SUMATERA,Sumatera Barat,Kab. Pesisir Selatan,100.48,-1.16,147,109.1151
13011002Z,Lunang,SUMATERA,Sumatera Barat,Kab. Pesisir Selatan,101.1,-2.26,80.7,70.6089
13020401a,BPK Lembah Gumanti,SUMATERA,Sumatera Barat,Kab. Solok,100.78,-1.084,93.9,95.2194
13020403f,UPTD Alahan Panjang,SUMATERA,Sumatera Barat,Kab. Solok,100.78,-0.98,146,68.2901
13020601a,Lembang Jaya,SUMATERA,Sumatera Barat,Kab. Solok,100.72,-0.97,127.4,68.2901
13020801a,Muara Panas,SUMATERA,Sumatera Barat,Kab. Solok,100.69,-0.85,90,96.9674
13021104a,Balitbu Sumani,SUMATERA,Sumatera Barat,Kab. Solok,100.5972,-0.71964,97,84.0706
13021105f,Balitbu Aripan,SUMATERA,Sumatera Barat,Kab. Solok,100.6,-0.698,102.5,93.665
13021201a,BPK X Koto Diatas,SUMATERA,Sumatera Barat,Kab. Solok,100.6433,-0.62028,145,85.8203
13021301a,Muaro Pingai,SUMATERA,Sumatera Barat,Kab. Solok,100.54,-0.69,22,93.665
13021901a,Danau Kembar,SUMATERA,Sumatera Barat,Kab. Solok,100.7351,-1.0426,84,95.2194
13030302a,Tanjung Gadang,SUMATERA,Sumatera Barat,Kab. Sijunjung,101.17,-0.78,65,61.6855
13030304a,Tanjung Lolo,SUMATERA,Sumatera Barat,Kab. Sijunjung,101.1915,-0.89462,124,61.9906
13030401a,BPK Sijunjung,SUMATERA,Sumatera Barat,Kab. Sijunjung,101.01,-0.7,83.5,51.7269
13030402a,Muara Sijunjung,SUMATERA,Sumatera Barat,Kab. Sijunjung,100.99,-0.6,93.5,68.7888
13030501a,BPP 4 Nagari,SUMATERA,Sumatera Barat,Kab. Sijunjung,100.88,-0.67,130.5,63.6794
13030601a,Sei Langsat,SUMATERA,Sumatera Barat,Kab. Sijunjung,101.3,-0.91,55,33.7916
13030701a,Lubuk Tarok,SUMATERA,Sumatera Barat,Kab. Sijunjung,101.03,-0.82,75.5,54.4551
13030801a,BPK Tanjung Ampalu,SUMATERA,Sumatera Barat,Kab. Sijunjung,100.96,-0.64,129.5,68.7888
13030901a,Kumanis,SUMATERA,Sumatera Barat,Kab. Sijunjung,100.88,-0.53,140,117.0126
13030902a,Sumpur Kudus,SUMATERA,Sumatera Barat,Kab. Sijunjung,100.9,-0.42,122,127.0698
13031001a,Kupitan,SUMATERA,Sumatera Barat,Kab. Sijunjung,100.84,-0.7,151.5,52.6324
13040101a,BPK X Koto Paninjauan,SUMATERA,Sumatera Barat,Kab. Tanah Datar,100.42,-0.44,74,105.3596
13040201a,Batipuh,SUMATERA,Sumatera Barat,Kab. Tanah Datar,100.46,-0.47,62,105.3596
13040202a,Ombilin weir,SUMATERA,Sumatera Barat,Kab. Tanah Datar,100.55,-0.56,102.5,115.4261
13040301a,Galo Gandang,SUMATERA,Sumatera Barat,Kab. Tanah Datar,100.5555,-0.48541,163,115.9332
13040304a,Rambatan,SUMATERA,Sumatera Barat,Kab. Tanah Datar,100.57,-0.51,77,115.4261
13040504a,Diperta Tanah Datar,SUMATERA,Sumatera Barat,Kab. Tanah Datar,100.62,-0.475,82.5,118.6854
13040701a,BPP Sungayang,SUMATERA,Sumatera Barat,Kab. Tanah Datar,100.63,-0.38,81.5,90.3023
13040801a,Sei Tarab,SUMATERA,Sumatera Barat,Kab. Tanah Datar,100.57,-0.41,86,115.9332
13040803a,Bpp Sei Tarab,SUMATERA,Sumatera Barat,Kab. Tanah Datar,100.5529,-0.37183,53.5,66.6507
13041001a,Salimpaung,SUMATERA,Sumatera Barat,Kab. Tanah Datar,100.57,-0.33,57,66.6507
13050301a,Sunur,SUMATERA,Sumatera Barat,Kab. Padang Pariaman,100.19,-0.67,200,113.6577
13050701a,Sei Geringging,SUMATERA,Sumatera Barat,Kab. Padang Pariaman,100.0884,-0.41986,106,152.4122
13050901a,Padang Laring,SUMATERA,Sumatera Barat,Kab. Padang Pariaman,100.09,-0.34,163,178.1614
13051001a,Ulakan Tapakis,SUMATERA,Sumatera Barat,Kab. Padang Pariaman,100.22,-0.7,245.5,88.4692
13051101a,BPP Sintuk,SUMATERA,Sumatera Barat,Kab. Padang Pariaman,100.26,-0.65,137,107.029
13051401a,Limau Purut,SUMATERA,Sumatera Barat,Kab. Padang Pariaman,100.17,-0.53,198,136.0534
13051601a,Tandikat,SUMATERA,Sumatera Barat,Kab. Padang Pariaman,100.25,-0.5,305.5,129.4177
13060101a,Tiku,SUMATERA,Sumatera Barat,Kab. Agam,99.91,-0.37,179.5,163.1404
13060202a,Lubuk Basung,SUMATERA,Sumatera Barat,Kab. Agam,99.95,-0.29,157.5,155.628
13060303a,Tanjung Raya - Maninjau,SUMATERA,Sumatera Barat,Kab. Agam,100.15,-0.29,328.5,169.8632
13060401a,Matur,SUMATERA,Sumatera Barat,Kab. Agam,100.2528,-0.305,223,160.1708
13060501a,Koto Tuo,SUMATERA,Sumatera Barat,Kab. Agam,100.3,-0.37,262.5,160.1708
13060801a,Baso,SUMATERA,Sumatera Barat,Kab. Agam,100.48,-0.3,133.5,106.5874
13061301a,BPP Bawan,SUMATERA,Sumatera Barat,Kab. Agam,100,-0.2,143,155.628
13070103a,Suliki,SUMATERA,Sumatera Barat,Kab. Lima Puluh Kota,100.5,-0.1,105,121.139
13070203a,Guguak,SUMATERA,Sumatera Barat,Kab. Lima Puluh Kota,100.6358,-0.91889,85,92.732
13070402a,Luhak,SUMATERA,Sumatera Barat,Kab. Lima Puluh Kota,100.68,-0.28,145,99.0426
13070501a,BPP Tanjung Pati,SUMATERA,Sumatera Barat,Kab. Lima Puluh Kota,100.66,-0.17,92.5,175.6322
13070504a,Politani Tanjungpati,SUMATERA,Sumatera Barat,Kab. Lima Puluh Kota,100.67,-0.17,226.4,175.6322
13070701a,Muara Paiti,SUMATERA,Sumatera Barat,Kab. Lima Puluh Kota,100.55,0.24,173,71.9235
13071301a,Akabiluru,SUMATERA,Sumatera Barat,Kab. Lima Puluh Kota,100.55,-0.24,94,84.8462
13080401a,Bonjol,SUMATERA,Sumatera Barat,Kab. Pasaman,100.25,0,192.1,140.9029
13080501a,Lubuk Sikaping,SUMATERA,Sumatera Barat,Kab. Pasaman,100.1681,0.13722,104,160.0758
13080701a,Petok,SUMATERA,Sumatera Barat,Kab. Pasaman,100.0975,0.29389,160,117.7329
13081402a,Rao,SUMATERA,Sumatera Barat,Kab. Pasaman,100.02,0.56,41.5,54.9512
13081601a,Simpati,SUMATERA,Sumatera Barat,Kab. Pasaman,100.16,0.01,138,163.6706
13090301a,Muara Siberut,SUMATERA,Sumatera Barat,Kab. Kepulauan Mentawai,99.1957,-1.5977,60,103.0119
13100701a,BPP Koto Salak,SUMATERA,Sumatera Barat,Kab. Dharmasraya,101.73,-1.19,112.5,21.0895
13110101a,Lubuk Gadang Selatan,SUMATERA,Sumatera Barat,Kab. Solok Selatan,101.25,-1.55,132,73.7606
13110107a,BPP Sangir Batanghari,SUMATERA,Sumatera Barat,Kab. Solok Selatan,101.39,-1.27,211.3,46.7909
13110202a,Pakan Salasa - Muara Labuh,SUMATERA,Sumatera Barat,Kab. Solok Selatan,101.05,-1.402,175.5,73.8355
13110602a,Pekonina,SUMATERA,Sumatera Barat,Kab. Solok Selatan,101.1433,-1.5905,227,73.7173
13120101a,Parit,SUMATERA,Sumatera Barat,Kab. Pasaman Barat,99.53,0.28,108,79.5845
13120102a,Sei Baremas,SUMATERA,Sumatera Barat,Kab. Pasaman Barat,99.45,0.24,45,74.5603
13120501a,Kinali,SUMATERA,Sumatera Barat,Kab. Pasaman Barat,99.85,-0.02,93,135.293
13120601a,Gunung Tuleh,SUMATERA,Sumatera Barat,Kab. Pasaman Barat,99.7166,0.2363,169,121.4924
13121101a,Sasak,SUMATERA,Sumatera Barat,Kab. Pasaman Barat,99.7,0.011,187,109.6619
13710202a,Muara Palam - Parak Karakah,SUMATERA,Sumatera Barat,Kota Padang,100.38,-0.94,147.6,90.9221
13710701a,Tambang Semen Padang,SUMATERA,Sumatera Barat,Kota Padang,100.5,-0.96,182,87.0637
13710702a,Bandar Buat,SUMATERA,Sumatera Barat,Kota Padang,100.42,-0.953,118.4,87.0637
13710704a,Water Plan Semen Padang,SUMATERA,Sumatera Barat,Kota Padang,100.48,-0.961,229,87.0637
13710803a,Limau Manih - UNAND,SUMATERA,Sumatera Barat,Kota Padang,100.4367,-0.9164,292,87.0637
13711001a,Nanggalo,SUMATERA,Sumatera Barat,Kota Padang,100.36,-0.91,172,90.9221
13711102a,Lubuk Minturun,SUMATERA,Sumatera Barat,Kota Padang,100.38,-0.85,236,108.1646
13720101a,Lubuk Sikarah,SUMATERA,Sumatera Barat,Kota Solok,100.61,-0.77,196,83.1498
13720201a,Tanjung Harapan,SUMATERA,Sumatera Barat,Kota Solok,100.65,-0.76,109,83.1498
13730201a,BPP Kolok,SUMATERA,Sumatera Barat,Kota Sawahlunto,100.73,-0.6,137.5,71.2813
13750101a,BPBD Bukittinggi,SUMATERA,Sumatera Barat,Kota Bukittinggi,100.37,-0.28,133,134.5746
13760102a,Payakumbuh Barat,SUMATERA,Sumatera Barat,Kota Payakumbuh,100.62,-0.25,122.5,99.0426
13760501a,Payakumbuh Selatan,SUMATERA,Sumatera Barat,Kota Payakumbuh,100.63,-0.25,123,99.0426
13770101a,Pariaman,SUMATERA,Sumatera Barat,Kota Pariaman,100.13,-0.6,202.4,113.6577
14010101a,SMPK Bangkinang,SUMATERA,Riau,Kab. Kampar,101.0333,0.3333,147.5,137.1002
14010201a,Kampar,SUMATERA,Riau,Kab. Kampar,101.0898,0.35058,74,137.1002
14010301a,Staklim Kampar,SUMATERA,Riau,Kab. Kampar,101.258,0.4022,182.8,63.9529
14010401a,Koto Kampar Hulu,SUMATERA,Riau,Kab. Kampar,100.6069,0.3025,40,64.3825
14010403a,XIII Koto Kampar,SUMATERA,Riau,Kab. Kampar,100.735,0.31731,106,71.9868
14010501a,Kuok,SUMATERA,Riau,Kab. Kampar,100.9267,0.30997,52,106.8684
14010601a,Siak Hulu,SUMATERA,Riau,Kab. Kampar,101.5302,0.3978,186,65.48
14010701a,Kampar Kiri,SUMATERA,Riau,Kab. Kampar,101.2047,0.0474,145,160.6214
14010801a,Kampar Kiri Hilir,SUMATERA,Riau,Kab. Kampar,101.385,0.24153,42,131.7823
14011001a,Tapung,SUMATERA,Riau,Kab. Kampar,101.15,0.4667,42,82.5713
14011201a,Tapung Hulu,SUMATERA,Riau,Kab. Kampar,100.9092,0.64183,55,52.0863
14011301a,Salo,SUMATERA,Riau,Kab. Kampar,100.9797,0.3291,52.9,106.8684
14011401a,Rumbio Jaya,SUMATERA,Riau,Kab. Kampar,101.1584,0.37347,139,122.648
14011501a,Bangkinang,SUMATERA,Riau,Kab. Kampar,101.0272,0.3647,212,137.1002
14011601a,Perhentian Raja,SUMATERA,Riau,Kab. Kampar,101.4073,0.28291,126.5,125.3732
14011701a,Kampa,SUMATERA,Riau,Kab. Kampar,101.1809,0.35472,97.5,122.648
14011801a,Kampar Utara,SUMATERA,Riau,Kab. Kampar,101.0906,0.39058,114,137.1002
14011901a,Kampar Kiri Tengah,SUMATERA,Riau,Kab. Kampar,101.3269,0.18581,100,133.8292
14012001a,Gunung Sahilan,SUMATERA,Riau,Kab. Kampar,101.2903,0.08444,100,160.6214
14020101a,Rengat,SUMATERA,Riau,Kab. Indragiri Hulu,102.5425,-0.38576,15,87.4282
14020501a,Peranap,SUMATERA,Riau,Kab. Indragiri Hulu,101.95,-0.52,55,47.7002
14020602a,Siberida,SUMATERA,Riau,Kab. Indragiri Hulu,102.44,-0.54,55.5,80.6281
14020702a,Batang Cenaku,SUMATERA,Riau,Kab. Indragiri Hulu,102.2684,-0.68094,169,40.0165
14020801a,Batang Gansal,SUMATERA,Riau,Kab. Indragiri Hulu,102.5125,-0.72833,22,107.5269
14020902a,Stasiun Meteorologi Indragiri Hulu,SUMATERA,Riau,Kab. Indragiri Hulu,102.33,-0.35,185.9,96.8893
14021001a,Kuala Cenaku,SUMATERA,Riau,Kab. Indragiri Hulu,102.6643,-0.15381,67,93.6363
14021101a,Sungai Lala,SUMATERA,Riau,Kab. Indragiri Hulu,102.22,-0.4,129,73.8566
14021301a,Rakit Kulim,SUMATERA,Riau,Kab. Indragiri Hulu,102.1994,-0.55606,121,31.6515
14030101a,Selat Baru,SUMATERA,Riau,Kab. Bengkalis,102.22,1.53,56,102.606
14030202a,Bantan,SUMATERA,Riau,Kab. Bengkalis,102.15,1.5,197,97.9052
14030303a,Bukit Batu,SUMATERA,Riau,Kab. Bengkalis,102.1511,1.3598,3,72.6133
14030901a,Mandau,SUMATERA,Riau,Kab. Bengkalis,101.19,1.28,28,93.2493
14031001a,Rupat,SUMATERA,Riau,Kab. Bengkalis,101.53,1.72,148,139.219
14031101a,Rupat Utara,SUMATERA,Riau,Kab. Bengkalis,101.65,2.1,37,106.4485
14031201a,Siak Kecil,SUMATERA,Riau,Kab. Bengkalis,102.14,1.22,67,47.4473
14031301a,Pinggir,SUMATERA,Riau,Kab. Bengkalis,101.27,1.17,82,52.1977
14040101a,Reteh,SUMATERA,Riau,Kab. Indragiri Hilir,103.2,-0.69,75,24.8842
14040201a,Enok,SUMATERA,Riau,Kab. Indragiri Hilir,103.2,-0.5333,173,31.5632
14040301a,Kuala Indragiri,SUMATERA,Riau,Kab. Indragiri Hilir,103.4319,-0.27878,101,30.7799
14040402a,Tembilahan,SUMATERA,Riau,Kab. Indragiri Hilir,103.18,-0.31,82,21.6194
14040601a,Gaung Anak Serka,SUMATERA,Riau,Kab. Indragiri Hilir,103.07,-0.2,149,15.6806
14040701a,Mandah,SUMATERA,Riau,Kab. Indragiri Hilir,103.5,0.02,91,14.4361
14040801a,Kateman,SUMATERA,Riau,Kab. Indragiri Hilir,103.6159,0.29491,68,20.4816
14040901a,Keritang,SUMATERA,Riau,Kab. Indragiri Hilir,103.0176,-0.69228,162,29.3459
14041102a,Batang Tuaka,SUMATERA,Riau,Kab. Indragiri Hilir,103.1004,-0.21973,75,16.5386
14041103a,Metro,SUMATERA,Riau,Kab. Indragiri Hilir,103.2134,-0.68981,86,30.2662
14041201a,Gaung ,SUMATERA,Riau,Kab. Indragiri Hilir,102.9032,-0.03708,21,57.1282
14041202a,Kuala Lahang,SUMATERA,Riau,Kab. Indragiri Hilir,103.34,-0.1,21,15.0458
14041301a,Tembilahan Hulu,SUMATERA,Riau,Kab. Indragiri Hilir,103.0934,-0.37304,16,26.7092
14041401a,Kemuning,SUMATERA,Riau,Kab. Indragiri Hilir,102.77,-0.91,150,23.7072
14041501a,Pelangiran,SUMATERA,Riau,Kab. Indragiri Hilir,103.3962,0.22385,101.5,29.3619
14041601a,Teluk Belengkong,SUMATERA,Riau,Kab. Indragiri Hilir,103.3262,0.29241,35,29.3619
14041701a,Pulau Burung,SUMATERA,Riau,Kab. Indragiri Hilir,103.5719,0.42795,46,16.9847
14041901a,Kempas,SUMATERA,Riau,Kab. Indragiri Hilir,102.82,-0.54,86,33.6776
14042001a,Benteng Utara,SUMATERA,Riau,Kab. Indragiri Hilir,103.2293,-0.61723,85.5,30.2662
14042002a,Sungai Batang,SUMATERA,Riau,Kab. Indragiri Hilir,103.23,-0.64,11,30.2662
14050101a,Ukui,SUMATERA,Riau,Kab. Pelalawan,101.9441,-0.22607,217,179.6143
14050201a,Pangkalan Kerinci,SUMATERA,Riau,Kab. Pelalawan,101.8905,0.43603,49,82.0132
14050202a,UPTD Plasma Nutfah,SUMATERA,Riau,Kab. Pelalawan,101.822,0.37791,58,78.4329
14050301a,Pangkalan Kuras,SUMATERA,Riau,Kab. Pelalawan,102.0648,0.14482,14,232.3063
14050501a,Langgam,SUMATERA,Riau,Kab. Pelalawan,101.7102,0.23609,54,52.0452
14050602a,Pelalawan,SUMATERA,Riau,Kab. Pelalawan,101.9693,0.3945,96,133.6106
14050701a,Kerumutan,SUMATERA,Riau,Kab. Pelalawan,102.3966,-0.02188,82,138.7447
14050801a,Bunut,SUMATERA,Riau,Kab. Pelalawan,102.1131,0.20838,82,273.504
14050901a,Teluk Meranti,SUMATERA,Riau,Kab. Pelalawan,102.5615,0.14859,112,164.3981
14051001a,Kuala Kampar,SUMATERA,Riau,Kab. Pelalawan,103.2675,0.5311,50,63.6332
14051201a,Bandar Petalangan,SUMATERA,Riau,Kab. Pelalawan,102.1132,0.1047,47.5,234.6265
14060101a,Ujung Batu,SUMATERA,Riau,Kab. Rokan Hulu,100.5558,0.69516,79,41.1522
14060202a,Rokan IV Koto,SUMATERA,Riau,Kab. Rokan Hulu,100.427,0.57117,21.5,47.2748
14060302a,SMPK Pasir Pangaraian,SUMATERA,Riau,Kab. Rokan Hulu,100.3406,0.84252,103,27.8294
14060402a,Tambusai,SUMATERA,Riau,Kab. Rokan Hulu,100.2619,1.0563,31,26.4165
14060601a,Kunto Darussalam,SUMATERA,Riau,Kab. Rokan Hulu,100.7652,0.90688,48,50.7572
14060701a,Rambah Samo,SUMATERA,Riau,Kab. Rokan Hulu,100.4167,0.84214,144,39.2124
14061001a,Bangun Purba,SUMATERA,Riau,Kab. Rokan Hulu,100.2289,0.88498,151,26.5216
14061101a,Tandun,SUMATERA,Riau,Kab. Rokan Hulu,100.598,0.58158,104,51.9212
14070101a,Kubu,SUMATERA,Riau,Kab. Rokan Hilir,100.6457,2.0877,37,145.0197
14070102a,Tanjung Medan,SUMATERA,Riau,Kab. Rokan Hilir,100.5635,1.4356,38,60.1247
14070201a,Dinas Pertanian Kab. Rokan Hilir,SUMATERA,Riau,Kab. Rokan Hilir,100.823,2.1045,26.5,177.1984
14070202a,Bangko,SUMATERA,Riau,Kab. Rokan Hilir,100.8072,2.1481,25,177.1984
14070203a,Bagan Sinembah Raya,SUMATERA,Riau,Kab. Rokan Hilir,100.4199,1.765,24,75.5615
14070302a,Tanah Putih,SUMATERA,Riau,Kab. Rokan Hilir,100.9833,1.5836,64,113.7145
14070303a,Ujung Tanjung,SUMATERA,Riau,Kab. Rokan Hilir,101.0315,1.6278,184,148.0892
14070401a,UPTD Rimba Melintang,SUMATERA,Riau,Kab. Rokan Hilir,100.9789,1.8456,122.5,111.5276
14070402a,BBU Rimba Melintang,SUMATERA,Riau,Kab. Rokan Hilir,101.0207,1.7696,120,159.8975
14070501a,Bagan Sinembah,SUMATERA,Riau,Kab. Rokan Hilir,100.5303,1.6795,27.5,77.0659
14070601a,Panipahan Darat,SUMATERA,Riau,Kab. Rokan Hilir,100.3135,2.4543,13,98.9805
14070701a,Sinaboi,SUMATERA,Riau,Kab. Rokan Hilir,100.9564,2.2094,19,118.5467
14070801a,Pujud,SUMATERA,Riau,Kab. Rokan Hilir,100.6469,1.4347,91,73.9214
14070901a,Balai Jaya,SUMATERA,Riau,Kab. Rokan Hilir,100.5435,1.6921,53,77.0659
14070902a,Tanah Putih Tanjung Melawan,SUMATERA,Riau,Kab. Rokan Hilir,101.0454,1.6786,74.5,148.0892
14071101a,Simpang Kanan,SUMATERA,Riau,Kab. Rokan Hilir,100.2991,1.8551,10,61.2176
14071301a,Rantau Kopar,SUMATERA,Riau,Kab. Rokan Hilir,101.0036,1.3725,68,96.7735
14071401a,Pekaitan,SUMATERA,Riau,Kab. Rokan Hilir,100.8676,1.9071,37,85.2471
14071501a,Kubu Babusalam,SUMATERA,Riau,Kab. Rokan Hilir,100.6479,2.0207,35.5,145.0197
14080102a,Siak Sri Indrapura,SUMATERA,Riau,Kab. Siak,102.0144,0.82418,80,90.5186
14080201a,Sungai Apit,SUMATERA,Riau,Kab. Siak,102.1488,1.1089,187.5,52.0864
14080301a,Minas,SUMATERA,Riau,Kab. Siak,101.4616,0.8333,45,46.0861
14080601a,Dayun,SUMATERA,Riau,Kab. Siak,102.0139,0.65532,120,122.5881
14080701a,Kerinci Kanan,SUMATERA,Riau,Kab. Siak,101.7921,0.51932,102,99.0566
14080801a,SMPK Bunga Raya,SUMATERA,Riau,Kab. Siak,102.0742,0.96079,123,68.6051
14080901a,Kota Gasib,SUMATERA,Riau,Kab. Siak,101.7518,0.71753,170,108.5818
14081001a,Kandis,SUMATERA,Riau,Kab. Siak,101.2358,0.91766,109,46.844
14081101a,Lubuk Dalam,SUMATERA,Riau,Kab. Siak,101.8078,0.61667,85,182.4485
14081201a,Sabak Auh,SUMATERA,Riau,Kab. Siak,102.1295,1.1463,94,52.0864
14081301a,Mempura,SUMATERA,Riau,Kab. Siak,102.0485,0.76833,114,138.3731
14081401a,Pusako,SUMATERA,Riau,Kab. Siak,102.1149,1.01,43.7,65.8875
14090103a,BPP Kuantan Mudik,SUMATERA,Riau,Kab. Kuantan Singingi,101.4583,-0.6669,23,73.9162
14090201a,Kuantan Tengah,SUMATERA,Riau,Kab. Kuantan Singingi,101.5905,-0.55,114,52.6914
14090401a,Kuantan Hilir,SUMATERA,Riau,Kab. Kuantan Singingi,101.751,-0.42984,57,71.5309
14090501a,Cerenti,SUMATERA,Riau,Kab. Kuantan Singingi,101.8662,-0.49748,125,148.7035
14090601a,Benai,SUMATERA,Riau,Kab. Kuantan Singingi,101.6165,-0.48646,47,65.9856
14090701a,Gunung Toar,SUMATERA,Riau,Kab. Kuantan Singingi,101.5012,-0.59188,60.5,52.6914
14090801a,Singingi Hilir,SUMATERA,Riau,Kab. Kuantan Singingi,101.4189,-0.26535,64,85.2661
14090901a,Pangean,SUMATERA,Riau,Kab. Kuantan Singingi,101.6846,-0.41282,59,65.9856
14091001a,Logas Tanah Darat,SUMATERA,Riau,Kab. Kuantan Singingi,101.5953,-0.2623,92,75.8528
14091101a,Inuman,SUMATERA,Riau,Kab. Kuantan Singingi,101.8005,-0.45593,82,148.7035
14091201a,Hulu Kuantan,SUMATERA,Riau,Kab. Kuantan Singingi,101.3534,-0.57749,41,83.4034
14091301a,Kuantan Hilir Seberang,SUMATERA,Riau,Kab. Kuantan Singingi,101.809,-0.608,51,53.5116
14091401a,Sentajo Raya,SUMATERA,Riau,Kab. Kuantan Singingi,101.6061,-0.48934,52,65.9856
14100101a,Tebing Tinggi,SUMATERA,Riau,Kab. Kepulauan Meranti,102.7159,1.0079,122,61.481
14100201a,Rangsang Barat,SUMATERA,Riau,Kab. Kepulauan Meranti,102.6514,1.0279,33,70.4256
14100301a,Rangsang,SUMATERA,Riau,Kab. Kepulauan Meranti,103.0916,0.84,83,21.8033
14100401a,Tebing Tinggi Barat,SUMATERA,Riau,Kab. Kepulauan Meranti,102.5679,0.89147,43.5,83.5609
14100601a,Pulau Merbau,SUMATERA,Riau,Kab. Kepulauan Meranti,102.546,1.067,56,73.5082
14100701a,Tebing Tinggi Timur,SUMATERA,Riau,Kab. Kepulauan Meranti,103.0059,0.84477,114.5,21.8033
14100901a,Rangsang Pesisir,SUMATERA,Riau,Kab. Kepulauan Meranti,102.7519,1.0936,223.5,61.481
14720101a,Dumai Barat,SUMATERA,Riau,Kota Dumai,101.3985,1.6984,52,187.3174
14720201a,Dumai Timur,SUMATERA,Riau,Kota Dumai,101.4599,1.6676,89,199.4762
14720202a,Bandara Pinang Kampai,SUMATERA,Riau,Kota Dumai,101.4328,1.6098,38,199.4762
14720301a,Bukit Kapur,SUMATERA,Riau,Kota Dumai,101.4059,1.596,82,178.1439
14720401a,Sungai Sembilan,SUMATERA,Riau,Kota Dumai,101.3028,1.8328,95,108.6327
14720501a,Medang Kampai,SUMATERA,Riau,Kota Dumai,101.5898,1.5997,117.3,171.4827
15010101a,Gunung Raya,SUMATERA,Jambi,Kab. Kerinci,101.54,-2.293,139,43.6536
15010201a,Danau Kerinci,SUMATERA,Jambi,Kab. Kerinci,101.64,-2.03,205,50.0248
15010402a,Sitinjau Laut,SUMATERA,Jambi,Kab. Kerinci,101.495,-2.071,146.6,48.4469
15010501a,Air Hangat,SUMATERA,Jambi,Kab. Kerinci,101.41,-1.98,118.5,48.5499
15010601a,Gunung Kerinci,SUMATERA,Jambi,Kab. Kerinci,101.295,-1.882,304,50.6925
15010701a,Batang Merangin,SUMATERA,Jambi,Kab. Kerinci,101.72,-2.143,133,63.0799
15010702a,Batang Merangin 2,SUMATERA,Jambi,Kab. Kerinci,101.4048,-2.1337,195,40.2173
15010802a,Keliling Danau,SUMATERA,Jambi,Kab. Kerinci,101.468,-2.204,100.5,42.0839
15010901a,Kayu Aro,SUMATERA,Jambi,Kab. Kerinci,101.2933,-1.7733,116.5,53.148
15011101a,Air Hangat Timur,SUMATERA,Jambi,Kab. Kerinci,101.477,-1.94,54.5,48.5499
15011103a,Sungai Tutung,SUMATERA,Jambi,Kab. Kerinci,101.49,-1.96,121,48.5499
15011501a,Gunung Tujuh,SUMATERA,Jambi,Kab. Kerinci,101.305,-1.744,138,62.8329
15011601a,Siulak,SUMATERA,Jambi,Kab. Kerinci,101.315,-1.915,139,50.8071
15011701a,Depati VII,SUMATERA,Jambi,Kab. Kerinci,101.432,-2.024,89.5,48.4469
15011801a,Siulak Mukai,SUMATERA,Jambi,Kab. Kerinci,101.3781,-1.9161,124,50.8071
15011901a,Kayu Aro Barat,SUMATERA,Jambi,Kab. Kerinci,101.266,-1.796,64.5,53.148
15012003a,Bukit Kerman,SUMATERA,Jambi,Kab. Kerinci,101.526,-2.262,107.5,43.6536
15020201a,Bangko,SUMATERA,Jambi,Kab. Merangin,102.276,-2.076,137.5,86.1221
15020301a,Muara Siau,SUMATERA,Jambi,Kab. Merangin,102.076,-2.32,77,33.8838
15020401a,Sungai Manau,SUMATERA,Jambi,Kab. Merangin,101.975,-2.176,60,54.3989
15020502a,Tabir Dusun Baru,SUMATERA,Jambi,Kab. Merangin,102.292,-1.805,145.5,79.0249
15020601a,Pamenang 2,SUMATERA,Jambi,Kab. Merangin,102.493,-2.144,43,40.2758
15020701a,Tabir Ulu,SUMATERA,Jambi,Kab. Merangin,102.033,-1.957,115,62.6687
15020801a,Tabir Selatan,SUMATERA,Jambi,Kab. Merangin,102.466,-1.974,270,45.7947
15020901a,Lembah Masurai,SUMATERA,Jambi,Kab. Merangin,101.87,-2.269,125,59.4543
15021001a,Bangko Barat,SUMATERA,Jambi,Kab. Merangin,102.1351,-2.0712,93.6,81.8136
15021201a,Batang Masumai,SUMATERA,Jambi,Kab. Merangin,102.243,-2.09,50,86.1221
15021301a,Pamenang 1,SUMATERA,Jambi,Kab. Merangin,102.4,-2.11,130.5,51.449
15021302a,Pamenang Barat,SUMATERA,Jambi,Kab. Merangin,102.353,-2.069,166,70.6817
15021401a,Tabir Ilir,SUMATERA,Jambi,Kab. Merangin,102.381,-1.769,218.5,73.3747
15021601a,Renah Pembarap,SUMATERA,Jambi,Kab. Merangin,102.09,-2.21,86,50.8038
15021701a,Pangkalan Jambu,SUMATERA,Jambi,Kab. Merangin,101.5526,-2.0815,134,48.0914
15021802a,Jangkat,SUMATERA,Jambi,Kab. Merangin,101.736,-2.484,101,43.345
15021901a,Renah Pamenang,SUMATERA,Jambi,Kab. Merangin,102.3849,-2.146,131,51.449
15022001a,Pamenang Selatan,SUMATERA,Jambi,Kab. Merangin,102.371,-2.177,121.5,51.449
15022101a,Margo Tabir,SUMATERA,Jambi,Kab. Merangin,102.357,-1.88,164,86.7856
15022301a,Tabir Barat,SUMATERA,Jambi,Kab. Merangin,102.0125,-1.5542,99.2,50.1967
15030101a,Batang Asai,SUMATERA,Jambi,Kab. Sarolangun,102.21,-2.52,70,34.8253
15030201a,Limun,SUMATERA,Jambi,Kab. Sarolangun,102.502,-2.619,114,61.1877
15030301a,Sarolangun,SUMATERA,Jambi,Kab. Sarolangun,102.7303,-2.3071,80.5,63.1583
15030401a,Pauh,SUMATERA,Jambi,Kab. Sarolangun,102.817,-2.186,87,66.2298
15030501a,Pelawan,SUMATERA,Jambi,Kab. Sarolangun,102.655,-2.436,159.5,61.7214
15030601a,Mandiangin,SUMATERA,Jambi,Kab. Sarolangun,102.932,-2.114,66.5,62.1235
15030701a,Air Hitam,SUMATERA,Jambi,Kab. Sarolangun,102.74,-2.08,196,44.9146
15030801a,Batin VIII,SUMATERA,Jambi,Kab. Sarolangun,102.584,-2.19,146.5,42.3007
15030802a,Bathin VIII 2,SUMATERA,Jambi,Kab. Sarolangun,102.6003,-2.2812,89.5,55.2503
15030901a,Singkut,SUMATERA,Jambi,Kab. Sarolangun,102.562,-2.493,11,52.8865
15031001a,Cermin Nan Gedang,SUMATERA,Jambi,Kab. Sarolangun,102.464,-2.316,80,32.9656
15040101a,Mersam,SUMATERA,Jambi,Kab. Batanghari,102.9929,-1.6588,31,132.7828
15040201a,Muara Tambesi,SUMATERA,Jambi,Kab. Batanghari,103.14,-1.76,30.5,49.6694
15040202a,Muara Tembesi 2,SUMATERA,Jambi,Kab. Batanghari,103.0321,-1.4052,62,29.2503
15040301a,Muara Bulian,SUMATERA,Jambi,Kab. Batanghari,103.2808,-1.7167,57.5,47.0179
15040302a,Muara Bulian 2,SUMATERA,Jambi,Kab. Batanghari,103.113,-1.4006,70.5,36.3353
15040302f,SMPK Muara Bulian,SUMATERA,Jambi,Kab. Batanghari,103.26,-1.73,73.5,47.0179
15040303a,Muara Bulian 3,SUMATERA,Jambi,Kab. Batanghari,103.2803,-1.7368,109.5,47.0179
15040401a,Batin XXIV,SUMATERA,Jambi,Kab. Batanghari,103.045,-1.87,70,63.6692
15040501a,Pemayung,SUMATERA,Jambi,Kab. Batanghari,103.44,-1.69,144.5,53.5769
15040601a,Maro Sebo Ulu,SUMATERA,Jambi,Kab. Batanghari,102.835,-1.536,58,66.885
15040701a,Bajubang,SUMATERA,Jambi,Kab. Batanghari,103.35,-1.73,186,57.6225
15040801a,Maro Sebo Ilir,SUMATERA,Jambi,Kab. Batanghari,103.17,-1.66,34.5,39.5015
15050101a,Staklim Jambi,SUMATERA,Jambi,Kab. Muaro Jambi,103.5114,-1.6018,155.3,68.6779
15050102a,Jambi Luar Kota,SUMATERA,Jambi,Kab. Muaro Jambi,103.3459,-1.3455,122,57.2246
15050201a,Sekernan 2,SUMATERA,Jambi,Kab. Muaro Jambi,103.5058,-1.4649,83,66.2016
15050202a,Sekernan,SUMATERA,Jambi,Kab. Muaro Jambi,103.5834,-1.454,89,66.2016
15050301a,Kumpeh,SUMATERA,Jambi,Kab. Muaro Jambi,103.921,-1.618,89,85.937
15050401a,Maro Sebo,SUMATERA,Jambi,Kab. Muaro Jambi,103.64,-1.4899,86,65.0811
15050502a,Mestong,SUMATERA,Jambi,Kab. Muaro Jambi,103.521,-1.784,153,88.5184
15050601a,Kumpeh Ulu,SUMATERA,Jambi,Kab. Muaro Jambi,103.74,-1.59,108,65.7453
15050701a,Sungai Bahar Unit V,SUMATERA,Jambi,Kab. Muaro Jambi,103.429,-1.974,107,91.0378
15050801a,Sungai Gelam,SUMATERA,Jambi,Kab. Muaro Jambi,103.5764,-1.7759,77,88.5184
15050902a,Bunut/Bahar Utara,SUMATERA,Jambi,Kab. Muaro Jambi,103.4743,-1.9837,136,91.0378
15050903a,Sungai Bahar Unit IV,SUMATERA,Jambi,Kab. Muaro Jambi,103.487,-1.851,69.8,78.0391
15051101a,Taman Rajo,SUMATERA,Jambi,Kab. Muaro Jambi,103.685,-1.049,88.5,45.0312
15060201a,Tungkal Ilir,SUMATERA,Jambi,Kab. Tanjung Jabung Barat,103.538,-0.859,44.5,101.6499
15060301a,Pengabuan,SUMATERA,Jambi,Kab. Tanjung Jabung Barat,103.1231,-1.005,118,65.2943
15060401a,Betara,SUMATERA,Jambi,Kab. Tanjung Jabung Barat,103.0892,-1.15,25,73.4303
15060801a,Renah Mendaluh,SUMATERA,Jambi,Kab. Tanjung Jabung Barat,102.44,-1.24,89,65.6546
15061001a,Seberang Kota,SUMATERA,Jambi,Kab. Tanjung Jabung Barat,103.2131,-0.83198,44,49.5299
15061201a,Kuala Betara,SUMATERA,Jambi,Kab. Tanjung Jabung Barat,103.3002,-1.0052,66,50.6884
15061301a,Senyerang,SUMATERA,Jambi,Kab. Tanjung Jabung Barat,103.17,-0.92,31,72.9474
15070101a,Muara Sabak Timur,SUMATERA,Jambi,Kab. Tanjung Jabung Timur,103.8403,-1.1736,44,63.5908
15070301a,Mendahara,SUMATERA,Jambi,Kab. Tanjung Jabung Timur,103.7653,-1.0991,71,62.8078
15070401a,Rantau Rasau,SUMATERA,Jambi,Kab. Tanjung Jabung Timur,103.5092,-1.0991,65,55.8074
15070501a,Sadu,SUMATERA,Jambi,Kab. Tanjung Jabung Timur,104.42,-1.35,103,150.5322
15070601a,Dendang,SUMATERA,Jambi,Kab. Tanjung Jabung Timur,104,-1.26,69,109.4178
15070701a,Muara Sabak Barat,SUMATERA,Jambi,Kab. Tanjung Jabung Timur,103.7591,-1.2686,95,63.6352
15070702a,Muara Sabak Barat 2,SUMATERA,Jambi,Kab. Tanjung Jabung Timur,103.7981,-1.2245,18,63.6352
15070703a,Muara Sabak Barat 3,SUMATERA,Jambi,Kab. Tanjung Jabung Timur,103.8056,-1.4658,48,79.5108
15070801a,Kuala Jambi,SUMATERA,Jambi,Kab. Tanjung Jabung Timur,103.471,-1.0102,90,34.2806
15070901a,Mendahara Ulu,SUMATERA,Jambi,Kab. Tanjung Jabung Timur,103.3159,-1.0115,106,50.6884
15071001a,Geragai,SUMATERA,Jambi,Kab. Tanjung Jabung Timur,103.6806,-1.3236,53.5,59.1604
15071101a,Berbak,SUMATERA,Jambi,Kab. Tanjung Jabung Timur,104.1249,-1.2609,73,124.9775
15080302a,Muara Bungo,SUMATERA,Jambi,Kab. Bungo,102.1264,-1.5,137,51.3851
15080303a,Pasar Muaro Bungo,SUMATERA,Jambi,Kab. Bungo,102.13,-1.5,121,51.3851
15080401a,Jujuhan,SUMATERA,Jambi,Kab. Bungo,101.7756,-1.3103,127,60.8035
15080501a,Tanah Sepenggal,SUMATERA,Jambi,Kab. Bungo,102.045,-1.4333,159.5,49.489
15080601a,Pelepat,SUMATERA,Jambi,Kab. Bungo,102.3119,-1.7013,109,73.3747
15080602a,Pelepat 2,SUMATERA,Jambi,Kab. Bungo,102.0845,-1.421,95,49.489
15080701a,Limbur Lubuk Mengkuang,SUMATERA,Jambi,Kab. Bungo,101.6,-1.59,196,99.9827
15080801a,Muko-muko,SUMATERA,Jambi,Kab. Bungo,102.0102,-1.3446,165,37.1601
15080901a,Pelepat Ilir,SUMATERA,Jambi,Kab. Bungo,102.2054,-1.3746,87,53.2304
15081001a,Babeko,SUMATERA,Jambi,Kab. Bungo,102.1521,-1.2906,123.5,29.7074
15081201a,Bungo Dani,SUMATERA,Jambi,Kab. Bungo,102.087,-1.51,24,50.1967
15081301a,Rimbo Tengah,SUMATERA,Jambi,Kab. Bungo,102.07,-1.31,129.5,37.1601
15081401a,Bathin III Ulu,SUMATERA,Jambi,Kab. Bungo,102.3092,-1.4031,87,121.8732
15081402a,Bathin III Ulu 2,SUMATERA,Jambi,Kab. Bungo,101.8523,-1.6688,99,87.2064
15081501a,Pelayang,SUMATERA,Jambi,Kab. Bungo,101.729,-1.551,141.5,117.0117
15081601a,Jujuhan Ilir,SUMATERA,Jambi,Kab. Bungo,101.9112,-1.1971,155.5,15.8086
15081701a,Tanah Sepenggal Lintas,SUMATERA,Jambi,Kab. Bungo,101.93,-1.403,176,69.7509
15090101a,Tebo Tengah,SUMATERA,Jambi,Kab. Tebo,102.3598,-1.4648,79,121.8732
15090102a,Tebo tengah 2,SUMATERA,Jambi,Kab. Tebo,102.359,-1.468,130,121.8732
15090201a,Tebo Illir,SUMATERA,Jambi,Kab. Tebo,102.6968,-1.5358,66,60.1199
15090401a,Rimbo Bujang,SUMATERA,Jambi,Kab. Tebo,102.1145,-1.4824,105,52.7725
15090501a,Sumay,SUMATERA,Jambi,Kab. Tebo,102.2383,-1.2394,20.8,36.6949
15090601a,Tujuh Koto,SUMATERA,Jambi,Kab. Tebo,102.105,-1.1654,148.5,19.7391
15090701a,Rimbo Ulu,SUMATERA,Jambi,Kab. Tebo,102.1565,-1.1778,113,19.7391
15090801a,Rimbo Ilir,SUMATERA,Jambi,Kab. Tebo,102.0273,-1.2996,200,26.7421
15090901a,Tengah Ilir,SUMATERA,Jambi,Kab. Tebo,102.6585,-1.4827,77.5,50.8425
15091001a,Serai Serumpun,SUMATERA,Jambi,Kab. Tebo,102.2412,-1.4494,111,83.1623
15091101a,Tujuh Koto Ilir,SUMATERA,Jambi,Kab. Tebo,102.1414,-1.2561,131.5,29.7074
15091201a,Muara Tabir,SUMATERA,Jambi,Kab. Tebo,102.5758,-1.6567,171.6,55.2214
15710101a,Telanaipura,SUMATERA,Jambi,Kota Jambi,103.5856,-1.62,136.1,68.6779
15710501a,Pelayangan,SUMATERA,Jambi,Kota Jambi,103.3648,-1.6344,199,54.4132
15710601a,Danau Teluk,SUMATERA,Jambi,Kota Jambi,103.5774,-1.5692,124.5,54.1366
15710701a,Kota Baru,SUMATERA,Jambi,Kota Jambi,103.5508,-1.6344,81,68.6779
15710801a,Jelutung,SUMATERA,Jambi,Kota Jambi,103.609,-1.604,139.5,76.9044
15710901a,Alam Barajo,SUMATERA,Jambi,Kota Jambi,103.567,-1.6449,128,68.6779
15720101a,Sungai Penuh,SUMATERA,Jambi,Kota Sungai Penuh,101.3917,-2.0913,106,44.9118
15720102a,Sungai Penuh 2,SUMATERA,Jambi,Kota Sungai Penuh,101.3869,-2.0668,128,44.9118
15720201a,Pesisir Bukit,SUMATERA,Jambi,Kota Sungai Penuh,101.3715,-2.0383,106,44.9118
15720301a,Hamparan Rawang,SUMATERA,Jambi,Kota Sungai Penuh,101.2426,-2.0236,106,50.6005
15720401a,Tanah Kampung,SUMATERA,Jambi,Kota Sungai Penuh,101.2609,-2.0426,95,50.6005
15720501a,Kumun Debai,SUMATERA,Jambi,Kota Sungai Penuh,101.2502,-2.0532,78,50.6005
15720502a,Kumun Debai 2,SUMATERA,Jambi,Kota Sungai Penuh,101.4006,-2.1614,130,40.2173
16010801a,Pengandonan,SUMATERA,Sumatera Selatan,Kab. Ogan Komering Ulu,103.8749,-4.4516,67,48.9683
16010901a,Peninjauan,SUMATERA,Sumatera Selatan,Kab. Ogan Komering Ulu,104.3889,-3.8649,75.9,42.417
16012101a,Eks SMPK Raksajiwa,SUMATERA,Sumatera Selatan,Kab. Ogan Komering Ulu,103.9939,-4.073,75.5,83.085
16012201a,Lubuk Batang,SUMATERA,Sumatera Selatan,Kab. Ogan Komering Ulu,104.2,-4.01,73,79.5877
16020502a,Eks SMPK Celikah,SUMATERA,Sumatera Selatan,Kab. Ogan Komering Ilir,104.8214,-3.3697,49,42.7773
16020801a,SP. Padang 1,SUMATERA,Sumatera Selatan,Kab. Ogan Komering Ilir,104.8578,-3.2909,46,67.7824
16021201a,Pampangan,SUMATERA,Sumatera Selatan,Kab. Ogan Komering Ilir,105.0124,-3.209,56.5,41.4128
16021301a,Lempuing Induk,SUMATERA,Sumatera Selatan,Kab. Ogan Komering Ilir,104.8839,-3.8947,145,34.5631
16021701a,Jejawi,SUMATERA,Sumatera Selatan,Kab. Ogan Komering Ilir,104.8608,-3.2608,57,67.7824
16021902a,Pangkalan Lampam,SUMATERA,Sumatera Selatan,Kab. Ogan Komering Ilir,105.1807,-3.1736,22,45.5566
16030201a,Muara Enim 1,SUMATERA,Sumatera Selatan,Kab. Muara Enim,103.7725,-3.6673,65.5,38.2078
16030303a,Rambang Dangku 2,SUMATERA,Sumatera Selatan,Kab. Muara Enim,104.0513,-3.4566,71,27.8654
16030401a,Cinta Kasih,SUMATERA,Sumatera Selatan,Kab. Muara Enim,103.8401,-3.4636,71,30.2559
16030501a,Pendopo,SUMATERA,Sumatera Selatan,Kab. Muara Enim,103.8419,-3.2806,73,56.3737
16030601a,Gelumbang,SUMATERA,Sumatera Selatan,Kab. Muara Enim,104.4291,-3.2545,75,61.456
16030602a,Lembak,SUMATERA,Sumatera Selatan,Kab. Muara Enim,104.35,-3.34,53,35.3345
16031101a,Ujan Mas,SUMATERA,Sumatera Selatan,Kab. Muara Enim,103.73,-3.54,106,24.1661
16031201a,Tanah Abang,SUMATERA,Sumatera Selatan,Kab. Penukal Abab Lematang I,104.09,-3.41,113.2,27.8654
16031402a,Lubai,SUMATERA,Sumatera Selatan,Kab. Muara Enim,104.17,-3.73,60.5,28.1678
16031501a,Rambang,SUMATERA,Sumatera Selatan,Kab. Muara Enim,104.1,-3.63,55.5,50.7832
16031601a,Sungai Rotan,SUMATERA,Sumatera Selatan,Kab. Muara Enim,104.3633,-3.1873,46,74.476
16032201a,Muara Belida,SUMATERA,Sumatera Selatan,Kab. Penukal Abab Lematang I,103.7061,-3.5251,48,24.1661
16032401a,Belida Darat,SUMATERA,Sumatera Selatan,Kab. Muara Enim,104.3828,-3.4666,43,31.7054
16040101a,Tanjung Sakti Pumu,SUMATERA,Sumatera Selatan,Kab. Lahat,103.01,-4.1,131,57.9499
16040601a,Jarai,SUMATERA,Sumatera Selatan,Kab. Lahat,103.1968,-3.9548,19.5,13.474
16040701a,Kota Agung,SUMATERA,Sumatera Selatan,Kab. Lahat,103.41,-4.1,81,59.4391
16041001a,Lahat,SUMATERA,Sumatera Selatan,Kab. Lahat,103.5558,-3.7632,70,36.7148
16041201a,Pajar Bulan,SUMATERA,Sumatera Selatan,Kab. Lahat,103.28,-3.96,28,16.6326
16041501a,Mulak Ulu,SUMATERA,Sumatera Selatan,Kab. Lahat,103.5,-4.03,80.5,55.3895
16041601a,Kikim Selatan,SUMATERA,Sumatera Selatan,Kab. Lahat,103.24,-3.73,175,21.5087
16041901a,Kikim Barat,SUMATERA,Sumatera Selatan,Kab. Lahat,103.1835,-3.6258,60,25.9426
16042201a,Pagar Gunung,SUMATERA,Sumatera Selatan,Kab. Lahat,103.57,-3.97,55.5,54.181
16042301a,Merapi Timur,SUMATERA,Sumatera Selatan,Kab. Lahat,103.73,-3.65,39,38.2078
16042401a,Tanjung Sakti Pumi,SUMATERA,Sumatera Selatan,Kab. Lahat,103.0847,-4.2306,69.5,92.2694
16042501a,Gumai Ulu,SUMATERA,Sumatera Selatan,Kab. Lahat,103.4501,-3.9238,70,41.5706
16042701a,Eks SMPK Tanjung Tebat,SUMATERA,Sumatera Selatan,Kab. Lahat,103.4616,-3.966,148,41.5706
16042801a,Muara Payang,SUMATERA,Sumatera Selatan,Kab. Lahat,103.149,-3.9053,57.5,13.474
16050101a,Eks SMPK Tegal Rejo_Tugumulyo,SUMATERA,Sumatera Selatan,Kab. Musi Rawas,102.9453,-3.1914,92,64.6656
16050301a,Muara Kelingi,SUMATERA,Sumatera Selatan,Kab. Musi Rawas,103.3072,-3.0854,78,54.3188
16050901a,Muara Beliti 1,SUMATERA,Sumatera Selatan,Kab. Musi Rawas,103.0118,-3.4164,68,28.9018
16051001a,Sumber Harta,SUMATERA,Sumatera Selatan,Kab. Musi Rawas,102.9411,-3.1043,124,64.6656
16051301a,Purwodadi,SUMATERA,Sumatera Selatan,Kab. Musi Rawas,102.96,-3.11,97,64.6656
16051701a,Karang Dapo,SUMATERA,Sumatera Selatan,Kab. Musi Rawas,103.0338,-2.7325,39,55.349
16060101a,Eks SMPK Sekayu,SUMATERA,Sumatera Selatan,Kab. Musi Banyuasin,103.8437,-2.8965,84.2,120.0468
16060201a,Lais,SUMATERA,Sumatera Selatan,Kab. Musi Banyuasin,104.1053,-2.8775,143,92.6832
16060301a,Sungai Keruh,SUMATERA,Sumatera Selatan,Kab. Musi Banyuasin,103.7617,-3.0753,48,94.9744
16060401a,Batanghari Leko,SUMATERA,Sumatera Selatan,Kab. Musi Banyuasin,103.48,-2.54,118,49.1488
16060501a,Sanga Desa,SUMATERA,Sumatera Selatan,Kab. Musi Banyuasin,103.4284,-2.7596,79,41.1567
16060601a,Kasmaran,SUMATERA,Sumatera Selatan,Kab. Musi Banyuasin,103.6645,-2.7654,114.5,65.8739
16060701a,Sri Gunung,SUMATERA,Sumatera Selatan,Kab. Musi Banyuasin,104.0562,-2.5271,91.8,53.8834
16060901a,Bayung Lencir,SUMATERA,Sumatera Selatan,Kab. Musi Banyuasin,103.6793,-2.0628,84.5,56.5567
16061001a,Plakat Tinggi,SUMATERA,Sumatera Selatan,Kab. Musi Banyuasin,103.6,-2.92,97.5,70.1424
16061201a,Tungkal Jaya,SUMATERA,Sumatera Selatan,Kab. Musi Banyuasin,103.8867,-2.2869,134,31.794
16061301a,Lawang Wetan,SUMATERA,Sumatera Selatan,Kab. Musi Banyuasin,103.7171,-2.8084,54,93.469
16061401a,Babat Supat,SUMATERA,Sumatera Selatan,Kab. Musi Banyuasin,104.0838,-2.7745,450,89.0849
16070501a,Betung,SUMATERA,Sumatera Selatan,Kab. Banyuasin,104.3865,-2.8521,58,83.5761
16070701a,Muara Padang,SUMATERA,Sumatera Selatan,Kab. Banyuasin,105.1319,-2.5976,76.5,72.123
16080201a,Kurungan Nyawa,SUMATERA,Sumatera Selatan,Kab. Oku Timur,104.4722,-4.2216,124,33.2825
16080301a,Eks SMPK Belitang,SUMATERA,Sumatera Selatan,Kab. Oku Timur,104.6483,-4.1056,63.5,31.3822
16080402a,Gunung Batu,SUMATERA,Sumatera Selatan,Kab. Oku Timur,105.1847,-3.0018,100,78.458
16100201a,Tanjung Batu,SUMATERA,Sumatera Selatan,Kab. Ogan Ilir,104.6218,-3.3448,41,55.2222
16100202a,Eks SMPK Cinta Manis,SUMATERA,Sumatera Selatan,Kab. Ogan Ilir,104.5417,-3.4724,61.5,49.3224
16100401a,Tanjung Seteko 1,SUMATERA,Sumatera Selatan,Kab. Ogan Ilir,104.6648,-3.2316,0,77.3926
16100402a,Eks SMPK Indralaya,SUMATERA,Sumatera Selatan,Kab. Ogan Ilir,104.6927,-3.1868,12,98.1979
16110701a,Pasma Air Keruh,SUMATERA,Sumatera Selatan,Kab. Empat Lawang,102.7611,-3.8506,63,55.3608
16120301a,Penukal,SUMATERA,Sumatera Selatan,Kab. Penukal Abab Lematang I,104.0686,-3.2222,14,56.4308
16710201a,Seberang Ulu I,SUMATERA,Sumatera Selatan,Kota Palembang,104.7669,-3.0237,12,105.3901
16711401a,Plaju,SUMATERA,Sumatera Selatan,Kota Palembang,104.8331,-2.9992,13,135.982
16711601a,Sekojo,SUMATERA,Sumatera Selatan,Kota Palembang,104.8101,-2.9493,94.5,135.982
16720201a,Gunung Dempo,SUMATERA,Sumatera Selatan,Kota Pagar Alam,103.1881,-4.0264,59,34.7068
16730104a,Lubuk Linggau,SUMATERA,Sumatera Selatan,Kota Lubuk Linggau,102.9161,-3.2728,22,85.6519
16740101a,Prabumulih 1,SUMATERA,Sumatera Selatan,Kota Prabumulih,104.2762,-3.377,75.5,42.2828
17010101a,Kedurang Ulu,SUMATERA,Bengkulu,Kab. Bengkulu Selatan,103.08,-4.4602,205,142.2184
17010201a,Seginim,SUMATERA,Bengkulu,Kab. Bengkulu Selatan,103.0061,-4.4549,223.5,142.2184
17010301a,Batu Bandung,SUMATERA,Bengkulu,Kab. Bengkulu Selatan,102.9558,-4.3605,189,174.6297
17010401a,Agrisinal,SUMATERA,Bengkulu,Kab. Bengkulu Selatan,102.9597,-4.4314,195,140.2136
17010501a,SMPK Manna,SUMATERA,Bengkulu,Kab. Bengkulu Selatan,102.9,-4.44,210,122.68
17010601a,Selali,SUMATERA,Bengkulu,Kab. Bengkulu Selatan,102.8198,-4.3629,121,130.8945
17010602a,Karang Cayo,SUMATERA,Bengkulu,Kab. Bengkulu Selatan,102.8867,-4.2771,163,183.2353
17010701a,Sulau,SUMATERA,Bengkulu,Kab. Bengkulu Selatan,103.0706,-4.5412,98.5,66.6454
17010801a,Air Nipis,SUMATERA,Bengkulu,Kab. Bengkulu Selatan,103.0581,-4.4094,147,142.2184
17010901a,Ulu Manna,SUMATERA,Bengkulu,Kab. Bengkulu Selatan,102.9811,-4.2689,244.5,157.4554
17011001a,Bunga Mas,SUMATERA,Bengkulu,Kab. Bengkulu Selatan,102.9753,-4.503,36,89.734
17020801a,Mojorejo,SUMATERA,Bengkulu,Kab. Rejang Lebong,102.6433,-3.4346,173,74.7494
17021001a,Air Pikat,SUMATERA,Bengkulu,Kab. Rejang Lebong,102.4558,-3.4311,251.5,110.1568
17021002a,PT. AgroTeh Bukit Daun,SUMATERA,Bengkulu,Kab. Rejang Lebong,102.4361,-3.3854,156,138.74
17021101a,Curup (BIPP) Ketahanan Pangan,SUMATERA,Bengkulu,Kab. Rejang Lebong,102.5266,-3.4896,178,75.1831
17021102a,Bukit Kaba,SUMATERA,Bengkulu,Kab. Rejang Lebong,102.6391,-3.4907,164.5,74.7494
17021901a,Curup DIPERTA TK II,SUMATERA,Bengkulu,Kab. Rejang Lebong,102.5224,-3.4734,189.1,75.1831
17021902a,Stiper Curup,SUMATERA,Bengkulu,Kab. Rejang Lebong,102.518,-3.28,157,56.0019
17022201a,Bengko,SUMATERA,Bengkulu,Kab. Rejang Lebong,102.6892,-3.5434,136,77.114
17022401e,Air Bening,SUMATERA,Bengkulu,Kab. Rejang Lebong,102.4403,-3.3608,246,138.74
17022402a,Pal 8,SUMATERA,Bengkulu,Kab. Rejang Lebong,102.4761,-3.3787,137,138.74
17030101a,Banjar Sari,SUMATERA,Bengkulu,Kab. Bengkulu Utara,102.1598,-5.2891,94,133.4086
17030102a,Kahyapu,SUMATERA,Bengkulu,Kab. Bengkulu Utara,102.3695,-5.4111,176.5,147.2439
17030103a,Malakoni,SUMATERA,Bengkulu,Kab. Bengkulu Utara,102.3119,-5.3689,123,155.2645
17030601a,Kerkap,SUMATERA,Bengkulu,Kab. Bengkulu Utara,102.2756,-3.528,139,123.2448
17030701a,Argamakmur,SUMATERA,Bengkulu,Kab. Bengkulu Utara,102.222,-3.3968,166,157.6874
17030704a,Kemumu,SUMATERA,Bengkulu,Kab. Bengkulu Utara,102.2708,-3.4319,330,140.5722
17030801a,Girimulyo,SUMATERA,Bengkulu,Kab. Bengkulu Utara,102.0814,-3.2507,141,164.0434
17030802a,Rena Jaya,SUMATERA,Bengkulu,Kab. Bengkulu Utara,102.0725,-3.2667,212.5,164.0434
17030901a,Kuro Tidur,SUMATERA,Bengkulu,Kab. Bengkulu Utara,102.1094,-3.2959,97.5,169.4548
17031001a,Jagobayo,SUMATERA,Bengkulu,Kab. Bengkulu Utara,102.0758,-3.5219,69,96.1311
17031101a,Ratu Samban,SUMATERA,Bengkulu,Kab. Bengkulu Utara,102.2703,-3.5029,130,123.2448
17031201a,PT.Julang Oca Permana,SUMATERA,Bengkulu,Kab. Bengkulu Utara,101.9906,-3.3039,101,157.0656
17031202a,Ketahun,SUMATERA,Bengkulu,Kab. Bengkulu Utara,101.8196,-3.3808,79,131.5862
17031203a,Pinang Raya,SUMATERA,Bengkulu,Kab. Bengkulu Utara,101.895,-3.3276,83,131.5862
17031301a,Gembong Raya,SUMATERA,Bengkulu,Kab. Bengkulu Utara,101.9697,-3.1769,156,164.5087
17031302a,Trans Lapindo,SUMATERA,Bengkulu,Kab. Bengkulu Utara,101.9033,-3.1893,53,164.5087
17031401a,Karang Pulau,SUMATERA,Bengkulu,Kab. Bengkulu Utara,101.7307,-3.2574,109.5,151.8611
17031403c,PT Air Muring,SUMATERA,Bengkulu,Kab. Bengkulu Utara,101.7049,-3.1905,65,175.8914
17031404a,Ciptomulyo,SUMATERA,Bengkulu,Kab. Bengkulu Utara,101.6941,-3.1728,141,174.5573
17031501a,Tanjung Agung Palik,SUMATERA,Bengkulu,Kab. Bengkulu Utara,102.1627,-3.5264,38,111.6319
17031601a,Air Napal,SUMATERA,Bengkulu,Kab. Bengkulu Utara,102.1505,-3.6021,99,89.2819
17031602a,Sawitindo,SUMATERA,Bengkulu,Kab. Bengkulu Utara,102.1489,-3.4192,71,147.7867
17031901a,Baturoto,SUMATERA,Bengkulu,Kab. Bengkulu Utara,102.3217,-3.4674,218,110.9087
17032001a,Air Padang,SUMATERA,Bengkulu,Kab. Bengkulu Utara,102.0866,-3.4599,89,127.0635
17032101a,Sumber Agung,SUMATERA,Bengkulu,Kab. Bengkulu Utara,102.235,-3.4706,428,140.5722
17040101a,Kinal,SUMATERA,Bengkulu,Kab. Kaur,103.2851,-4.6306,59,41.6147
17040501a,Kaur,SUMATERA,Bengkulu,Kab. Kaur,103.35,-4.7655,62.5,36.6796
17040601a,Kanpel Linau,SUMATERA,Bengkulu,Kab. Kaur,103.4156,-4.8427,62,31.5419
17040701a,Muara Nasal,SUMATERA,Bengkulu,Kab. Kaur,103.5097,-4.8678,60,30.6787
17040801a,Tanjung Harapan,SUMATERA,Bengkulu,Kab. Kaur,103.22,-4.6395,33,41.6147
17040901a,Tanjung Ganti,SUMATERA,Bengkulu,Kab. Kaur,103.4176,-4.7893,236,39.9843
17041001a,Luas,SUMATERA,Bengkulu,Kab. Kaur,103.3194,-4.6647,34,36.3647
17041201a,Muara Tetap,SUMATERA,Bengkulu,Kab. Kaur,103.323,-4.7616,62,36.6796
17041501a,Padang Guci Hulu,SUMATERA,Bengkulu,Kab. Kaur,103.2622,-4.4875,108,83.1672
17050101a,Sukaraja,SUMATERA,Bengkulu,Kab. Seluma,102.4158,-3.9181,84,80.1441
17050103a,Riak Siabun,SUMATERA,Bengkulu,Kab. Seluma,102.3,-3.96,44,111.4985
17050201a,Talang Dantuk,SUMATERA,Bengkulu,Kab. Seluma,102.5489,-3.9386,80,96.1742
17050301a,Masmambang,SUMATERA,Bengkulu,Kab. Seluma,102.7027,-4.1695,31,118.0013
17050501a,Kembang Mumpo,SUMATERA,Bengkulu,Kab. Seluma,102.7573,-4.3098,86,147.5167
17050601a,Air Periukan,SUMATERA,Bengkulu,Kab. Seluma,102.4236,-4.0185,32,112.7598
17050701a,Napal Jungur - Lubuk Sandi,SUMATERA,Bengkulu,Kab. Seluma,102.505,-3.96,63,96.1742
17050801a,Sandabi a,SUMATERA,Bengkulu,Kab. Seluma,102.49,-4.05,74.5,112.7598
17050802a,Sandabi B,SUMATERA,Bengkulu,Kab. Seluma,102.49,-4.03,52.5,112.7598
17050803a,Sandabi C,SUMATERA,Bengkulu,Kab. Seluma,102.51,-4.03,53,123.864
17051101a,Rimbo Kedui,SUMATERA,Bengkulu,Kab. Seluma,102.5378,-4.1101,31,125.3749
17051102a,Sukarami,SUMATERA,Bengkulu,Kab. Seluma,102.5237,-4.1195,45,125.3749
17051401a,Ilir talo,SUMATERA,Bengkulu,Kab. Seluma,102.66,-4.2,34.9,114.7938
17060101a,Lubuk Pinang,SUMATERA,Bengkulu,Kab. Muko Muko,101.1415,-2.4305,33,83.5526
17060201a,Ujung Padang,SUMATERA,Bengkulu,Kab. Muko Muko,101.1318,-2.5297,15,116.1808
17060301a,Teras Terunjam/ Karang Jaya,SUMATERA,Bengkulu,Kab. Muko Muko,101.2473,-2.5277,29,123.5272
17060401a,Pondok Suguh,SUMATERA,Bengkulu,Kab. Muko Muko,101.5109,-2.7541,37,118.852
17060501a,Medan Jaya,SUMATERA,Bengkulu,Kab. Muko Muko,101.4864,-2.9854,51.5,152.1628
17060701a,Air Rami,SUMATERA,Bengkulu,Kab. Muko Muko,101.5561,-2.8956,88,147.8021
17060801a,Pasar Bantal,SUMATERA,Bengkulu,Kab. Muko Muko,101.3392,-2.7523,59,117.6345
17060901a,Selagan Raya,SUMATERA,Bengkulu,Kab. Muko Muko,101.3266,-2.527,72,146.6757
17061001a,Penarik,SUMATERA,Bengkulu,Kab. Muko Muko,101.4071,-2.5845,72,137.16
17061301a,Air Manjuto,SUMATERA,Bengkulu,Kab. Muko Muko,101.1671,-2.5087,34,116.1808
17061401a,Air dikit,SUMATERA,Bengkulu,Kab. Muko Muko,101.2727,-2.64,59,126.3255
17070101a,Muara Aman/Tunggang,SUMATERA,Bengkulu,Kab. Lebong,102.198,-3.1165,156,158.4226
17070301a,Simelako Atas,SUMATERA,Bengkulu,Kab. Lebong,102.2469,-3.1806,182,158.3521
17070401a,Tes,SUMATERA,Bengkulu,Kab. Lebong,102.3454,-3.2268,141,156.5608
17070501a,Rimbo Pengadang,SUMATERA,Bengkulu,Kab. Lebong,102.4381,-3.3389,257,138.74
17070601a,Topos,SUMATERA,Bengkulu,Kab. Lebong,102.4258,-3.2356,206,159.6418
17070701a,Bungin,SUMATERA,Bengkulu,Kab. Lebong,102.15,-3.1527,229,158.4226
17070801a,Suka Bumi,SUMATERA,Bengkulu,Kab. Lebong,102.244,-3.1399,163,158.3521
17070901a,Gunung Alam,SUMATERA,Bengkulu,Kab. Lebong,102.1689,-3.3081,193,183.4661
17071101a,Lemeu,SUMATERA,Bengkulu,Kab. Lebong,102.2178,-3.0989,105.5,140.0958
17071201a,Pinang Belapis,SUMATERA,Bengkulu,Kab. Lebong,102.1592,-3.0006,172,144.6576
17080101a,Keban Agung,SUMATERA,Bengkulu,Kab. Kepahiang,102.6972,-3.67,121,101.697
17080201a,Ujan Mas,SUMATERA,Bengkulu,Kab. Kepahiang,102.5233,-3.5354,171,74.8643
17080202a,PLTA Musi,SUMATERA,Bengkulu,Kab. Kepahiang,102.5261,-3.5588,150,74.8643
17080301a,Tebat Karai,SUMATERA,Bengkulu,Kab. Kepahiang,102.6486,-3.6705,123,101.697
17080402a,Kelobak,SUMATERA,Bengkulu,Kab. Kepahiang,102.3324,-3.3715,118,133.708
17080403a,Stasiun Geofisika Kepahyang,SUMATERA,Bengkulu,Kab. Kepahiang,102.352,-3.3901,93,133.708
17080501a,Merigi,SUMATERA,Bengkulu,Kab. Kepahiang,102.5518,-3.5092,185.9,74.8643
17080601a,Kabawetan,SUMATERA,Bengkulu,Kab. Kepahiang,102.5986,-3.5805,152.5,74.8643
17080701a,Seberang Musi,SUMATERA,Bengkulu,Kab. Kepahiang,102.6192,-3.7019,74,75.4127
17080801a,Muara Kemumu,SUMATERA,Bengkulu,Kab. Kepahiang,102.7344,-3.6502,181,74.2234
17090201a,Jaya Karta,SUMATERA,Bengkulu,Kab. Bengkulu Tengah,102.3831,-3.8019,157,88.6462
17090301a,Talang Pauh,SUMATERA,Bengkulu,Kab. Bengkulu Tengah,102.2926,-3.6858,79,104.4692
17090501a,Pagar jati,SUMATERA,Bengkulu,Kab. Bengkulu Tengah,102.36,-3.6,143,99.2124
17090601a,Anak Dalam,SUMATERA,Bengkulu,Kab. Bengkulu Tengah,102.4442,-3.6872,144,96.7976
17090603a,Taba Penanjung,SUMATERA,Bengkulu,Kab. Bengkulu Tengah,102.4786,-3.7126,244,82.0888
17090801a,Merigi Sakti,SUMATERA,Bengkulu,Kab. Bengkulu Tengah,102.4022,-3.6361,137,96.7976
17090901a,Tahura,SUMATERA,Bengkulu,Kab. Bengkulu Tengah,102.1916,-3.4351,68.5,147.7867
17710101a,Stasiun Meteorologi Bengkulu,SUMATERA,Bengkulu,Kota Bengkulu,102.2008,-3.5232,74.2,123.2448
17710201a,Padang Harapan,SUMATERA,Bengkulu,Kota Bengkulu,102.288,-3.819,120,119.2747
17710402a,Unib,SUMATERA,Bengkulu,Kota Bengkulu,102.2766,-3.7793,128.2,88.6246
17710501a,Stasiun Klimatologi Bengkulu,SUMATERA,Bengkulu,Kota Bengkulu,102.3107,-3.8644,92.9,88.6462
17710601a,Sawah Lebar,SUMATERA,Bengkulu,Kota Bengkulu,102.2858,-3.7915,103,88.6246
17710801a,Tanjung Agung,SUMATERA,Bengkulu,Kota Bengkulu,102.2785,-3.7851,89,88.6246
18010401a,Candimas,SUMATERA,Lampung,Kab. Lampung Selatan,105.1864,-5.2789,122.5,71.8648
18010409a,Rejosari 3,SUMATERA,Lampung,Kab. Lampung Selatan,105.1358,-5.2839,123,71.8648
18010502a,Kertosari,SUMATERA,Lampung,Kab. Lampung Selatan,105.4451,-5.3263,69,54.0491
18010602a,Lubuk Kamal,SUMATERA,Lampung,Kab. Lampung Selatan,105.5143,-5.6557,26.6,84.1958
18010603a,Way urang,SUMATERA,Lampung,Kab. Lampung Selatan,105.5828,-5.7144,89,87.5703
18010702a,Sidodadi (Lampung Selatan),SUMATERA,Lampung,Kab. Lampung Selatan,105.52,-5.5953,32,78.5214
18010705a,Bakti Rasa,SUMATERA,Lampung,Kab. Lampung Selatan,105.7449,-5.6349,49.4,100.7276
18010801a,Padasuka,SUMATERA,Lampung,Kab. Lampung Selatan,105.4267,-5.5377,2.5,58.7631
18010901a,Pasuruan,SUMATERA,Lampung,Kab. Lampung Selatan,105.6686,-5.7416,76.2,101.7649
18011301a,Fajar Baru,SUMATERA,Lampung,Kab. Lampung Selatan,105.27,-5.3503,115.5,87.7227
18011304a,Trikora,SUMATERA,Lampung,Kab. Lampung Selatan,105.3034,-5.2679,151,57.0221
18011401a,Ketapang,SUMATERA,Lampung,Kab. Lampung Selatan,105.78,-5.7464,26,110.2269
18011402a,Pematang Pasir,SUMATERA,Lampung,Kab. Lampung Selatan,105.78,-5.6522,43,100.7276
18011602a,Gunung Rajabasa,SUMATERA,Lampung,Kab. Lampung Selatan,105.5962,-5.8056,113,117.8609
18011701a,Candipuro,SUMATERA,Lampung,Kab. Lampung Selatan,105.5853,-5.5381,104,78.5214
18011801a,Panca Tunggal,SUMATERA,Lampung,Kab. Lampung Selatan,105.389,-5.4563,65,44.5528
18012102a,Kelawi,SUMATERA,Lampung,Kab. Lampung Selatan,105.7253,-5.8507,45,73.6017
18020201a,Tanjung Jaya,SUMATERA,Lampung,Kab. Lampung Tengah,105.079,-5.1027,75.5,59.8658
18020203a,Kaliwungu,SUMATERA,Lampung,Kab. Lampung Tengah,104.961,-5.2133,79,47.6041
18020601a,Sido Rahayu,SUMATERA,Lampung,Kab. Lampung Tengah,105.2784,-5.0385,38,46.1619
18020701f,GGF,SUMATERA,Lampung,Kab. Lampung Tengah,105.2607,-4.8216,72.2,24.5725
18020901a,Rumbia,SUMATERA,Lampung,Kab. Lampung Tengah,105.5432,-4.7546,31.5,20.9512
18021001a,Setia Bakti,SUMATERA,Lampung,Kab. Lampung Tengah,105.4032,-4.8531,70.5,10.5279
18021101a,Fajar Mataram,SUMATERA,Lampung,Kab. Lampung Tengah,105.31,-4.8544,7,14.2033
18021102a,Wirata Agung,SUMATERA,Lampung,Kab. Lampung Tengah,105.35,-4.773,25,16.065
18021201a,Gaya Baru,SUMATERA,Lampung,Kab. Lampung Tengah,105.6929,-4.6901,107.5,34.3335
18021301a,Gunung Batin,SUMATERA,Lampung,Kab. Lampung Tengah,105.1821,-4.641,31,50.1644
18021401a,Bulu Sari,SUMATERA,Lampung,Kab. Lampung Tengah,105.2311,-5.0886,39,46.1619
18021501a,Bekri,SUMATERA,Lampung,Kab. Lampung Tengah,105.1351,-5.0727,11,47.5477
18021701a,Tanjung Ratu,SUMATERA,Lampung,Kab. Lampung Tengah,105.0922,-4.8894,42.5,44.6579
18022001a,Karangsari,SUMATERA,Lampung,Kab. Lampung Tengah,104.8826,-5.0049,8,53.3974
18022101a,Anak Tuha,SUMATERA,Lampung,Kab. Lampung Tengah,105.0488,-5.0334,94.5,62.7926
18022201a,Sendang Asri,SUMATERA,Lampung,Kab. Lampung Tengah,104.8422,-5.1727,95,48.6339
18022301a,Kota Gajah,SUMATERA,Lampung,Kab. Lampung Tengah,105.32,-4.9824,34.5,17.3474
18030101a,Bukit Kemuning,SUMATERA,Lampung,Kab. Lampung Utara,104.5764,-4.8606,26,54.0069
18030201a,Way Rarem,SUMATERA,Lampung,Kab. Lampung Utara,104.91,-4.8442,46,100.2993
18030301a,Prokimal,SUMATERA,Lampung,Kab. Lampung Utara,104.8652,-4.7615,77,99.1898
18030401a,Srimenanti,SUMATERA,Lampung,Kab. Lampung Utara,104.6317,-4.9151,11.5,61.5656
18030402a,Karang Waringin,SUMATERA,Lampung,Kab. Lampung Utara,104.6983,-4.9974,61.5,61.5656
18030701a,Abung Jaya,SUMATERA,Lampung,Kab. Lampung Utara,104.9432,-4.8216,35.5,100.2993
18030802a,Negara Ratu,SUMATERA,Lampung,Kab. Lampung Utara,104.7481,-4.6376,14,30.7649
18031001a,Tanjung Senang,SUMATERA,Lampung,Kab. Lampung Utara,104.9,-4.8828,21.5,108.0004
18031101a,Gunung Besar,SUMATERA,Lampung,Kab. Lampung Utara,104.7535,-4.8853,45,58.2588
18031201a,Sukamarga,SUMATERA,Lampung,Kab. Lampung Utara,104.6166,-4.8812,2,54.7443
18031301a,Semuli Jaya,SUMATERA,Lampung,Kab. Lampung Utara,104.99,-4.8356,23.6,100.2993
18031303a,Semuli Raya,SUMATERA,Lampung,Kab. Lampung Utara,105.0101,-4.7943,40.5,64.3107
18031401a,Tata Karya,SUMATERA,Lampung,Kab. Lampung Utara,105.02,-4.71,96,64.3107
18031501a,Karang Sari,SUMATERA,Lampung,Kab. Lampung Utara,104.6712,-4.5718,40,77.9213
18031601a,Pasar Minggu,SUMATERA,Lampung,Kab. Lampung Utara,104.87,-4.5826,31,61.4737
18031801a,Sungkai Tengah,SUMATERA,Lampung,Kab. Lampung Utara,104.7621,-4.7085,6.5,56.4209
18032001a,Sungkai Jaya,SUMATERA,Lampung,Kab. Lampung Utara,104.8,-4.8011,4,58.2588
18032102a,Sinar Harapan,SUMATERA,Lampung,Kab. Lampung Utara,104.6821,-4.7871,48.7,49.4939
18032201a,Abung Kunang,SUMATERA,Lampung,Kab. Lampung Utara,104.7872,-4.8847,67,58.2588
18032301a,Blambangan Pagar,SUMATERA,Lampung,Kab. Lampung Utara,104.99,-4.9172,26.5,130.8548
18040101a,Karya Penggawa,SUMATERA,Lampung,Kab. Pesisir Barat,103.9095,-5.1235,55,82.0851
18040103a,Biha,SUMATERA,Lampung,Kab. Pesisir Barat,104.0237,-5.3186,28,83.5781
18040201a,Krui Pasar,SUMATERA,Lampung,Kab. Pesisir Barat,103.9405,-5.1841,16,82.0851
18040301a,Way Narta,SUMATERA,Lampung,Kab. Pesisir Barat,103.7942,-5.0439,35,88.9654
18040401a,Balik Bukit,SUMATERA,Lampung,Kab. Lampung Barat,104.1015,-5.0324,171.5,69.7858
18040502a,Way Petai,SUMATERA,Lampung,Kab. Lampung Barat,104.4888,-5.0056,70.5,75.817
18040601a,Bandar Negeri Suoh,SUMATERA,Lampung,Kab. Lampung Barat,104.2798,-5.203,72,77.0842
18040602a,Belalau,SUMATERA,Lampung,Kab. Lampung Barat,104.2097,-4.9914,47.5,46.6682
18040701a,Karang Agung,SUMATERA,Lampung,Kab. Lampung Barat,104.3999,-5.0453,31,96.2106
18040801a,Sekincau,SUMATERA,Lampung,Kab. Lampung Barat,104.3019,-5.0432,150,96.2106
18040901a,Suoh,SUMATERA,Lampung,Kab. Lampung Barat,104.321,-5.3136,98,76.0113
18041101a,Sukau,SUMATERA,Lampung,Kab. Lampung Barat,104.0258,-4.9261,47,89.0312
18041301a,Walur,SUMATERA,Lampung,Kab. Pesisir Barat,103.7446,-5.0287,48,88.9654
18042201a,Lombok,SUMATERA,Lampung,Kab. Lampung Barat,103.9317,-4.9463,53,69.1574
18050202a,Kampung Tuha,SUMATERA,Lampung,Kab. Tulang Bawang,105.22,-4.5517,67.5,60.3296
18050204f,Astra Ksetra,SUMATERA,Lampung,Kab. Tulang Bawang,105.2363,-4.6126,17.1,46.1294
18050601a,Penawar Baru,SUMATERA,Lampung,Kab. Tulang Bawang,105.3168,-4.346,59.9,50.3869
18050602a,Sidomukti,SUMATERA,Lampung,Kab. Tulang Bawang,105.5655,-4.2086,64.2,48.4466
18050801a,Warga Makmur Jaya,SUMATERA,Lampung,Kab. Tulang Bawang,105.1969,-4.2862,90.8,26.3582
18051101a,PT SIL DIV 2,SUMATERA,Lampung,Kab. Tulang Bawang,105.3389,-4.5119,93.7,35.1751
18051102a,PT ILP DIV 3,SUMATERA,Lampung,Kab. Tulang Bawang,105.7626,-4.4535,29.2,28.1786
18051201a,Medasari,SUMATERA,Lampung,Kab. Tulang Bawang,105.7047,-4.2175,93.5,54.8662
18051302a,Sidoharjo,SUMATERA,Lampung,Kab. Tulang Bawang,105.4152,-4.1977,99.8,29.8835
18052501a,PT ILP DIV 1,SUMATERA,Lampung,Kab. Tulang Bawang,105.5577,-4.4443,72.8,46.8433
18060101a,Baros/Tala bening,SUMATERA,Lampung,Kab. Tanggamus,104.5921,-5.4885,75,63.555
18060102a,Kampung Baru,SUMATERA,Lampung,Kab. Tanggamus,104.69,-5.4897,100,75.7729
18060203a,Kali bening,SUMATERA,Lampung,Kab. Tanggamus,104.7509,-5.375,107.4,103.5541
18060402a,Muara Dua,SUMATERA,Lampung,Kab. Tanggamus,104.7161,-5.3898,31,103.5541
18060901a,Putih Doh,SUMATERA,Lampung,Kab. Tanggamus,104.8941,-5.6345,33.5,48.172
18061101a,Way Jaha,SUMATERA,Lampung,Kab. Tanggamus,104.8499,-5.3486,59.4,82.3423
18061201a,Srikuncoro,SUMATERA,Lampung,Kab. Tanggamus,104.4621,-5.4589,59,65.0566
18061202a,Sudimoro,SUMATERA,Lampung,Kab. Tanggamus,104.49,-5.48,77,65.0566
18061501a,Karang Rejo,SUMATERA,Lampung,Kab. Tanggamus,104.5818,-5.3353,68.5,86.4268
18061601a,Betung,SUMATERA,Lampung,Kab. Tanggamus,104.5429,-5.5579,22,55.1182
18061701a,Jati Ringin,SUMATERA,Lampung,Kab. Tanggamus,105.0159,-5.6429,108,16.3788
18062401a,Tangkit Serdang,SUMATERA,Lampung,Kab. Tanggamus,104.7973,-5.3276,68,103.5541
18062402a,Limau,SUMATERA,Lampung,Kab. Tanggamus,104.8183,-5.5389,33.5,95.5776
18062601a,Air Naningan,SUMATERA,Lampung,Kab. Tanggamus,104.7555,-5.2783,90,108.3924
18062701a,Bulok,SUMATERA,Lampung,Kab. Tanggamus,104.88,-5.4679,69,69.9063
18070101a,Sukadana hilir,SUMATERA,Lampung,Kab. Lampung Timur,105.5235,-5.0327,48.9,93.7317
18070201a,Labuhan Meringgai,SUMATERA,Lampung,Kab. Lampung Timur,105.8067,-5.3319,92.5,632.3095
18070301a,Jabung,SUMATERA,Lampung,Kab. Lampung Timur,105.7461,-5.4828,98.5,149.0762
18070401a,Adi Rejo,SUMATERA,Lampung,Kab. Lampung Timur,105.35,-5.0919,138,31.1867
18070402a,Gondang Rejo,SUMATERA,Lampung,Kab. Lampung Timur,105.4079,-5.0638,74,42.4322
18070403a,Ganti Warno,SUMATERA,Lampung,Kab. Lampung Timur,105.36,-5.0642,117.8,31.1867
18070501a,Sekampung,SUMATERA,Lampung,Kab. Lampung Timur,105.4073,-5.1607,77,68.9492
18070601a,Buana Sakti,SUMATERA,Lampung,Kab. Lampung Timur,105.35,-5.1853,118.5,49.5756
18070604a,Sriwidodo,SUMATERA,Lampung,Kab. Lampung Timur,105.6436,-5.2385,90,136.2702
18070801a,Taman Bogo,SUMATERA,Lampung,Kab. Lampung Timur,105.4891,-5.0044,69,42.4322
18070803a,Tanjung Intan,SUMATERA,Lampung,Kab. Lampung Timur,105.5,-4.9711,56,14.8377
18070901a,Raman Utara,SUMATERA,Lampung,Kab. Lampung Timur,105.4146,-4.9739,97.6,14.8377
18071001a,Kibang,SUMATERA,Lampung,Kab. Lampung Timur,105.32,-5.2072,22.6,57.0221
18071101a,Marga Tiga,SUMATERA,Lampung,Kab. Lampung Timur,105.5236,-5.1436,117,111.7591
18071201a,Sekampung Udik,SUMATERA,Lampung,Kab. Lampung Timur,105.555,-5.3145,133,50.1256
18071302a,Batang Hari Nuban,SUMATERA,Lampung,Kab. Lampung Timur,105.3974,-5.0078,104,31.1867
18071401a,Donomulyo,SUMATERA,Lampung,Kab. Lampung Timur,105.4776,-5.1115,131,68.9492
18071501a,Bandar Sribawono,SUMATERA,Lampung,Kab. Lampung Timur,105.7387,-5.3041,147,235.1786
18071602a,Itik Rendai,SUMATERA,Lampung,Kab. Lampung Timur,105.7138,-5.38,101.5,235.1786
18071901a,Pasir Sakti,SUMATERA,Lampung,Kab. Lampung Timur,105.7737,-5.5621,128,104.0632
18072101f,NTF,SUMATERA,Lampung,Kab. Lampung Timur,105.6917,-5.07,89.8,113.0131
18072201a,Braja Selebah,SUMATERA,Lampung,Kab. Lampung Timur,105.7303,-5.1755,152,129.1976
18072301a,Taman Negeri,SUMATERA,Lampung,Kab. Lampung Timur,105.52,-4.9325,64,67.3365
18080101a,Blambangan Umpu 1,SUMATERA,Lampung,Kab. Way Kanan,104.509,-4.5057,31.1,127.9376
18080201a,Kasui Pasar 1,SUMATERA,Lampung,Kab. Way Kanan,104.445,-4.7154,24,66.5593
18080302a,Banjit,SUMATERA,Lampung,Kab. Way Kanan,104.487,-4.7877,23,66.5593
18080402a,Setia Negara,SUMATERA,Lampung,Kab. Way Kanan,104.5539,-4.7291,33,44.1267
18080601a,Pakuan Ratu,SUMATERA,Lampung,Kab. Way Kanan,104.7476,-4.4444,72.5,22.6489
18080601f,PSMI,SUMATERA,Lampung,Kab. Way Kanan,104.8054,-4.29,47,21.0957
18080701a,Tanjung Rejo,SUMATERA,Lampung,Kab. Way Kanan,104.5895,-4.5911,139,127.9376
18080702a,Tulung Buyut,SUMATERA,Lampung,Kab. Way Kanan,104.6372,-4.6138,49.5,43.8665
18080801a,Way Tuba,SUMATERA,Lampung,Kab. Way Kanan,104.3914,-4.4132,135.7,40.0146
18080901a,Tanjung Raya,SUMATERA,Lampung,Kab. Way Kanan,104.4194,-4.6535,43,82.3375
18081001a,Bengkulu Rejo,SUMATERA,Lampung,Kab. Way Kanan,104.5821,-4.7605,24,44.1267
18081101a,Purwa Negara,SUMATERA,Lampung,Kab. Way Kanan,104.8011,-4.3797,59,21.0228
18081201a,Negeri Besar,SUMATERA,Lampung,Kab. Way Kanan,104.9547,-4.4686,9,30.3705
18081301a,Sukamaju,SUMATERA,Lampung,Kab. Way Kanan,104.5361,-4.2696,46,24.7816
18090102a,Purworejo,SUMATERA,Lampung,Kab. Pesawaran,105.0706,-5.3521,88,62.5137
18090103a,Way Semah 1,SUMATERA,Lampung,Kab. Pesawaran,105.09,-5.4008,112,97.3675
18090104a,Negeri Sakti,SUMATERA,Lampung,Kab. Pesawaran,105.19,-5.3733,93,57.5265
18090201a,Roworejo,SUMATERA,Lampung,Kab. Pesawaran,105.06,-5.2961,75.5,60.1884
18090301a,Argo Guruh,SUMATERA,Lampung,Kab. Pesawaran,105.1797,-5.1993,109,63.0533
18090401a,Way lima 1,SUMATERA,Lampung,Kab. Pesawaran,105.07,-5.4214,82.5,97.3675
18090402a,Way lima 2,SUMATERA,Lampung,Kab. Pesawaran,105.0585,-5.4412,53,97.3675
18090403a,Batu Raja,SUMATERA,Lampung,Kab. Pesawaran,105.0171,-5.4159,50.5,97.3675
18090501a,Bunut,SUMATERA,Lampung,Kab. Pesawaran,105.0984,-5.6045,35,16.3788
18090502a,Kecapi,SUMATERA,Lampung,Kab. Pesawaran,105.15,-5.5872,27.7,31.8325
18090505a,Hanura,SUMATERA,Lampung,Kab. Pesawaran,105.2482,-5.5291,17,31.114
18090601a,Suka Jaya,SUMATERA,Lampung,Kab. Pesawaran,105.1557,-5.6807,8,11.8829
18100101a,Podorejo,SUMATERA,Lampung,Kab. Pringsewu,104.9757,-5.3374,73,59.697
18100103a,Pajaresuk,SUMATERA,Lampung,Kab. Pringsewu,104.95,-5.3527,102.5,59.697
18100201a,Panjerejo,SUMATERA,Lampung,Kab. Pringsewu,104.9968,-5.3803,46,59.697
18100301a,Tanjung Anom,SUMATERA,Lampung,Kab. Pringsewu,104.9255,-5.3978,52,59.697
18100501a,Panutan,SUMATERA,Lampung,Kab. Pringsewu,104.9,-5.3694,67,82.3423
18100801a,Pandan Surat,SUMATERA,Lampung,Kab. Pringsewu,104.9994,-5.2938,67.5,47.6041
18110101a,Mesuji,SUMATERA,Lampung,Kab. Mesuji,105.4256,-3.8866,72,42.9686
18110201a,Mesuji Timur,SUMATERA,Lampung,Kab. Mesuji,105.5827,-4.023,44.5,34.0304
18110302a,Panggung Rejo,SUMATERA,Lampung,Kab. Mesuji,105.6428,-4.0974,69.5,44.9357
18110401a,Kebun Dalam,SUMATERA,Lampung,Kab. Mesuji,105.1598,-4.1788,186,22.7009
18110501a,Simpang Pematang,SUMATERA,Lampung,Kab. Mesuji,105.2497,-4.0258,35.5,16.7786
18110601a,Panca jaya,SUMATERA,Lampung,Kab. Mesuji,105.2608,-3.9576,38.3,15.9673
18110702a,Gedung Ram,SUMATERA,Lampung,Kab. Mesuji,105.3593,-3.9654,91,31.5395
18110801a,Dwikarya Mustika,SUMATERA,Lampung,Kab. Mesuji,105.4917,-4.0392,64.7,28.9175
18120101a,Panaragan Jaya,SUMATERA,Lampung,Kab. Tulang Bawang Barat,105.082,-4.5183,32,43.7481
18120301a,Gaya Baru,SUMATERA,Lampung,Kab. Tulang Bawang Barat,105.0719,-4.6101,86,66.5087
18120402a,Margo Mulyo,SUMATERA,Lampung,Kab. Tulang Bawang Barat,105.0121,-4.3246,57.5,29.4498
18130901a,Ngambur,SUMATERA,Lampung,Kab. Pesisir Barat,104.1421,-5.4634,56,77.6626
18131101a,Bengkunat,SUMATERA,Lampung,Kab. Pesisir Barat,104.2894,-5.5602,39,133.1844
18131102a,Pemerihan,SUMATERA,Lampung,Kab. Pesisir Barat,104.4019,-5.6098,30,64.546
18710101a,Sidodadi (Bandar Lampung),SUMATERA,Lampung,Kota Bandar Lampung,105.2615,-5.3893,94.8,87.7227
18710201a,Sukabumi,SUMATERA,Lampung,Kota Bandar Lampung,105.3151,-5.3515,35.4,53.3063
18711101a,Tanjung Senang,SUMATERA,Lampung,Kota Bandar Lampung,105.283,-5.4061,82,70.4165
18711301a,Sumber Rejo,SUMATERA,Lampung,Kota Bandar Lampung,105.2184,-5.4061,78,70.4165
18720101a,Ganjar Agung,SUMATERA,Lampung,Kota Metro,105.2978,-5.1166,85.5,71.5463
18720201a,Banjar Sari,SUMATERA,Lampung,Kota Metro,105.3333,-5.0773,127,31.1867
18720301a,Mulyo Jati,SUMATERA,Lampung,Kota Metro,105.2818,-5.1484,107,71.5463
18720401a,Tejo Sari,SUMATERA,Lampung,Kota Metro,105.3289,-5.1448,7.5,49.5756
18720501a,Rejo Mulyo,SUMATERA,Lampung,Kota Metro,105.3005,-5.1574,52,49.5756
19010101a,Sungai Liat,SUMATERA,Kep. Bangka Belitung,Kab. Bangka,106.1022,-1.8856,148,73.111
19010202a,Bukit Ketok,SUMATERA,Kep. Bangka Belitung,Kab. Bangka,105.7814,-1.6283,136,79.1695
19010205a,Desa Bintet,SUMATERA,Kep. Bangka Belitung,Kab. Bangka,105.8488,-1.5573,76,67.0691
19010402a,Kace,SUMATERA,Kep. Bangka Belitung,Kab. Bangka,106.0878,-2.1358,78,74.0682
19010404a,Rukam,SUMATERA,Kep. Bangka Belitung,Kab. Bangka,105.9568,-2.2094,103,145.9312
19010406a,Desa Paya Benua,SUMATERA,Kep. Bangka Belitung,Kab. Bangka,105.9095,-2.0983,135.4,66.2234
19010501a,Pemali,SUMATERA,Kep. Bangka Belitung,Kab. Bangka,106.0567,-1.8986,148.5,73.3831
19010601a,Bakam,SUMATERA,Kep. Bangka Belitung,Kab. Bangka,105.8722,-1.9728,89,82.6339
19010703a,Mapur,SUMATERA,Kep. Bangka Belitung,Kab. Bangka,105.983,-1.681,366,66.7925
19010704a,Pugul,SUMATERA,Kep. Bangka Belitung,Kab. Bangka,105.9472,-1.7453,172.2,74.6996
19010705a,Desa Berbura,SUMATERA,Kep. Bangka Belitung,Kab. Bangka,105.8333,-1.8354,73,78.9152
19020101a,Stamet Buluh Tumbang / Stamet H.AS. Hanandjoeddin ,SUMATERA,Kep. Bangka Belitung,Kab. Belitung,107.6333,-2.75,126.7,166.6282
19020102a,Pangkalalang,SUMATERA,Kep. Bangka Belitung,Kab. Belitung,107.6611,-2.7603,118.5,166.6282
19020103a,Air Saga,SUMATERA,Kep. Bangka Belitung,Kab. Belitung,107.6417,-2.7155,66.5,166.6282
19020104a,Perawas,SUMATERA,Kep. Bangka Belitung,Kab. Belitung,107.6855,-2.7771,149.4,166.6282
19020105a,Perawas BPP,SUMATERA,Kep. Bangka Belitung,Kab. Belitung,107.719,-2.7569,165.3,195.6532
19020201a,Membalong,SUMATERA,Kep. Bangka Belitung,Kab. Belitung,107.6527,-3.1211,154.5,33.0868
19020401a,Sijuk,SUMATERA,Kep. Bangka Belitung,Kab. Belitung,107.7702,-2.5687,76,86.6232
19020402a,Tanjung Binga,SUMATERA,Kep. Bangka Belitung,Kab. Belitung,107.6445,-2.6021,156,87.0301
19020501a,Tungkusan,SUMATERA,Kep. Bangka Belitung,Kab. Belitung,107.8058,-2.7664,104,149.1428
19020502a,Bukit Indah,SUMATERA,Kep. Bangka Belitung,Kab. Belitung,107.8646,-2.7523,139,149.1428
19020504a,Ibul,SUMATERA,Kep. Bangka Belitung,Kab. Belitung,107.7961,-2.8418,161.5,227.6219
19020505a,Badau,SUMATERA,Kep. Bangka Belitung,Kab. Belitung,107.7748,-2.8087,168.5,227.6219
19020506a,Pegantungan,SUMATERA,Kep. Bangka Belitung,Kab. Belitung,107.567,-2.8945,158,188.443
19020507a,Sungai Samak,SUMATERA,Kep. Bangka Belitung,Kab. Belitung,107.5986,-2.8543,85.8,188.443
19030101a,Rias,SUMATERA,Kep. Bangka Belitung,Kab. Bangka Selatan,106.4413,-2.9703,81.9,43.5104
19030103a,Serdang,SUMATERA,Kep. Bangka Belitung,Kab. Bangka Selatan,106.423,-2.834,96.5,45.0622
19030301a,Air Gegas,SUMATERA,Kep. Bangka Belitung,Kab. Bangka Selatan,106.3883,-2.6842,130.5,71.9433
19030302a,Tepus,SUMATERA,Kep. Bangka Belitung,Kab. Bangka Selatan,106.739,-3.016,174,40.2636
19030303a,Desa Nyelanding,SUMATERA,Kep. Bangka Belitung,Kab. Bangka Selatan,106.2741,-2.7058,108,57.0798
19030304a,Desa Air Bara,SUMATERA,Kep. Bangka Belitung,Kab. Bangka Selatan,106.3637,-2.5602,141.5,86.3717
19030402a,Desa Bangka Kota,SUMATERA,Kep. Bangka Belitung,Kab. Bangka Selatan,106.0187,-2.5166,152,71.2636
19030403a,Desa Sebagin,SUMATERA,Kep. Bangka Belitung,Kab. Bangka Selatan,105.9018,-2.6188,321,75.3821
19030501a,Payung,SUMATERA,Kep. Bangka Belitung,Kab. Bangka Selatan,106.1403,-2.6036,122,72.9585
19030601a,Desa Bukit Terap,SUMATERA,Kep. Bangka Belitung,Kab. Bangka Selatan,106.5841,-2.9815,82,40.139
19030602a,Sadai,SUMATERA,Kep. Bangka Belitung,Kab. Bangka Selatan,106.7391,-3.0163,122,40.2636
19030701a,Batu Betumpang,SUMATERA,Kep. Bangka Belitung,Kab. Bangka Selatan,106.1339,-2.8125,54,52.6144
19040102a,Penyak (Koba2),SUMATERA,Kep. Bangka Belitung,Kab. Bangka Tengah,106.29,-2.4094,118,96.1626
19040106a,Staklim Koba,SUMATERA,Kep. Bangka Belitung,Kab. Bangka Tengah,106.417,-2.523,153.5,76.6352
19040202a,Stamet Pangkalpinang,SUMATERA,Kep. Bangka Belitung,Kab. Bangka Tengah,106.1347,-2.1757,94,64.2279
19040204a,Mangkol,SUMATERA,Kep. Bangka Belitung,Kab. Bangka Tengah,106.0892,-2.1567,37.5,74.0682
19040301a,Sungai Selan,SUMATERA,Kep. Bangka Belitung,Kab. Bangka Tengah,105.9994,-2.3686,232.5,114.987
19040302a,Kemingking,SUMATERA,Kep. Bangka Belitung,Kab. Bangka Tengah,106.132,-2.458,153.5,99.1186
19040304a,Tanjung Pura (Sungai Selan),SUMATERA,Kep. Bangka Belitung,Kab. Bangka Tengah,105.8166,-2.3696,60,119.7949
19040401a,Celuak,SUMATERA,Kep. Bangka Belitung,Kab. Bangka Tengah,106.1436,-2.3267,122.2,79.1506
19040501a,Cambai,SUMATERA,Kep. Bangka Belitung,Kab. Bangka Tengah,106.1539,-2.2408,99,62.6623
19040601a,Lubuk Besar,SUMATERA,Kep. Bangka Belitung,Kab. Bangka Tengah,106.6683,-2.5436,113.4,63.05
19040603a,Batu Beriga,SUMATERA,Kep. Bangka Belitung,Kab. Bangka Tengah,106.422,-2.518,150.8,76.6352
19040605a,Desa Trubus,SUMATERA,Kep. Bangka Belitung,Kab. Bangka Tengah,106.4982,-2.5483,49.3,76.6352
19050101a,Muntok,SUMATERA,Kep. Bangka Belitung,Kab. Bangka Barat,105.1664,-2.0647,27,58.2523
19050201a,Mayang,SUMATERA,Kep. Bangka Belitung,Kab. Bangka Barat,105.2914,-1.9711,53,91.2199
19050202a,Simpang Tritip,SUMATERA,Kep. Bangka Belitung,Kab. Bangka Barat,105.38,-1.9205,71.5,69.9118
19050203a,Kundi,SUMATERA,Kep. Bangka Belitung,Kab. Bangka Barat,105.3964,-2.1169,50,150.1868
19050204a,Desa Simpang Tiga,SUMATERA,Kep. Bangka Belitung,Kab. Bangka Barat,105.3815,-1.9989,162,69.9118
19050301a,Jebus,SUMATERA,Kep. Bangka Belitung,Kab. Bangka Barat,105.45,-1.7432,218,54.3487
19050401a,Kelapa,SUMATERA,Kep. Bangka Belitung,Kab. Bangka Barat,105.68,-1.8814,30.5,71.0524
19050402a,Dendang Bangka Barat,SUMATERA,Kep. Bangka Belitung,Kab. Bangka Barat,105.5772,-1.8639,94,65.3746
19050404a,Desa Penyampak,SUMATERA,Kep. Bangka Belitung,Kab. Bangka Barat,105.6451,-1.9935,87.5,83.7065
19050501a,Tempilang,SUMATERA,Kep. Bangka Belitung,Kab. Bangka Barat,105.6678,-2.0728,51.5,136.4232
19050601a,Telak,SUMATERA,Kep. Bangka Belitung,Kab. Bangka Barat,105.568,-1.677,58,105.32
19050603a,Parit Tiga,SUMATERA,Kep. Bangka Belitung,Kab. Bangka Barat,105.507,-1.645,128.3,105.32
19060101a,Lalang,SUMATERA,Kep. Bangka Belitung,Kab. Belitung Timur,108.2789,-2.8658,86.5,73.0041
19060201a,Gantung1,SUMATERA,Kep. Bangka Belitung,Kab. Belitung Timur,108.1726,-2.9551,59.9,60.1437
19060301a,Dendang Beltim,SUMATERA,Kep. Bangka Belitung,Kab. Belitung Timur,107.9017,-3.0668,115.5,54.2674
19060302a,Air Asam,SUMATERA,Kep. Bangka Belitung,Kab. Belitung Timur,107.856,-2.95,137.5,70.866
19060401a,Kelapa kampit,SUMATERA,Kep. Bangka Belitung,Kab. Belitung Timur,108.0585,-2.6889,102.4,136.8564
19060501a,Damar,SUMATERA,Kep. Bangka Belitung,Kab. Belitung Timur,108.2141,-2.7811,145,91.4488
19060601a,Simpang Renggiang,SUMATERA,Kep. Bangka Belitung,Kab. Belitung Timur,108.1884,-2.8731,84.5,74.6687
19060701a,Simpang Pesak,SUMATERA,Kep. Bangka Belitung,Kab. Belitung Timur,107.9664,-3.1114,112.5,43.6224
21010401a,Kawal,SUMATERA,Kep. Riau,Kab. Bintan,104.6453,0.99861,19,19.2051
21010402a,Malang Rapat,SUMATERA,Kep. Riau,Kab. Bintan,104.4533,1.1275,8,32.7343
21010403a,Gunung Kijang,SUMATERA,Kep. Riau,Kab. Bintan,104.6031,0.92306,57,19.2051
21010601a,Kijang,SUMATERA,Kep. Riau,Kab. Bintan,104.566,0.91,65,19.6211
21010602a,Sungai Enam,SUMATERA,Kep. Riau,Kab. Bintan,104.5939,0.83277,94,13.1102
21010701a,Lancang Kuning,SUMATERA,Kep. Riau,Kab. Bintan,104.2692,1.0897,135,30.1234
21010702a,Ria Bintan Lagoi,SUMATERA,Kep. Riau,Kab. Bintan,104.4203,1.1953,15,32.7343
21010801a,Bintan Buyu,SUMATERA,Kep. Riau,Kab. Bintan,104.4288,1.0762,153,39.1312
21011001a,Ekang Anculai,SUMATERA,Kep. Riau,Kab. Bintan,104.3833,1.0758,55,38.3388
21011002a,Sri Bintan,SUMATERA,Kep. Riau,Kab. Bintan,104.6155,1.1008,140,19.5695
21011003a,Berakit,SUMATERA,Kep. Riau,Kab. Bintan,104.5772,1.2017,20,17.2118
21011004a,Sebung Pereh,SUMATERA,Kep. Riau,Kab. Bintan,104.3422,1.1303,98,29.8928
21011201a,Kelurahan Asri,SUMATERA,Kep. Riau,Kab. Bintan,104.5572,0.99389,16,19.6211
21011501a,Teluk Sasa,SUMATERA,Kep. Riau,Kab. Bintan,104.2522,1.0333,91,30.1234
21020101a,Kantor Camat Moro,SUMATERA,Kep. Riau,Kab. Karimun,103.7086,0.76771,136,36.9166
21020201a,UPTD - BBI Tanjung Batu,SUMATERA,Kep. Riau,Kab. Karimun,103.4464,0.69083,85,24.4568
21020301a,Kantor Lurah Kapling Tebing,SUMATERA,Kep. Riau,Kab. Karimun,103.4213,1.009,49,50.9333
21020302a,Stamet Raja Haji Abdullah,SUMATERA,Kep. Riau,Kab. Karimun,103.3953,1.0471,44.5,50.133
21020401a,BPP Sememal/Pasir Panjang,SUMATERA,Kep. Riau,Kab. Karimun,103.3411,1.0819,55,50.133
21020601a,Kantor BPP Kecamatan Buru,SUMATERA,Kep. Riau,Kab. Karimun,103.4953,0.89694,105,52.8597
21020701a,Kantor Camat Kundur Utara,SUMATERA,Kep. Riau,Kab. Karimun,103.4767,0.78583,183,35.4175
21030401a,Sabang Barat,SUMATERA,Kep. Riau,Kab. Natuna,107.7536,3.0033,78,11.9194
21030501a,Kampung Balau,SUMATERA,Kep. Riau,Kab. Natuna,108.0278,3.8028,40,18.2022
21030502a,Mekar Jaya,SUMATERA,Kep. Riau,Kab. Natuna,108.1411,3.7334,99,12.7818
21030601a,Hilir,SUMATERA,Kep. Riau,Kab. Natuna,109.0333,2.5112,29,22.4461
21030701a,Stamet Ranai Natuna,SUMATERA,Kep. Riau,Kab. Natuna,108.386,3.92,20.1,6.858
21030801a,Bunguran Utara Kelarik,SUMATERA,Kep. Riau,Kab. Natuna,108.0042,4.0022,209,11.2388
21030802a,Teluk Buton,SUMATERA,Kep. Riau,Kab. Natuna,108.21,4.22,1.5,14.8693
21030901a,Melia,SUMATERA,Kep. Riau,Kab. Natuna,108.8236,2.91,62,16.1654
21031001a,Air Payang,SUMATERA,Kep. Riau,Kab. Natuna,107.9463,4.6982,83,9.3568
21031101a,Sabang Mawang,SUMATERA,Kep. Riau,Kab. Natuna,108.175,4.0608,44,10.0776
21031501a,Tanjung,SUMATERA,Kep. Riau,Kab. Natuna,108.3773,3.9413,35,6.858
21031601a,Bunguran Tengah Harapan Jaya,SUMATERA,Kep. Riau,Kab. Natuna,108.2914,3.8733,20,9.4775
21031801a,Padang Meliso,SUMATERA,Kep. Riau,Kab. Natuna,108.3575,3.7772,15,12.0202
21031802a,Selemut,SUMATERA,Kep. Riau,Kab. Natuna,108.28,3.67,77,11.7198
21032001a,Batubi,SUMATERA,Kep. Riau,Kab. Natuna,108.15,3.86,140,23.3222
21040101a,Stamet Dabo Singkep,SUMATERA,Kep. Riau,Kab. Lingga,104.5778,-0.47889,84.3,61.9338
21040201a,Bukit Langkap (Lingga),SUMATERA,Kep. Riau,Kab. Lingga,104.7248,-0.19598,78,43.6332
21040202a,Resun (Lingga),SUMATERA,Kep. Riau,Kab. Lingga,104.6158,-0.13387,85,34.6055
21040203a,Dinas Pertanian Kab. Lingga,SUMATERA,Kep. Riau,Kab. Lingga,104.6191,-0.2104,123,55.5773
21040401a,Sungai Buluh,SUMATERA,Kep. Riau,Kab. Lingga,104.4295,-0.38921,88,43.8174
21040402a,Bukit Belah Raya,SUMATERA,Kep. Riau,Kab. Lingga,104.4451,-0.45086,186,60.7715
21040501a,Duara,SUMATERA,Kep. Riau,Kab. Lingga,104.5967,-0.06719,96,15.3839
21050101a,Stamet Tarempa,SUMATERA,Kep. Riau,Kab. Kepulauan Anambas,106.2185,3.2165,75.3,21.9741
21710301a,BP Sei Temiang,SUMATERA,Kep. Riau,Kota Batam,104.0417,1.1043,84,30.1854
21710401a,Stamet Hang Nadim Batam,SUMATERA,Kep. Riau,Kota Batam,104.1154,1.1227,15.2,33.5466
21720201a,Stamet Raja Haji Fisabilillah,SUMATERA,Kep. Riau,Kota Tanjung Pinang,104.5281,0.92306,139.2,19.6211
21720301a,Senggarang,SUMATERA,Kep. Riau,Kota Tanjung Pinang,104.4295,0.96605,89,24.9103
21720302a,Bukit Bestari,SUMATERA,Kep. Riau,Kota Tanjung Pinang,104.4981,0.86848,63.8,16.5495
21720401a,Dompak,SUMATERA,Kep. Riau,Kota Tanjung Pinang,104.4922,0.86102,194,16.5495
31710101a,Istana,JAWA,DKI Jakarta,Kota Adm. Jakarta Pusat,106.823,-6.1683,62,36.7976
31710102a,Pompa/Pintu Air Cideng,JAWA,DKI Jakarta,Kota Adm. Jakarta Pusat,106.8067,-6.1736,67,36.7976
31710305a,Stamet Kemayoran,JAWA,DKI Jakarta,Kota Adm. Jakarta Pusat,106.84,-6.1556,79.2,36.7976
31710701a,Karet Pa,JAWA,DKI Jakarta,Kota Adm. Jakarta Pusat,106.81,-6.1982,82.5,36.7976
31710702a,Waduk Melati,JAWA,DKI Jakarta,Kota Adm. Jakarta Pusat,106.8178,-6.201,90,39.6243
31720101a,Kapuk/Tanjungan,JAWA,DKI Jakarta,Kota Adm. Jakarta Utara,106.7258,-6.1068,35,42.293
31720301a,Sunter III Rawabadak,JAWA,DKI Jakarta,Kota Adm. Jakarta Utara,106.8966,-6.1209,14,36.7976
31720401a,Rorotan/Rawa Rotan,JAWA,DKI Jakarta,Kota Adm. Jakarta Utara,106.9598,-6.1326,0,48.191
31730101a,Perumnas Cengkareng,JAWA,DKI Jakarta,Kota Adm. Jakarta Barat,106.7507,-6.1393,56,42.293
31730102a,Pompa Pool PPD,JAWA,DKI Jakarta,Kota Adm. Jakarta Barat,106.7691,-6.1551,75,42.293
31730201a,Tomang Barat,JAWA,DKI Jakarta,Kota Adm. Jakarta Barat,106.78,-6.1672,53,42.293
31730301a,Pinangsia,JAWA,DKI Jakarta,Kota Adm. Jakarta Barat,106.8173,-6.1406,88,36.7976
31730601a,Pompa RW 01 Semanan,JAWA,DKI Jakarta,Kota Adm. Jakarta Barat,106.7144,-6.1562,44,42.293
31730801a,Kembangan Utara,JAWA,DKI Jakarta,Kota Adm. Jakarta Barat,106.73,-6.17,35,42.293
31740101a,Manggarai,JAWA,DKI Jakarta,Kota Adm. Jakarta Selatan,106.85,-6.2073,121,39.6243
31740401a,Pasar Minggu/Jt Padang,JAWA,DKI Jakarta,Kota Adm. Jakarta Selatan,106.8364,-6.286,73.7,39.6243
31740402a,Ragunan,JAWA,DKI Jakarta,Kota Adm. Jakarta Selatan,106.8203,-6.2941,162.5,39.6243
31740601a,Lebak Bulus Kebun Bibit,JAWA,DKI Jakarta,Kota Adm. Jakarta Selatan,106.7774,-6.3042,197.5,53.9887
31740701a,Pakubuwono,JAWA,DKI Jakarta,Kota Adm. Jakarta Selatan,106.7933,-6.2333,137,36.3023
31741001a,Pesanggrahan/ Depok,JAWA,DKI Jakarta,Kota Adm. Jakarta Selatan,106.7723,-6.397,204,53.9887
31750201a,Pintu Air Pulo Gadung,JAWA,DKI Jakarta,Kota Adm. Jakarta Timur,106.9045,-6.1909,91,48.191
31750601a,Ujung Menteng,JAWA,DKI Jakarta,Kota Adm. Jakarta Timur,106.96,-6.18,33,48.191
31750602a,Aneka Elok,JAWA,DKI Jakarta,Kota Adm. Jakarta Timur,106.9389,-6.1935,55,48.191
31750603a,Walikota Jaktim,JAWA,DKI Jakarta,Kota Adm. Jakarta Timur,106.9439,-6.2132,57,48.4736
31750803a,Cawang Wika,JAWA,DKI Jakarta,Kota Adm. Jakarta Timur,106.8782,-6.2407,157,39.6243
31750901a,Cimanggis,JAWA,DKI Jakarta,Kota Adm. Jakarta Timur,106.8854,-6.3666,153,47.4828
31750903a,IPAL Kampung Rambutan,JAWA,DKI Jakarta,Kota Adm. Jakarta Timur,106.8825,-6.313,43,47.4828
31751001a,Sunter Hulu,JAWA,DKI Jakarta,Kota Adm. Jakarta Timur,106.92,-6.3176,86,56.2834
31751003a,TMII,JAWA,DKI Jakarta,Kota Adm. Jakarta Timur,106.8988,-6.3037,49,47.4828
32010102a,Ciriung,JAWA,Jawa Barat,Kab. Bogor,106.8564,-6.4604,195,126.575
32010603a,BP3K Jonggol,JAWA,Jawa Barat,Kab. Bogor,107.0659,-6.4679,159,57.9042
32010606a,Dayeuh/Sukanagara,JAWA,Jawa Barat,Kab. Bogor,107.02,-6.51,116,50.6935
32010701a,Klapanungal,JAWA,Jawa Barat,Kab. Bogor,106.9621,-6.4143,74,75.2312
32010704a,Situ Tungilis,JAWA,Jawa Barat,Kab. Bogor,107.0313,-6.4198,63,57.9042
32010802a,Cariu,JAWA,Jawa Barat,Kab. Bogor,107.133,-6.5042,137,54.526
32010803a,Sinar Rasa_Tanjung rasa,JAWA,Jawa Barat,Kab. Bogor,107.158,-6.6198,373,54.1586
32011002a,Jampang,JAWA,Jawa Barat,Kab. Bogor,106.6947,-6.4815,218.2,85.5892
32011102a,Curug Serpong,JAWA,Jawa Barat,Kab. Bogor,106.7267,-6.3865,148.5,53.9887
32011201a,Situ Kemang ,JAWA,Jawa Barat,Kab. Bogor,106.7416,-6.4954,149,168.4828
32011202a,Lanud Atang Sanjaya,JAWA,Jawa Barat,Kab. Bogor,106.7553,-6.5445,486.2,196.6058
32011301a,Bojong Gede,JAWA,Jawa Barat,Kab. Bogor,106.786,-6.5089,186,196.6058
32011302a,Cis Empang,JAWA,Jawa Barat,Kab. Bogor,106.7991,-6.4535,179,168.4828
32011303a,Citayam,JAWA,Jawa Barat,Kab. Bogor,106.8054,-6.4704,240.3,126.575
32011401a,Perkeb. Cianten,JAWA,Jawa Barat,Kab. Bogor,106.6039,-6.7226,220.5,249.1005
32011404a,Pamijahan,JAWA,Jawa Barat,Kab. Bogor,106.7036,-6.6596,292.5,209.2208
32011406a,Bp3K  Leuwiliang,JAWA,Jawa Barat,Kab. Bogor,106.6298,-6.5635,171.5,165.3493
32011504a,Cihideung,JAWA,Jawa Barat,Kab. Bogor,106.7199,-6.5934,137,196.6058
32011505a,Cibodas,JAWA,Jawa Barat,Kab. Bogor,106.6912,-6.5474,129,165.3493
32011702a,Citeureup Pamijahan,JAWA,Jawa Barat,Kab. Bogor,106.66,-6.723,309,249.1005
32011801a,Rumpin,JAWA,Jawa Barat,Kab. Bogor,106.641,-6.442,187.2,85.5892
32011904a,Perkeb. Jasinga,JAWA,Jawa Barat,Kab. Bogor,106.468,-6.4735,63.8,120.2967
32012002a,Parung Panjang,JAWA,Jawa Barat,Kab. Bogor,106.55,-6.38,97.5,61.5265
32012103a,Nanggung,JAWA,Jawa Barat,Kab. Bogor,106.5395,-6.5975,117,103.8072
32012202a,Perkeb. Cikasungka,JAWA,Jawa Barat,Kab. Bogor,106.5386,-6.5528,157.5,103.8072
32012205a,Empl. Toge,JAWA,Jawa Barat,Kab. Bogor,106.5035,-6.5094,187,103.8072
32012506a,Naringgul,JAWA,Jawa Barat,Kab. Bogor,106.9877,-6.6985,93,96.8825
32012507a,Cibeureum Bogor,JAWA,Jawa Barat,Kab. Bogor,106.938,-6.7028,76.1,175.5518
32012508a,Citeko,JAWA,Jawa Barat,Kab. Bogor,106.9253,-6.6862,54.7,96.8825
32012511a,Perkeb. Gunung Mas,JAWA,Jawa Barat,Kab. Bogor,106.9674,-6.7092,74,175.5518
32012602a,Gadog,JAWA,Jawa Barat,Kab. Bogor,106.8638,-6.6569,119,81.7799
32012802a,Pondok Gedeh,JAWA,Jawa Barat,Kab. Bogor,106.8151,-6.7367,87,87.3473
32012902a,Cibalagung Bogor,JAWA,Jawa Barat,Kab. Bogor,106.7873,-6.6039,431.5,209.2208
32013301a,Depok_BMKG_Sukmajaya,JAWA,Jawa Barat,Kota Depok,106.8458,-6.4053,256,126.575
32013302a,Perkeb. Kahuripan,JAWA,Jawa Barat,Kab. Bogor,106.6912,-6.446,117.8,85.5892
32013303a,BPP Ciseeng,JAWA,Jawa Barat,Kab. Bogor,106.6875,-6.4462,128.5,85.5892
32013401a,Perkeb. Cimulang,JAWA,Jawa Barat,Kab. Bogor,106.7166,-6.5259,250,196.6058
32013701a,Cimulang_PU,JAWA,Jawa Barat,Kab. Bogor,106.7057,-6.5224,156,196.6058
32014001a,Gunung Bunder,JAWA,Jawa Barat,Kab. Bogor,106.6805,-6.6426,243,236.985
32020101a,PSDA Pel. Ratu 1,JAWA,Jawa Barat,Kab. Sukabumi,106.5438,-6.9854,70,376.9928
32020102a,Pel. Ratu 2 Damkar,JAWA,Jawa Barat,Kab. Sukabumi,106.5572,-6.9877,55,376.9928
32020103a,Citarik ,JAWA,Jawa Barat,Kab. Sukabumi,106.5917,-7.0046,34.5,363.5327
32020104a,Afd. Citarik,JAWA,Jawa Barat,Kab. Sukabumi,106.614,-7.0013,23.2,256.2142
32020201a,Perkeb. Cigaru,JAWA,Jawa Barat,Kab. Sukabumi,106.5967,-7.102,94.5,257.4654
32020401a,Goalpara,JAWA,Jawa Barat,Kab. Sukabumi,106.977,-6.8612,150.5,160.3833
32020402a,Batu Karut,JAWA,Jawa Barat,Kab. Sukabumi,106.9851,-6.8844,135,160.3833
32020403a,Bantar Gadung,JAWA,Jawa Barat,Kab. Sukabumi,106.6904,-6.9866,56,362.3478
32020502a,Afd. Ganesa,JAWA,Jawa Barat,Kab. Sukabumi,106.4708,-6.9354,50,265.2382
32020503a,Cikelat,JAWA,Jawa Barat,Kab. Sukabumi,106.4582,-6.8802,73.5,238.3582
32020504a,Perkeb. Pasir Badak,JAWA,Jawa Barat,Kab. Sukabumi,106.5211,-6.9245,36,376.9928
32020607a,Cipetir,JAWA,Jawa Barat,Kab. Sukabumi,106.6973,-6.86,26.5,347.5691
32020608a,Citarik Pajagan_Cikidang,JAWA,Jawa Barat,Kab. Sukabumi,106.6092,-6.9097,65.5,362.3478
32020701a,Lengkong,JAWA,Jawa Barat,Kab. Sukabumi,106.6924,-7.131,54.5,253.4
32020703a,Perkeb. Mataraman _Afd. Maranginan,JAWA,Jawa Barat,Kab. Sukabumi,106.6701,-7.1541,70,253.4
32020804a,Parawenuan,JAWA,Jawa Barat,Kab. Sukabumi,106.7652,-7.1002,234,264.1832
32020902a,PLTA Ubrug/ PH Sentral,JAWA,Jawa Barat,Kab. Sukabumi,106.7167,-6.9833,107,236.9426
32020903a,Kb. Cibungur,JAWA,Jawa Barat,Kab. Sukabumi,106.7501,-6.9516,75.2,236.9426
32020904a,KTH (Kolam Tandon Hujan),JAWA,Jawa Barat,Kab. Sukabumi,106.7537,-6.9462,96,236.9426
32021007a,Perkeb. Mandailing,JAWA,Jawa Barat,Kab. Sukabumi,106.7877,-6.9868,77.5,236.9426
32021008a,Cicatih,JAWA,Jawa Barat,Kab. Sukabumi,106.7556,-6.9513,84,236.9426
32021101a,Perkeb. Sukamaju,JAWA,Jawa Barat,Kab. Sukabumi,106.7732,-6.8831,143,176.985
32021102a,Cisekarwangi_Cibadak,JAWA,Jawa Barat,Kab. Sukabumi,106.7683,-6.9019,75,236.9426
32021103a,DAM Cicatih,JAWA,Jawa Barat,Kab. Sukabumi,106.7762,-6.9021,97,236.9426
32021201a,Sinagar,JAWA,Jawa Barat,Kab. Sukabumi,106.8015,-6.852,155,146.0558
32021501a,Parakan Salak,JAWA,Jawa Barat,Kab. Sukabumi,106.7,-6.8,65,249.1005
32021502a,Empl. Cisalak ,JAWA,Jawa Barat,Kab. Sukabumi,106.6608,-6.8374,81,347.5691
32021601a,Kec. Cicurug,JAWA,Jawa Barat,Kab. Sukabumi,106.7786,-6.7873,75,210.827
32021602a,Manggis,JAWA,Jawa Barat,Kab. Sukabumi,106.8136,-6.7729,210,87.3473
32021603a,Ciutara,JAWA,Jawa Barat,Kab. Sukabumi,106.7783,-6.7941,184,210.827
32022001a,Waluran,JAWA,Jawa Barat,Kab. Sukabumi,106.5996,-7.2102,125,278.3131
32022101a,Cikarang Ngluwung_Jampang Kulon,JAWA,Jawa Barat,Kab. Sukabumi,106.6245,-7.2546,65.5,227.1116
32022103a,BP3K Jampang Kulon,JAWA,Jawa Barat,Kab. Sukabumi,106.63,-7.26,92,227.1116
32022204a,Perkeb. Tugu Cimenteng,JAWA,Jawa Barat,Kab. Sukabumi,106.6301,-7.1262,88,253.4
32022205a,Afd. Ciemas,JAWA,Jawa Barat,Kab. Sukabumi,106.543,-7.1452,58,257.4654
32022207a,Perkeb. Surangga,JAWA,Jawa Barat,Kab. Sukabumi,106.61,-7.1,72,253.4
32022208a,Ciletuh,JAWA,Jawa Barat,Kab. Sukabumi,106.5268,-7.2494,75.5,278.3131
32022401a,UPTD PUPR Surade,JAWA,Jawa Barat,Kab. Sukabumi,106.543,-7.3586,61,284.3548
32022402a,Cigangsa_Surade,JAWA,Jawa Barat,Kab. Sukabumi,106.5481,-7.3256,85,284.3548
32022602a,Perkebunan Asabaland,JAWA,Jawa Barat,Kab. Sukabumi,106.4131,-7.3247,62,289.8549
32022902a,Ciraden,JAWA,Jawa Barat,Kab. Sukabumi,106.9011,-6.898,145,160.3833
32023201a,Cisalada,JAWA,Jawa Barat,Kab. Sukabumi,106.9403,-6.8775,232,160.3833
32023203a,Cikole / BBPBAT,JAWA,Jawa Barat,Kota Sukabumi,106.9338,-6.9097,102,164.7106
32023206a,Perbawati,JAWA,Jawa Barat,Kab. Sukabumi,106.9529,-6.8527,192,160.3833
32023901a,Cimandiri,JAWA,Jawa Barat,Kab. Sukabumi,106.9456,-6.9688,55.5,164.7106
32024001a,Bongas_Gegerbitung,JAWA,Jawa Barat,Kab. Sukabumi,107.0284,-6.99,79,143.231
32024103a,Datar Nangka,JAWA,Jawa Barat,Kab. Sukabumi,106.8465,-7.2054,65,143.9871
32024104a,Cibeber PSDA,JAWA,Jawa Barat,Kab. Sukabumi,106.4287,-7.3243,134.5,289.8549
32024501a,Tegal Buleud,JAWA,Jawa Barat,Kab. Sukabumi,106.6617,-7.3595,84,255.9431
32024502a,Perkeb. Cikaso,JAWA,Jawa Barat,Kab. Sukabumi,106.6277,-7.3552,90,255.9431
32030102a,BPP Cianjur,JAWA,Jawa Barat,Kab. Cianjur,107.1442,-6.8372,85.5,137.8321
32030201a,BPP Warung Kondang,JAWA,Jawa Barat,Kab. Cianjur,107.1108,-6.857,117,137.8321
32030301a,BPP Cibeber,JAWA,Jawa Barat,Kab. Cianjur,107.121,-6.9308,119.5,122.5187
32030401a,BPP Cilaku,JAWA,Jawa Barat,Kab. Cianjur,107.133,-6.8564,108,137.8321
32030503a,Cibalagung Cianjur,JAWA,Jawa Barat,Kab. Cianjur,107.2328,-6.7626,121,34.8434
32030504a,Sangiang_Cibarengkok,JAWA,Jawa Barat,Kab. Cianjur,107.2565,-6.8727,43,50.4218
32030505a,PSDA_Ciranjang,JAWA,Jawa Barat,Kab. Cianjur,107.2453,-6.814,56.5,50.4218
32030601a,Bojong Picung_kec,JAWA,Jawa Barat,Kab. Cianjur,107.2687,-6.8511,35.5,50.4218
32030605a,Cisokan,JAWA,Jawa Barat,Kab. Cianjur,107.2354,-6.8633,58.5,50.4218
32030701a,BPP Karang Tengah,JAWA,Jawa Barat,Kab. Cianjur,107.1585,-6.8071,72,137.8321
32030801a,Mande ,JAWA,Jawa Barat,Kab. Cianjur,107.2,-6.77,190,68.1799
32030803a,Janggari,JAWA,Jawa Barat,Kab. Cianjur,107.2597,-6.7515,71,34.8434
32031001a,Pacet Cianjur,JAWA,Jawa Barat,Kab. Cianjur,107.0063,-6.7127,158,82.1043
32031102a,Afd. Tanawati (Kb. Gedeh),JAWA,Jawa Barat,Kab. Cianjur,107.0414,-6.7985,119.5,82.1043
32031203a,Vada,JAWA,Jawa Barat,Kab. Cianjur,107.1833,-6.733,295,68.1799
32031205a,Maleber,JAWA,Jawa Barat,Kab. Cianjur,107.242,-6.719,62,34.8434
32031206a,Cikundul,JAWA,Jawa Barat,Kab. Cianjur,107.2109,-6.7208,117.5,34.8434
32031302a,Alam Indah Bunga Nusantara,JAWA,Jawa Barat,Kab. Cianjur,107.0765,-6.7262,113.2,82.1043
32031401a,Perkeb. Pasir Nangka,JAWA,Jawa Barat,Kab. Cianjur,107.0815,-7.1446,55,139.2105
32031402a,Perkeb. Ciwangi,JAWA,Jawa Barat,Kab. Cianjur,107.06,-7.1,60,139.2105
32031403a,Kec. Sukanegara,JAWA,Jawa Barat,Kab. Cianjur,107.1317,-7.0977,40,200.3559
32031405a,Sukanagara_PSDA,JAWA,Jawa Barat,Kab. Cianjur,107.1206,-7.1032,71.5,110.7203
32031501a,Perkeb. Gn. Rosa,JAWA,Jawa Barat,Kab. Cianjur,107.073,-7.0115,165,181.6754
32031502a,Panyairan,JAWA,Jawa Barat,Kab. Cianjur,107.1198,-7.023,173,200.3559
32031503a,Perkeb. Gn. Cempaka,JAWA,Jawa Barat,Kab. Cianjur,107.1145,-7.0374,138,200.3559
32031504a,Kec. Campaka ,JAWA,Jawa Barat,Kab. Cianjur,107.1423,-6.9983,191.5,122.5187
32031601a,BPP Takokak,JAWA,Jawa Barat,Kab. Cianjur,107.0029,-7.0504,107,181.6754
32031602a,P.Bunga Melur,JAWA,Jawa Barat,Kab. Cianjur,106.9759,-7.0399,95,141.5238
32031701a,Bendung Cikawung_Kadupandak,JAWA,Jawa Barat,Kab. Cianjur,107.085,-7.2802,11,112.8089
32031702a,BPP Kadupandak,JAWA,Jawa Barat,Kab. Cianjur,107.0476,-7.2582,13.1,112.8089
32031801a,BPP Pagelaran,JAWA,Jawa Barat,Kab. Cianjur,107.2169,-7.1289,102,125.412
32031802a,Pagelaran,JAWA,Jawa Barat,Kab. Cianjur,107.1407,-7.2111,85.5,131.9002
32031804a,Cijampang_PSDA,JAWA,Jawa Barat,Kab. Cianjur,107.15,-7.1333,40,110.7203
32031902a,Cikoronyo_PSDA,JAWA,Jawa Barat,Kab. Cianjur,107.1163,-7.2634,22,131.9002
32032008a,Cigebang,JAWA,Jawa Barat,Kab. Cianjur,107.125,-7.3033,11,99.0013
32032101a,Agrabinta 1_Ktr Induk,JAWA,Jawa Barat,Kab. Cianjur,106.9917,-7.4082,59.5,67.7964
32032103a,BPP Sindang Barang,JAWA,Jawa Barat,Kab. Cianjur,107.1379,-7.4528,18.5,99.9939
32032201a,Agrabinta 3_Ciagra,JAWA,Jawa Barat,Kab. Cianjur,106.9654,-7.4143,52,67.7964
32032202a,Haur wangi_Cipeuyeum_Mekarwangi,JAWA,Jawa Barat,Kab. Cianjur,107.2565,-6.8127,120,50.4218
32032204a,Agrabinta 2_Salatri,JAWA,Jawa Barat,Kab. Cianjur,106.9287,-7.4153,52,67.7964
32032303a,Cidaun,JAWA,Jawa Barat,Kab. Cianjur,107.345,-7.4906,0,173.7211
32032401a,BPP Naringgul,JAWA,Jawa Barat,Kab. Cianjur,107.3289,-7.3382,70.2,229.9346
32032501a,Campaka Mulya,JAWA,Jawa Barat,Kab. Cianjur,107.18,-7.0688,75,200.3559
32032901a,Cijati,JAWA,Jawa Barat,Kab. Cianjur,107.0337,-7.2607,38,112.8089
32033201a,Pasir Kuda,JAWA,Jawa Barat,Kab. Cianjur,107.1963,-7.2126,86.7,131.9002
32040501a,Cileunyi Kulon,JAWA,Jawa Barat,Kab. Bandung,107.7438,-6.9408,70.5,54.8121
32041501a,Margaluyu 1/Cipanunjang,JAWA,Jawa Barat,Kab. Bandung,107.556,-7.2113,84,104.3245
32041503a,PLTA Plengan ,JAWA,Jawa Barat,Kab. Bandung,107.5543,-7.1685,83,91.5192
32041504a,Malabar,JAWA,Jawa Barat,Kab. Bandung,107.5833,-7.21,32,104.3245
32041506a,Cileunca,JAWA,Jawa Barat,Kab. Bandung,107.5531,-7.1891,115,91.5192
32041510a,Cinkhona ,JAWA,Jawa Barat,Kab. Bandung,107.5771,-7.1864,77.5,91.5192
32041512a,Perkeb. Pasirmalang,JAWA,Jawa Barat,Kab. Bandung,107.5413,-7.2226,102,104.3245
32042501a,Cicalengka,JAWA,Jawa Barat,Kab. Bandung,107.8301,-6.9813,33,49.437
32042701a,BKP3 Cikancung,JAWA,Jawa Barat,Kab. Bandung,107.8168,-6.9988,43.5,49.437
32042901a,Ciparay,JAWA,Jawa Barat,Kab. Bandung,107.7129,-7.0338,74,82.5933
32043109a,Perkeb. Kertamanah,JAWA,Jawa Barat,Kab. Bandung,107.6107,-7.1902,70,63.0574
32043110a,Perkeb. Talun Santosa,JAWA,Jawa Barat,Kab. Bandung,107.6414,-7.2537,42.5,44.2073
32043201a,Bale Endah,JAWA,Jawa Barat,Kab. Bandung,107.6257,-6.9928,101,53.0094
32043502a,Paseh Bandung,JAWA,Jawa Barat,Kab. Bandung,107.7676,-7.1,111,46.212
32043601a,Kamojang,JAWA,Jawa Barat,Kab. Bandung,107.7841,-7.1398,51.5,46.212
32043701a,Cibeureum Bandung,JAWA,Jawa Barat,Kab. Bandung,107.4959,-7.0394,78,98.6036
32043702a,Soreang Indah ,JAWA,Jawa Barat,Kab. Bandung,107.5409,-7.0253,97.6,74.2164
32043801a,Patuahwattee,JAWA,Jawa Barat,Kab. Bandung,107.4028,-7.2057,64.5,162.2499
32043803a,Suren,JAWA,Jawa Barat,Kab. Bandung,107.4002,-7.2001,64,162.2499
32043903a,Rancasuni,JAWA,Jawa Barat,Kab. Bandung,107.3533,-7.1404,101,148.0866
32043907a,BP3K Ciwidey,JAWA,Jawa Barat,Kab. Bandung,107.4667,-7.1,111.5,129.9857
32043908a,Cisondari,JAWA,Jawa Barat,Kab. Bandung,107.564,-7.2221,59,104.3245
32043909a,Perkeb. Cibuni ,JAWA,Jawa Barat,Kab. Bandung,107.3329,-7.1869,132.5,148.0866
32044001a,Rancabali,JAWA,Jawa Barat,Kab. Bandung,107.3639,-7.1549,93,148.0866
32050301a,Wanaraja,JAWA,Jawa Barat,Kab. Garut,107.9852,-7.1756,49,63.8784
32050401a,Tarogong Kaler,JAWA,Jawa Barat,Kab. Garut,107.9,-7.19,77.5,50.1426
32050601a,Banyuresmi,JAWA,Jawa Barat,Kab. Garut,107.9465,-7.1705,100,63.8784
32050702a,Tarogong Kidul,JAWA,Jawa Barat,Kab. Garut,107.8771,-7.1986,68,50.1426
32050901a,Leles,JAWA,Jawa Barat,Kab. Garut,107.8571,-7.1357,31,50.1426
32051301a,BPP Kec. Kersamanah,JAWA,Jawa Barat,Kab. Garut,108.0383,-7.0519,151,47.3162
32051401a,Malangbong,JAWA,Jawa Barat,Kab. Garut,108.06,-7.0604,142.5,47.3162
32051701a,BP3K Kec. Bayongbong,JAWA,Jawa Barat,Kab. Garut,107.8206,-7.2706,48,83.2488
32051901a,Dayeuh Manggung,JAWA,Jawa Barat,Kab. Garut,107.9099,-7.3133,183,98.3725
32052001a,Cisurupan_Pamegatan,JAWA,Jawa Barat,Kab. Garut,107.7749,-7.3525,35,113.319
32052002a,Kramatwangi,JAWA,Jawa Barat,Kab. Garut,107.7664,-7.3143,55,113.319
32052204a,Kebun Cisaruni_Giri awas,JAWA,Jawa Barat,Kab. Garut,107.7469,-7.3608,98,113.319
32052205a,BP3K Cikajang,JAWA,Jawa Barat,Kab. Garut,107.8112,-7.3652,81,103.8927
32052401a,Singajaya,JAWA,Jawa Barat,Kab. Garut,107.9134,-7.4996,20.5,121.6827
32052701a,Perkeb. Miramare,JAWA,Jawa Barat,Kab. Garut,107.8871,-7.6874,2,62.798
32052801a,Perkeb. Bunisari,JAWA,Jawa Barat,Kab. Garut,107.8175,-7.5445,31,75.359
32052903a,Afd Sancang,JAWA,Jawa Barat,Kab. Garut,107.8139,-7.6844,1,62.798
32052904a,Afd. Candra,JAWA,Jawa Barat,Kab. Garut,107.9031,-7.6712,6,74.0568
32052905a,Afd. Nagara,JAWA,Jawa Barat,Kab. Garut,107.7771,-7.6677,5,47.4711
32053001a,BPP Cikelet,JAWA,Jawa Barat,Kab. Garut,107.6381,-7.5993,0,62.0049
32053101a,Bungbulang,JAWA,Jawa Barat,Kab. Garut,107.6,-7.467,21,138.6396
32053201a,BPP Mekarmukti,JAWA,Jawa Barat,Kab. Garut,107.5723,-7.5351,2.5,92.5544
32053302a,BPP Pakenjeng,JAWA,Jawa Barat,Kab. Garut,107.6711,-7.4652,44,58.2987
32053304a,Papandayan,JAWA,Jawa Barat,Kab. Garut,107.6383,-7.458,20,58.2987
32053501a,Cisewu,JAWA,Jawa Barat,Kab. Garut,107.5299,-7.3715,55,115.1981
32053601a,BPP Caringin,JAWA,Jawa Barat,Kab. Garut,107.4819,-7.4973,2,205.8463
32053801a,Limbangan,JAWA,Jawa Barat,Kab. Garut,107.9837,-7.0358,114.5,54.3912
32053901a,BPP SELAAWI,JAWA,Jawa Barat,Kab. Garut,108.0169,-7.0117,111,47.3162
32060103a,BPP Cipatujah,JAWA,Jawa Barat,Kab. Tasikmalaya,108.0192,-7.7345,39.7,44.992
32060201a,Karang Nunggal,JAWA,Jawa Barat,Kab. Tasikmalaya,108.1659,-7.6292,44.5,43.7878
32060205a,Wangunwatie,JAWA,Jawa Barat,Kab. Tasikmalaya,108.1352,-7.6025,88,43.7878
32060301a,BPP Cikalong,JAWA,Jawa Barat,Kab. Tasikmalaya,108.1844,-7.7812,33.8,33.9907
32060501a,Nariewattie Ii,JAWA,Jawa Barat,Kab. Tasikmalaya,108.2788,-7.5342,137.5,31.4481
32060502a,BP3K Kec. Cikatomas,JAWA,Jawa Barat,Kab. Tasikmalaya,108.2656,-7.61,39,24.4586
32060503a,Cayur_Cikatomas,JAWA,Jawa Barat,Kab. Tasikmalaya,108.2858,-7.6156,36,24.4586
32061001a,BPP. Culamega,JAWA,Jawa Barat,Kab. Tasikmalaya,108.0444,-7.6113,151,63.6959
32061101a,BPP Bojong Gambir,JAWA,Jawa Barat,Kab. Tasikmalaya,107.9535,-7.4828,40.2,121.6827
32061201a,Sodong Hilir,JAWA,Jawa Barat,Kab. Tasikmalaya,108.0531,-7.4881,81.8,88.9144
32061302a,Perkeb. Sambawa,JAWA,Jawa Barat,Kab. Tasikmalaya,107.9892,-7.4604,65.5,121.6827
32061402a,BPP Salawu,JAWA,Jawa Barat,Kab. Tasikmalaya,108.0031,-7.3686,98.5,70.9013
32061501a,BPP Puspahiyang,JAWA,Jawa Barat,Kab. Tasikmalaya,108.057,-7.4279,62.5,88.9144
32062002a,Ktr Kec. Cineam ,JAWA,Jawa Barat,Kab. Tasikmalaya,108.359,-7.4087,128,37.7665
32062201a,BPP Manonjaya ,JAWA,Jawa Barat,Kab. Tasikmalaya,108.3152,-7.3465,134.5,35.1934
32062301a,Gn. Tanjung,JAWA,Jawa Barat,Kab. Tasikmalaya,108.2819,-7.4201,158,38.4572
32062402a,Singaparna,JAWA,Jawa Barat,Kab. Tasikmalaya,108.1111,-7.3509,138.4,49.0756
32062701a,BPP Cigalontang,JAWA,Jawa Barat,Kab. Tasikmalaya,108.0374,-7.3539,120,70.9013
32062901a,Cisaruni,JAWA,Jawa Barat,Kab. Tasikmalaya,108.1203,-7.3186,144.5,49.0756
32063101a,Kec. Sukaratu,JAWA,Jawa Barat,Kab. Tasikmalaya,108.1442,-7.2796,123,29.9689
32063201a,BPP Cisayong,JAWA,Jawa Barat,Kab. Tasikmalaya,108.1685,-7.2678,126.5,29.9689
32063602a,BPP Ciawi,JAWA,Jawa Barat,Kab. Tasikmalaya,108.1555,-7.1437,38,35.6736
32063801a,Pager Ageung,JAWA,Jawa Barat,Kab. Tasikmalaya,108.1667,-7.1167,181.5,35.6736
32070104a,UPTD Ciamis,JAWA,Jawa Barat,Kab. Ciamis,108.3643,-7.3362,95,35.1934
32070401a,BPP. Sadananya,JAWA,Jawa Barat,Kab. Ciamis,108.3151,-7.2811,125,51.4508
32070501a,Kec. Cidolog,JAWA,Jawa Barat,Kab. Ciamis,108.4421,-7.4096,172,35.6406
32070601a,Kel. Sumber Jaya,JAWA,Jawa Barat,Kab. Ciamis,108.1986,-7.2346,135.5,29.9689
32070801a,Panjalu,JAWA,Jawa Barat,Kab. Ciamis,108.2667,-7.15,106,56.1126
32070901a,Kawali ,JAWA,Jawa Barat,Kab. Ciamis,108.3698,-7.187,113,86.6186
32070902a,BP3K Kawali,JAWA,Jawa Barat,Kab. Ciamis,108.3731,-7.1893,111,86.6186
32070903a,Bendung Nanggela,JAWA,Jawa Barat,Kab. Ciamis,108.387,-7.1974,71.5,86.6186
32071002a,Bendung Jagabaya,JAWA,Jawa Barat,Kab. Ciamis,108.3769,-7.1056,69,86.6186
32071502a,Rancah,JAWA,Jawa Barat,Kab. Ciamis,108.5007,-7.1974,165,154.746
32071601a,BPP Tambak Sari,JAWA,Jawa Barat,Kab. Ciamis,108.5424,-7.2488,74.5,101.2799
32071802a,Banjarsari 2,JAWA,Jawa Barat,Kab. Ciamis,108.6167,-7.483,30.5,76.4873
32072101a,Afd. Putra Pinggan,JAWA,Jawa Barat,Kab. Pangandaran,108.6962,-7.6386,54,97.7577
32072102a,Kalipucang,JAWA,Jawa Barat,Kab. Pangandaran,108.7504,-7.6462,49,61.3769
32072202a,BP3K_Pananjung  Pangandaran,JAWA,Jawa Barat,Kab. Pangandaran,108.6499,-7.683,45.5,97.7577
32072401a,Parigi,JAWA,Jawa Barat,Kab. Pangandaran,108.49,-7.7,61,15.7552
32072403a,BP3K Parigi_Cinta Karya,JAWA,Jawa Barat,Kab. Pangandaran,108.4801,-7.657,30,19.3888
32072502a,BPP Cijulang_Margacinta,JAWA,Jawa Barat,Kab. Pangandaran,108.4892,-7.7114,39.5,15.7552
32072602a,BPP Kec. Cimerak ,JAWA,Jawa Barat,Kab. Pangandaran,108.4391,-7.7511,191,15.7552
32073001a,Cisaga,JAWA,Jawa Barat,Kab. Ciamis,108.5156,-7.3425,57.5,109.9934
32073002a,Lemah Neundeut,JAWA,Jawa Barat,Kab. Ciamis,108.5115,-7.3128,61,109.9934
32073201a,Afd. Ciaren_Batu Lawang,JAWA,Jawa Barat,Kota Banjar,108.564,-7.4168,93.5,32.9019
32080201a,Ciniru,JAWA,Jawa Barat,Kab. Kuningan,108.5001,-7.0429,125,62.7228
32080301a,Subang Kuningan,JAWA,Jawa Barat,Kab. Kuningan,108.5259,-7.1286,155,154.746
32080401a,Ciwaru,JAWA,Jawa Barat,Kab. Kuningan,108.6276,-7.077,104,63.7705
32080601a,Lur Agung ,JAWA,Jawa Barat,Kab. Kuningan,108.5897,-7.0013,98,62.7228
32080801a,Garawangi,JAWA,Jawa Barat,Kab. Kuningan,108.5464,-7.0027,118,62.7228
32080901a,Kuningan,JAWA,Jawa Barat,Kab. Kuningan,108.4843,-6.989,63,44.7108
32081002a,Ciawi Gebang,JAWA,Jawa Barat,Kab. Kuningan,108.592,-6.9755,62,56.6038
32081101a,Ciekeusik,JAWA,Jawa Barat,Kab. Kuningan,108.6802,-6.9624,39,78.497
32081201a,Bendung Lame,JAWA,Jawa Barat,Kab. Kuningan,108.4952,-6.9117,66,44.7108
32081301a,Linggarjati,JAWA,Jawa Barat,Kab. Kuningan,108.5022,-6.8669,37.5,114.2692
32081402a,Mandi Rancan ,JAWA,Jawa Barat,Kab. Kuningan,108.4683,-6.8097,59,66.5265
32081501a,Selajambe,JAWA,Jawa Barat,Kab. Kuningan,108.5056,-7.1211,128,154.746
32081601a,Kramat Mulya,JAWA,Jawa Barat,Kab. Kuningan,108.4918,-6.9304,44,44.7108
32081701a,Gunung Sirah,JAWA,Jawa Barat,Kab. Kuningan,108.3906,-6.9861,21,48.9333
32081704a,Waduk Darma,JAWA,Jawa Barat,Kab. Kuningan,108.4163,-7.0086,55,53.962
32081801a,Cigugur Kuningan,JAWA,Jawa Barat,Kab. Kuningan,108.4707,-6.9517,65,44.7108
32082101a,Susukan ,JAWA,Jawa Barat,Kab. Kuningan,108.5462,-6.9559,60,56.6038
32082701a,Kalimanggis,JAWA,Jawa Barat,Kab. Kuningan,108.5962,-6.9663,46,56.6038
32082806a,Cibeureum_bendg Cibogo ,JAWA,Jawa Barat,Kab. Kuningan,108.7212,-7.0882,177.4,56.4093
32083101a,Sindang Agung,JAWA,Jawa Barat,Kab. Kuningan,108.5352,-6.9626,93,56.6038
32083201a,Cigandamekar,JAWA,Jawa Barat,Kab. Kuningan,108.5233,-6.8794,62,114.2692
32090201a,Jatiseeng,JAWA,Jawa Barat,Kab. Cirebon,108.74,-6.902,80.5,81.4034
32090501a,Gebang Udik,JAWA,Jawa Barat,Kab. Cirebon,108.7228,-6.8528,27,97.4402
32090601a,Seuseupan,JAWA,Jawa Barat,Kab. Cirebon,108.6187,-6.8899,88,124.6748
32090602a,Karangwangi,JAWA,Jawa Barat,Kab. Cirebon,108.65,-6.85,76,124.6748
32090701a,Panongan,JAWA,Jawa Barat,Kab. Cirebon,108.5667,-6.8622,68,114.2692
32090702a,Sedong I,JAWA,Jawa Barat,Kab. Cirebon,108.5667,-6.8667,41,114.2692
32090705a,Sindang Laut,JAWA,Jawa Barat,Kab. Cirebon,108.6217,-6.8298,2,124.6748
32090801a,Bunder_Cirebon,JAWA,Jawa Barat,Kab. Cirebon,108.386,-6.6029,57,64.1906
32091001a,Gumulung Lebak,JAWA,Jawa Barat,Kab. Cirebon,108.5706,-6.8167,101,114.2692
32091201a,Mundu Mesigit,JAWA,Jawa Barat,Kab. Cirebon,108.5819,-6.78,36,157.0729
32091203a,Setupatok Selatan,JAWA,Jawa Barat,Kab. Cirebon,108.57,-6.79,23,157.0729
32091204a,Penpen,JAWA,Jawa Barat,Kab. Cirebon,108.5792,-6.7857,19,157.0729
32091205a,Pamengkang,JAWA,Jawa Barat,Kab. Cirebon,108.5589,-6.7641,50.5,157.0729
32091301a,Buluh_Cibuluh ,JAWA,Jawa Barat,Kab. Cirebon,108.556,-6.8226,107,114.2692
32091401a,Cangkol,JAWA,Jawa Barat,Kab. Cirebon,108.5106,-6.7557,38,157.0729
32091501a,Wanasaba Kidul,JAWA,Jawa Barat,Kab. Cirebon,108.4898,-6.7776,51,115.1472
32091502a,Sindang Jawa,JAWA,Jawa Barat,Kab. Cirebon,108.45,-6.67,96,77.8682
32091704a,Kepuh,JAWA,Jawa Barat,Kab. Cirebon,108.418,-6.7524,77,115.1472
32091901a,Tukmudal,JAWA,Jawa Barat,Kab. Cirebon,108.4695,-6.7545,91,115.1472
32091902a,Cangkring,JAWA,Jawa Barat,Kab. Cirebon,108.495,-6.6757,48,77.8682
32092206a,Karang Kendal,JAWA,Jawa Barat,Kab. Cirebon,108.5005,-6.5878,58,98.9744
32092207a,Losari,JAWA,Jawa Barat,Kab. Cirebon,108.6217,-6.8358,37,124.6748
32092304a,Klangenan,JAWA,Jawa Barat,Kab. Cirebon,108.4304,-6.7405,95.5,115.1472
32092401a,Arjawinangun,JAWA,Jawa Barat,Kab. Cirebon,108.42,-6.64,86,77.8682
32092601a,Walahar Cirebon,JAWA,Jawa Barat,Kab. Cirebon,108.3677,-6.715,113,71.4505
32092701a,Luwung kencana,JAWA,Jawa Barat,Kab. Cirebon,108.34,-6.6224,52,64.1906
32092801a,Gegesik,JAWA,Jawa Barat,Kab. Cirebon,108.4159,-6.6014,103,77.8682
32093301a,Cangkuang,JAWA,Jawa Barat,Kab. Cirebon,108.7114,-6.8836,37,97.4402
32094001a,Karangasem,JAWA,Jawa Barat,Kab. Cirebon,108.4805,-6.701,36,115.1472
32100101a,Sadawangi,JAWA,Jawa Barat,Kab. Majalengka,108.1803,-6.9768,75,34.9972
32100202a,Werasari,JAWA,Jawa Barat,Kab. Majalengka,108.2347,-7.0371,121,49.3381
32100203a,Cirenang,JAWA,Jawa Barat,Kab. Majalengka,108.1991,-6.9983,94,34.9972
32100301a,Rawa,JAWA,Jawa Barat,Kab. Majalengka,108.3395,-7.0288,68,63.894
32100302a,Cikijing,JAWA,Jawa Barat,Kab. Majalengka,108.3498,-7.0098,72,63.894
32100401a,Sunia,JAWA,Jawa Barat,Kab. Majalengka,108.335,-6.9555,69,48.9333
32100402a,Talaga,JAWA,Jawa Barat,Kab. Majalengka,108.3667,-6.9667,65,48.9333
32100403a,Banjaran,JAWA,Jawa Barat,Kab. Majalengka,108.3137,-6.9671,35,48.9333
32100501a,Panyangkaran,JAWA,Jawa Barat,Kab. Majalengka,108.3108,-6.8946,48,52.3487
32100601a,Pasanggrahan,JAWA,Jawa Barat,Kab. Majalengka,108.2926,-6.8838,38,49.6447
32100602a,Maja/Ciawi,JAWA,Jawa Barat,Kab. Majalengka,108.3039,-6.8809,63,52.3487
32100801a,Sukahaji,JAWA,Jawa Barat,Kab. Majalengka,108.2919,-6.8144,78,49.6447
32100901a,Pajajar,JAWA,Jawa Barat,Kab. Majalengka,108.3371,-6.8241,115,52.3487
32100902a,Payung,JAWA,Jawa Barat,Kab. Majalengka,108.363,-6.8313,96,52.3487
32100904a,Rajagaluh,JAWA,Jawa Barat,Kab. Majalengka,108.3389,-6.7736,45,71.4505
32101001a,Lame,JAWA,Jawa Barat,Kab. Majalengka,108.3345,-6.7641,44,71.4505
32101102a,Leuweng Gede,JAWA,Jawa Barat,Kab. Majalengka,108.25,-6.75,76,49.9129
32101103a,BPP Jatiwangi,JAWA,Jawa Barat,Kab. Majalengka,108.2769,-6.7245,48.5,49.9129
32101106a,Sta. Met Jatiwangi,JAWA,Jawa Barat,Kab. Majalengka,108.26,-6.73,177,49.9129
32101301a,Karang Sembung,JAWA,Jawa Barat,Kab. Majalengka,108.1667,-6.75,52,57.0971
32101403a,Pakumbahan,JAWA,Jawa Barat,Kab. Majalengka,108.1739,-6.712,76,57.0971
32101501a,PG. Jati Tujuh,JAWA,Jawa Barat,Kab. Majalengka,108.24,-6.5955,31.2,56.7522
32101502a,Ktr. Camat Jati Tujuh,JAWA,Jawa Barat,Kab. Majalengka,108.23,-6.6454,54,48.7235
32101504a,Rentang,JAWA,Jawa Barat,Kab. Majalengka,108.2201,-6.6633,37.5,48.7235
32102001a,Majalengka,JAWA,Jawa Barat,Kab. Majalengka,108.25,-6.8333,69,49.6447
32102002a,Cigasong,JAWA,Jawa Barat,Kab. Majalengka,108.2533,-6.8437,63,49.6447
32110302a,UPTD PKP Kec. Darmaraja,JAWA,Jawa Barat,Kab. Sumedang,108.0646,-6.9078,89,49.0491
32110303a,PUPR Situraja,JAWA,Jawa Barat,Kab. Sumedang,108.0745,-6.9192,104,49.0491
32110701a,Conggeang,JAWA,Jawa Barat,Kab. Sumedang,108.0099,-6.7405,39.5,44.7688
32110801a,Paseh Sumedang,JAWA,Jawa Barat,Kab. Sumedang,108.0163,-6.7985,90.5,44.7688
32111001a,Buah Dua,JAWA,Jawa Barat,Kab. Sumedang,107.9137,-6.7122,76,54.4345
32111101a,Tanjung Sari,JAWA,Jawa Barat,Kab. Sumedang,107.8,-6.9,107,98.0697
32111501a,PEDCA UNPAD Jatinangor,JAWA,Jawa Barat,Kab. Sumedang,107.7719,-6.9222,58,54.8121
32111502a,Jatinangor,JAWA,Jawa Barat,Kab. Sumedang,107.7777,-6.9328,56,54.8121
32111601a,Rancakalong,JAWA,Jawa Barat,Kab. Sumedang,107.8458,-6.8254,183,79.8058
32111703a,BPBD Sumedang Selatan,JAWA,Jawa Barat,Kab. Sumedang,107.9203,-6.8626,51,59.1258
32112101a,Sindang Laya,JAWA,Jawa Barat,Kab. Sumedang,107.8404,-6.7668,65,52.4884
32112201a,BPP Cimalaka ,JAWA,Jawa Barat,Kab. Sumedang,107.9504,-6.8145,79.5,59.1258
32112401a,Tomo,JAWA,Jawa Barat,Kab. Sumedang,108.1358,-6.7617,96,57.0971
32112501a,Ujung Jaya,JAWA,Jawa Barat,Kab. Sumedang,108.1,-6.71,145.5,44.7688
32112602a,PLTA Parakan Kondang,JAWA,Jawa Barat,Kab. Sumedang,108.1,-6.8333,69,44.6377
32120101a,Gantar,JAWA,Jawa Barat,Kab. Indramayu,107.9729,-6.5266,71,73.2906
32120102a,Cipancuh,JAWA,Jawa Barat,Kab. Indramayu,107.9444,-6.4878,51,80.7737
32120103a,Bantar Huni,JAWA,Jawa Barat,Kab. Indramayu,107.9511,-6.5891,70,73.2906
32120201a,Kroya,JAWA,Jawa Barat,Kab. Indramayu,108.05,-6.4833,24,64.8491
32120203a,Temiyang,JAWA,Jawa Barat,Kab. Indramayu,108.0211,-6.4869,52,64.8491
32120301a,Gabus Wetan,JAWA,Jawa Barat,Kab. Indramayu,108.078,-6.4397,27.5,64.8491
32120302a,Leuweng Semut,JAWA,Jawa Barat,Kab. Indramayu,108.02,-6.4449,19,64.8491
32120303a,Karang Asem,JAWA,Jawa Barat,Kab. Indramayu,108.0535,-6.3921,18,55.4226
32120304a,Bankir,JAWA,Jawa Barat,Kab. Indramayu,108.2921,-6.3851,61,53.8141
32120401a,Cikedung,JAWA,Jawa Barat,Kab. Indramayu,108.1681,-6.4982,24,58.3475
32120402a,Sumur Watu,JAWA,Jawa Barat,Kab. Indramayu,108.1261,-6.5254,31,61.7965
32120502a,Tugu,JAWA,Jawa Barat,Kab. Indramayu,108.2125,-6.5181,27,56.7522
32120601a,Sukadana_Sukaperna,JAWA,Jawa Barat,Kab. Indramayu,108.3153,-6.5456,57,81.5167
32120702a,Ujungaris ,JAWA,Jawa Barat,Kab. Indramayu,108.29,-6.46,17,61.9101
32120801a,Kertasemaya,JAWA,Jawa Barat,Kab. Indramayu,108.3512,-6.5248,81,81.5167
32120802a,Bondan,JAWA,Jawa Barat,Kab. Indramayu,108.3001,-6.6057,53,64.1906
32120903a,Krangkeng,JAWA,Jawa Barat,Kab. Indramayu,108.4846,-6.5037,33,92.3549
32121001a,Kedokan Bunder,JAWA,Jawa Barat,Kab. Indramayu,108.4269,-6.5089,43,92.3549
32121101a,Juntinyuat,JAWA,Jawa Barat,Kab. Indramayu,108.4389,-6.4343,44,121.5309
32121201a,Sudi Kampiran,JAWA,Jawa Barat,Kab. Indramayu,108.3402,-6.4543,36.5,96.7592
32121301a,Jati Barang,JAWA,Jawa Barat,Kab. Indramayu,108.3093,-6.4894,65,96.7592
32121501a,Bugis,JAWA,Jawa Barat,Kab. Indramayu,107.9315,-6.3889,9,55.6103
32121502a,Indramayu 1,JAWA,Jawa Barat,Kab. Indramayu,108.3237,-6.3457,75,84.0259
32121602a,Rancabango,JAWA,Jawa Barat,Kab. Subang,107.6709,-6.3771,39,46.6239
32121801a,Loh Bener 1,JAWA,Jawa Barat,Kab. Indramayu,108.2831,-6.4054,32,61.9101
32121802a,Cidempet,JAWA,Jawa Barat,Kab. Indramayu,108.2469,-6.3528,17,53.8141
32122001a,Losarang,JAWA,Jawa Barat,Kab. Indramayu,108.1506,-6.4053,67,58.3475
32122101a,Bulak,JAWA,Jawa Barat,Kab. Indramayu,108.114,-6.3622,17,51.357
32122203a,Sudimampir lor,JAWA,Jawa Barat,Kab. Indramayu,108.3671,-6.4015,119,96.7592
32122301a,Anjatan 1,JAWA,Jawa Barat,Kab. Indramayu,107.9555,-6.3453,5.5,55.6103
32122304a,Wanguk,JAWA,Jawa Barat,Kab. Indramayu,107.962,-6.4181,17,80.7737
32122401a,Tulang Kacang,JAWA,Jawa Barat,Kab. Indramayu,108.0004,-6.3622,5,55.4226
32122402a,Bugel,JAWA,Jawa Barat,Kab. Indramayu,107.9846,-6.2989,16.5,65.6613
32122403a,Sukra,JAWA,Jawa Barat,Kab. Indramayu,107.936,-6.3096,9,55.6103
32122601a,Terisi,JAWA,Jawa Barat,Kab. Indramayu,108.1509,-6.482,25.5,58.3475
32130102a,Ciseuti,JAWA,Jawa Barat,Kab. Subang,107.6744,-6.6731,142,81.922
32130103a,Curug Agung,JAWA,Jawa Barat,Kab. Subang,107.6656,-6.6326,104,81.922
32130104a,Cinangling,JAWA,Jawa Barat,Kab. Subang,107.6886,-6.5575,110,109.0122
32130301a,Dangdeur,JAWA,Jawa Barat,Kab. Subang,107.7378,-6.5469,69,85.1207
32130303a,PCH Subang,JAWA,Jawa Barat,Kab. Subang,107.7537,-6.5524,51,85.1207
32130402a,Lanud Suryadarma_Kalijati Subang,JAWA,Jawa Barat,Kab. Subang,107.66,-6.529,158,109.0122
32130404a,Jatiroke,JAWA,Jawa Barat,Kab. Subang,107.7299,-6.3225,22,45.8833
32130503a,Tanjung,JAWA,Jawa Barat,Kab. Subang,107.5412,-6.3894,11,38.6613
32130703a,Pegaden,JAWA,Jawa Barat,Kab. Subang,107.7867,-6.4906,136,67.236
32130802a,Cigadung,JAWA,Jawa Barat,Kab. Subang,107.83,-6.3964,36,52.606
32130803a,Pawelutan,JAWA,Jawa Barat,Kab. Subang,107.8041,-6.4031,4,94.4329
32130904a,Ciasem,JAWA,Jawa Barat,Kab. Subang,107.6626,-6.3541,57,46.6239
32131002a,Cigugur Subang,JAWA,Jawa Barat,Kab. Subang,107.8999,-6.3301,0,52.606
32131003a,Karang Anyar Subang,JAWA,Jawa Barat,Kab. Subang,107.9077,-6.2965,17,65.6613
32131004a,Pusakanagara,JAWA,Jawa Barat,Kab. Subang,107.8773,-6.2853,0,61.85
32131101a,Pamanukan,JAWA,Jawa Barat,Kab. Subang,107.8159,-6.2821,18,61.85
32131301a,Cilamaya,JAWA,Jawa Barat,Kab. Subang,107.6068,-6.2708,10,39.2894
32131501a,Salam Darma,JAWA,Jawa Barat,Kab. Subang,107.8929,-6.4209,8,94.4329
32131601a,Ciberes,JAWA,Jawa Barat,Kab. Subang,107.5831,-6.3761,37,38.6613
32132001a,Cipeundeuy,JAWA,Jawa Barat,Kab. Subang,107.5608,-6.5014,52,115.0018
32132002a,Perkeb. Jalupang,JAWA,Jawa Barat,Kab. Subang,107.5872,-6.5206,67,115.0018
32132202a,Tanjungsari,JAWA,Jawa Barat,Kab. Subang,107.7464,-6.3972,20,45.8833
32132302a,Ponggang,JAWA,Jawa Barat,Kab. Subang,107.6306,-6.6648,192,81.922
32132501a,Tambak dahan,JAWA,Jawa Barat,Kab. Subang,107.8154,-6.3482,5,52.606
32132502a,Wanasari,JAWA,Jawa Barat,Kab. Subang,107.7664,-6.3554,24,45.8833
32132503a,Bojongkeding,JAWA,Jawa Barat,Kab. Subang,107.8528,-6.354,2,52.606
32132601a,Kasomalang,JAWA,Jawa Barat,Kab. Subang,107.7344,-6.6969,139,72.0203
32132802a,Cibandung,JAWA,Jawa Barat,Kab. Subang,107.7486,-6.4697,95,67.236
32140101a,Purwakarta,JAWA,Jawa Barat,Kab. Purwakarta,107.4475,-6.525,36,96.6705
32140102a,Sadang,JAWA,Jawa Barat,Kab. Purwakarta,107.4599,-6.5273,25,96.6705
32140201a,Cinangka Purwakarta,JAWA,Jawa Barat,Kab. Purwakarta,107.4605,-6.4288,55,88.3093
32140203a,Ktr. Camat Campaka,JAWA,Jawa Barat,Kab. Purwakarta,107.48,-6.51,31,96.6705
32140205a,Cibukamanah,JAWA,Jawa Barat,Kab. Purwakarta,107.5151,-6.5514,103,115.0018
32140206a,Cikumpay,JAWA,Jawa Barat,Kab. Purwakarta,107.5089,-6.4684,27,73.9675
32140207a,Pundong,JAWA,Jawa Barat,Kab. Purwakarta,107.5111,-6.4388,20,73.9675
32140302a,Darangdan,JAWA,Jawa Barat,Kab. Purwakarta,107.4267,-6.6754,91,55.236
32140303a,Cikao Bandung,JAWA,Jawa Barat,Kab. Purwakarta,107.403,-6.5113,52,96.6705
32140305f,Gunung Anaga,JAWA,Jawa Barat,Kab. Purwakarta,107.3215,-6.6189,146,48.2006
32140603a,Gunung Hejo,JAWA,Jawa Barat,Kab. Purwakarta,107.4212,-6.667,99,55.236
32140604a,Cisomang,JAWA,Jawa Barat,Kab. Purwakarta,107.4187,-6.6919,116,55.236
32140901a,Wanayasa,JAWA,Jawa Barat,Kab. Purwakarta,107.5544,-6.6764,247,80.2536
32140902a,Ciracas,JAWA,Jawa Barat,Kab. Purwakarta,107.5814,-6.6804,318,80.2536
32141601a,Pondok Salam,JAWA,Jawa Barat,Kab. Purwakarta,107.4978,-6.6188,104,55.236
32150101a,Plawad,JAWA,Jawa Barat,Kab. Karawang,107.3451,-6.2944,56.5,52.5665
32150201a,Ciptasari_Pangkalan,JAWA,Jawa Barat,Kab. Karawang,107.2183,-6.5098,131,58.5115
32150202a,Tegalwaru_Bendung Waru,JAWA,Jawa Barat,Kab. Karawang,107.2254,-6.5259,178,58.5115
32150301a,Teluk Jambe,JAWA,Jawa Barat,Kab. Karawang,107.3117,-6.3367,54,82.3505
32150504a,Walahar Karawang,JAWA,Jawa Barat,Kab. Karawang,107.3614,-6.384,54,82.3505
32150506a,Cileuntah,JAWA,Jawa Barat,Kab. Karawang,107.3843,-6.4293,43,96.7704
32150601a,Pataruman,JAWA,Jawa Barat,Kab. Karawang,107.3,-6.1768,19,33.8471
32150602a,Rengas Dengklok,JAWA,Jawa Barat,Kab. Karawang,107.3045,-6.1569,20,28.3117
32150603a,Pacing Karawang,JAWA,Jawa Barat,Kab. Karawang,107.3041,-6.1562,3,28.3117
32150604a,Gempol Lor,JAWA,Jawa Barat,Kab. Karawang,107.3309,-6.1035,15,28.3117
32150801a,Pangakaran,JAWA,Jawa Barat,Kab. Karawang,107.1609,-6.0217,0,49.1714
32150802a,Batu Jaya,JAWA,Jawa Barat,Kab. Karawang,107.2176,-6.1014,1,33.8471
32150803a,Teluk Bango Karawang,JAWA,Jawa Barat,Kab. Karawang,107.2106,-6.094,4,47.1494
32151101a,Cibuaya,JAWA,Jawa Barat,Kab. Karawang,107.3408,-6.0369,2,44.9171
32151201a,Teluk Buyung,JAWA,Jawa Barat,Kab. Karawang,107.1352,-6.0476,0,49.1714
32151301a,Pedes,JAWA,Jawa Barat,Kab. Karawang,107.3693,-6.0936,12,44.9171
32151401a,Ciherang Karawang,JAWA,Jawa Barat,Kab. Karawang,107.5089,-6.3784,54,38.6613
32151404a,Telar,JAWA,Jawa Barat,Kab. Karawang,107.5196,-6.3658,43,38.6613
32151406a,Barubug,JAWA,Jawa Barat,Kab. Karawang,107.5284,-6.3991,29,38.6613
32151408a,Cikalong Karawang,JAWA,Jawa Barat,Kab. Karawang,107.5528,-6.3705,44,38.6613
32151409a,Jatisari_PJT,JAWA,Jawa Barat,Kab. Karawang,107.5277,-6.3659,22,38.6613
32151410a,Citapen/Tapen,JAWA,Jawa Barat,Kab. Karawang,107.5439,-6.3681,21,38.6613
32151502a,Kecemek,JAWA,Jawa Barat,Kab. Karawang,107.5207,-6.2644,39.5,38.8737
32151503a,Pesirukem,JAWA,Jawa Barat,Kab. Karawang,107.5761,-6.2301,23,38.8737
32151601a,Kamurang/Ceplik,JAWA,Jawa Barat,Kab. Karawang,107.4838,-6.3242,68,46.5736
32151701a,Telagasari_Cilewu,JAWA,Jawa Barat,Kab. Karawang,107.3938,-6.2929,40.6,52.5665
32151802a,Rawamerta,JAWA,Jawa Barat,Kab. Karawang,107.3679,-6.2634,24,52.5665
32151901a,Peunduey,JAWA,Jawa Barat,Kab. Karawang,107.4714,-6.2791,55,42.4021
32152003a,Kedung Saga,JAWA,Jawa Barat,Kab. Karawang,107.4614,-6.1967,13,37.2192
32152004a,Pegadungan,JAWA,Jawa Barat,Kab. Karawang,107.4543,-6.1986,10,37.2192
32152102a,Leuweung Seureuh,JAWA,Jawa Barat,Kab. Karawang,107.3649,-6.3377,55,82.3505
32152603a,Karawang,JAWA,Jawa Barat,Kab. Karawang,107.3224,-6.3129,54,82.3505
32152901a,Tamelang,JAWA,Jawa Barat,Kab. Karawang,107.4023,-6.3872,92,46.5736
32160601a,BPP Tambun,JAWA,Jawa Barat,Kab. Bekasi,107.0833,-6.2167,14.5,35.6472
32160701a,Cibitung,JAWA,Jawa Barat,Kab. Bekasi,107.09,-6.22,22,35.6472
32160801a,Babakan,JAWA,Jawa Barat,Kab. Bekasi,107.0612,-6.128,41,42.2447
32160901a,Cipayung,JAWA,Jawa Barat,Kab. Bekasi,107.227,-6.3021,13,69.7047
32160903a,Bendung Cikarang,JAWA,Jawa Barat,Kab. Bekasi,107.118,-6.2922,15,28.7786
32160904a,Sie. Lemah Abang,JAWA,Jawa Barat,Kab. Bekasi,107.1642,-6.2634,20,28.7786
32161101a,Bend. Lemah Abang,JAWA,Jawa Barat,Kab. Bekasi,107.1841,-6.2683,14,28.7786
32161102a,Rengas Bandung,JAWA,Jawa Barat,Kab. Bekasi,107.2208,-6.245,12.5,25.3271
32161201a,Pacing Bekasi,JAWA,Jawa Barat,Kab. Bekasi,107.2319,-6.1044,9,33.8471
32161303a,Teluk Bango Bekasi,JAWA,Jawa Barat,Kab. Bekasi,107.2772,-6.1451,2,33.8471
32161304a,Pabayuran/ Kertasari,JAWA,Jawa Barat,Kab. Bekasi,107.24,-6.14,15,33.8471
32161501a,Srengseng,JAWA,Jawa Barat,Kab. Bekasi,107.1801,-6.1725,15,36.1853
32161601a,Tapak Serang,JAWA,Jawa Barat,Kab. Bekasi,107.0624,-6.1296,1,42.2447
32161701a,Gabus,JAWA,Jawa Barat,Kab. Bekasi,107.0489,-6.1674,33,42.2447
32161801a,Setu,JAWA,Jawa Barat,Kab. Bekasi,107.0438,-6.3431,78.5,52.1373
32162003a,Bendung Cibeet,JAWA,Jawa Barat,Kab. Bekasi,107.2214,-6.3913,80.5,69.7047
32170103a,PO. Geofisika Lembang,JAWA,Jawa Barat,Kab. Bandung Barat,107.6178,-6.8265,77.9,50.237
32170104a,Margahayu Lembang,JAWA,Jawa Barat,Kab. Bandung Barat,107.6482,-6.803,70,50.237
32170201a,Sukawana,JAWA,Jawa Barat,Kab. Bandung Barat,107.587,-6.7816,86,75.7901
32170303a,Perkeb. Sukawana,JAWA,Jawa Barat,Kab. Bandung Barat,107.5869,-6.7863,100.5,75.7901
32170402a,Maswati,JAWA,Jawa Barat,Kab. Bandung Barat,107.4332,-6.7598,130,62.6373
32170406a,Perkeb. Pangheotan,JAWA,Jawa Barat,Kab. Bandung Barat,107.4897,-6.7545,229,62.6373
32170407a,Perkeb. Panglejar,JAWA,Jawa Barat,Kab. Bandung Barat,107.449,-6.718,152,62.6373
32170501a,Cirata,JAWA,Jawa Barat,Kab. Bandung Barat,107.368,-6.7022,147,28.3659
32170502a,Cipicung,JAWA,Jawa Barat,Kab. Bandung Barat,107.3276,-6.7263,131,28.3659
32170702a,Cimeta,JAWA,Jawa Barat,Kab. Bandung Barat,107.3821,-6.8175,68,58.7006
32170706a,Rajamandala,JAWA,Jawa Barat,Kab. Bandung Barat,107.3488,-6.8427,119,58.7006
32170707a,Dam Saguling,JAWA,Jawa Barat,Kab. Bandung Barat,107.3681,-6.9123,33.5,107.1362
32170801a,Padalarang,JAWA,Jawa Barat,Kab. Bandung Barat,107.4761,-6.8539,31.2,145.4012
32171101a,Cililin,JAWA,Jawa Barat,Kab. Bandung Barat,107.4522,-6.949,83,182.6795
32171401a,Sindangkerta Bandung Barat,JAWA,Jawa Barat,Kab. Bandung Barat,107.4087,-6.9917,140,182.6795
32171502a,Perkeb. Montaya,JAWA,Jawa Barat,Kab. Bandung Barat,107.3119,-7.0263,129.5,120.4673
32171503a,Montaya Saguling,JAWA,Jawa Barat,Kab. Bandung Barat,107.3121,-7.0271,147.5,120.4673
32180201a,Kondang Jajar_Perhubpindo_Cijulang_Nusawiru,JAWA,Jawa Barat,Kab. Pangandaran,108.4896,-7.7241,67.5,15.7552
32180301a,Afd. Cimerak,JAWA,Jawa Barat,Kab. Pangandaran,108.386,-7.7654,182,22.2362
32180601a,BPP. Mangunjaya,JAWA,Jawa Barat,Kab. Pangandaran,108.6996,-7.4895,69,76.4873
32710101a,Empang,JAWA,Jawa Barat,Kota Bogor,106.7914,-6.6117,322,209.2208
32710201a,Katulampa,JAWA,Jawa Barat,Kota Bogor,106.8342,-6.6333,147.5,81.7799
32710302a,Kb. Percob. Cimanggu,JAWA,Jawa Barat,Kota Bogor,106.7882,-6.5773,391,196.6058
32710401a,Staklim Darmaga,JAWA,Jawa Barat,Kota Bogor,106.744,-6.5539,277.8,196.6058
32710501a,Kebun Raya Bogor,JAWA,Jawa Barat,Kota Bogor,106.7956,-6.5988,243.8,196.6058
32720201a,Ciaul,JAWA,Jawa Barat,Kota Sukabumi,106.9446,-6.9172,98,164.7106
32720601a,Cadin_PSDA Sukabumi,JAWA,Jawa Barat,Kota Sukabumi,106.92,-6.95,41,164.7106
32720602a,Situ Mekar,JAWA,Jawa Barat,Kota Sukabumi,106.9021,-6.9692,19,164.7106
32730201a,Bandung_Saguling ( puslit air ),JAWA,Jawa Barat,Kota Bandung,107.6144,-6.8826,106.5,50.237
32730501a,Lanud Husein,JAWA,Jawa Barat,Kota Bandung,107.5761,-6.9021,70.1,132.8726
32730701a,Sta. Geofisika Bandung,JAWA,Jawa Barat,Kota Bandung,107.5968,-6.8835,116.6,103.7289
32730801a,PLTA Bengkok,JAWA,Jawa Barat,Kota Bandung,107.6245,-6.8618,83.4,50.237
32731304a,Lengkong/ Telaga Bodas,JAWA,Jawa Barat,Kota Bandung,107.6226,-6.9284,109,53.0094
32732602a,Ujung Berung,JAWA,Jawa Barat,Kota Bandung,107.7295,-6.936,98.5,54.8121
32750102a,Rawa Dukuh,JAWA,Jawa Barat,Kota Bekasi,107.0299,-6.2262,59,35.6472
32750201a,Kranji,JAWA,Jawa Barat,Kota Bekasi,107.0036,-6.2221,72,35.6472
32750302a,Teluk Pucung,JAWA,Jawa Barat,Kota Bekasi,107.0378,-6.1837,34,42.2447
32750401a,Bendung Bekasi,JAWA,Jawa Barat,Kota Bekasi,106.9978,-6.2499,47,48.4736
32750901a,Cikeas,JAWA,Jawa Barat,Kota Bekasi,106.9623,-6.3056,54,56.2834
32760102a,Lab. Perikanan Depok,JAWA,Jawa Barat,Kota Depok,106.8147,-6.4002,265,126.575
32760601a,Beji Depok,JAWA,Jawa Barat,Kota Depok,106.8065,-6.3807,176.2,47.4828
32770302a,Cimahi,JAWA,Jawa Barat,Kota Cimahi,107.5556,-6.8693,72.5,103.7289
32780302a,Unsil (Universitas Siliwangi),JAWA,Jawa Barat,Kota Tasikmalaya,108.2224,-7.3492,138.8,41.6593
32780401a,Cigede_Sindang galih,JAWA,Jawa Barat,Kota Tasikmalaya,108.2,-7.29,119,29.9689
32780502a,Talagasari_Kawalu,JAWA,Jawa Barat,Kota Tasikmalaya,108.1974,-7.3791,124.5,49.0756
32781001a,Lanud_Wiriadinata,JAWA,Jawa Barat,Kota Tasikmalaya,108.2429,-7.3448,147.5,41.6593
32790201a,Afd. Mandalareh,JAWA,Jawa Barat,Kota Banjar,108.6,-7.3602,124.5,109.9934
33010101a,Kedungrejo 1,JAWA,Jawa Tengah,Kab. Cilacap,108.787,-7.5014,53,47.3184
33010103a,Bojongsari (Karangsari),JAWA,Jawa Tengah,Kab. Cilacap,108.7175,-7.484,84,60.8156
33010202a,Kesugihan / Kuripan Kidul,JAWA,Jawa Tengah,Kab. Cilacap,109.1207,-7.6175,64,15.709
33010302a,Adipala,JAWA,Jawa Tengah,Kab. Cilacap,109.1479,-7.663,38,15.709
33010401a,Binangun,JAWA,Jawa Tengah,Kab. Cilacap,109.268,-7.6643,9,8.6833
33010501a,Nusawungu,JAWA,Jawa Tengah,Kab. Cilacap,109.3424,-7.6483,31,20.7644
33010602a,UPT Dispertanak Wil. Kroya,JAWA,Jawa Tengah,Kab. Cilacap,109.2455,-7,20.5,59.0147
33010701a,Maos,JAWA,Jawa Tengah,Kab. Cilacap,109.1465,-7.6107,1,15.709
33010901a,Kawunganten,JAWA,Jawa Tengah,Kab. Cilacap,108.91,-7.5868,36,58.9628
33011001a,Kec. Gandrungmangu,JAWA,Jawa Tengah,Kab. Cilacap,108.8559,-7.5225,35,30.7961
33011102a,Kec. Sidareja,JAWA,Jawa Tengah,Kab. Cilacap,108.7919,-7.4837,37,60.8156
33011201a,Karang Pucung,JAWA,Jawa Tengah,Kab. Cilacap,108.9011,-7.4101,51,52.4324
33011302a,Kec. Cimanggu,JAWA,Jawa Tengah,Kab. Cilacap,108.8397,-7.3551,148,66.5392
33011404a,Ujung Barang,JAWA,Jawa Tengah,Kab. Cilacap,108.7628,-7.2982,212.5,79.6485
33011503a,Wanareja BP2KP,JAWA,Jawa Tengah,Kab. Cilacap,108.6806,-7.3352,156,99.1305
33011601a,Kec. Dayeuh Luhur,JAWA,Jawa Tengah,Kab. Cilacap,108.6098,-7.2595,191,119.1294
33011605a,Moncolimo,JAWA,Jawa Tengah,Kab. Cilacap,108.596,-7.3133,46,109.9934
33011608a,Ciawitali PTP,JAWA,Jawa Tengah,Kab. Cilacap,108.6004,-7.3253,52,99.1305
33011609a,Matsuka / Matenggeng PTP,JAWA,Jawa Tengah,Kab. Cilacap,108.5923,-7.2234,79,101.2799
33011802a,BPP. Cipari,JAWA,Jawa Tengah,Kab. Cilacap,108.7607,-7.4389,38,60.8156
33011901a,Patimuan,JAWA,Jawa Tengah,Kab. Cilacap,108.7559,-7.5979,55,47.3184
33012203a,Jeruk Legi DPU,JAWA,Jawa Tengah,Kab. Cilacap,109.0324,-7.5591,78,12.3326
33012204a,Gn Simping,JAWA,Jawa Tengah,Kab. Cilacap,109.0309,-7.7055,111,96.5063
33012302a,Gumilir,JAWA,Jawa Tengah,Kab. Cilacap,109.033,-7.6724,99,11.523
33012401a,Kec. Kampung Laut,JAWA,Jawa Tengah,Kab. Cilacap,108.9994,-7.7325,32,140.19
33020101a,Lumbir,JAWA,Jawa Tengah,Kab. Banyumas,108.958,-7.445,37,52.4324
33020201a,Kelopo Gading,JAWA,Jawa Tengah,Kab. Banyumas,109.065,-7.518,17.5,12.3326
33020202a,Banteran BPP,JAWA,Jawa Tengah,Kab. Banyumas,109.066,-7.509,15,12.3326
33020401a,BPP. Rawalo / Menganti,JAWA,Jawa Tengah,Kab. Banyumas,109.1493,-7.5394,5,20.7211
33020701a,Kalijering/Sumpiuh,JAWA,Jawa Tengah,Kab. Banyumas,109.369,-7.595,18,28.771
33020705a,DAM Kalijering,JAWA,Jawa Tengah,Kab. Banyumas,109.3687,-7.595,2,28.771
33021101a,Krumput,JAWA,Jawa Tengah,Kab. Banyumas,109.286,-7.564,3,17.2534
33021102a,Banyumas 2 DPU,JAWA,Jawa Tengah,Kab. Banyumas,109.294,-7.521,21,17.2534
33021104a,Danaraja BPP,JAWA,Jawa Tengah,Kab. Banyumas,109.3067,-7.5288,6,28.771
33021301a,Purwojati,JAWA,Jawa Tengah,Kab. Banyumas,109.3646,-7.6123,0,20.7644
33021401a,Darmak Radenan,JAWA,Jawa Tengah,Kab. Banyumas,109.025,-7.421,81,25.5249
33021404a,BD. Tajum,JAWA,Jawa Tengah,Kab. Banyumas,109.0763,-7.4451,15,25.5249
33021501a,Gumelar,JAWA,Jawa Tengah,Kab. Banyumas,108.9811,-7.3758,113,108.9429
33021551a,Kebun Samudra,JAWA,Jawa Tengah,Kab. Banyumas,108.986,-7.369,153,108.9429
33021701a,Cikidang Bpp,JAWA,Jawa Tengah,Kab. Banyumas,109.125,-7.4,25,76.4158
33021802a,Singasari UPBAT / BBI,JAWA,Jawa Tengah,Kab. Banyumas,109.175,-7.3914,72,76.4158
33021901a,BD. Kertadirjan,JAWA,Jawa Tengah,Kab. Banyumas,109.2916,-7.4546,16,44.7277
33022001a,Bojongsari Smpk,JAWA,Jawa Tengah,Kab. Banyumas,109.28,-7.424,23,44.7277
33022103a,BD. Sumbang / BD. Bogasari,JAWA,Jawa Tengah,Kab. Banyumas,109.2559,-7.362,89,69.3844
33022201a,Baturaden / Rempoah,JAWA,Jawa Tengah,Kab. Banyumas,109.239,-7.37,122,69.3844
33022204a,Ketenger,JAWA,Jawa Tengah,Kab. Banyumas,109.2249,-7.3251,154,69.3844
33022601a,Arca.Wngn PHP,JAWA,Jawa Tengah,Kab. Banyumas,109.265,-7.413,59,44.7277
33030101a,Panican,JAWA,Jawa Tengah,Kab. Purbalingga,109.3975,-7.4515,16,51.1095
33030102a,Kar.Kemiri Smpk,JAWA,Jawa Tengah,Kab. Purbalingga,109.377,-7.449,17,51.1095
33030401a,Trenggiling,JAWA,Jawa Tengah,Kab. Purbalingga,109.3869,-7.3614,20,66.9763
33030501a,Purbalingga,JAWA,Jawa Tengah,Kab. Purbalingga,109.3613,-7.3904,121,66.9763
33030601a,Kalimanah BPP / Mewek,JAWA,Jawa Tengah,Kab. Purbalingga,109.3439,-7.4085,54,51.1095
33030903a,Talagening,JAWA,Jawa Tengah,Kab. Purbalingga,109.344,-7.2877,141,84.3729
33031101a,Karanganyar,JAWA,Jawa Tengah,Kab. Purbalingga,109.408,-7.3045,91,81.0093
33031104a,Balai Desa Karanganyar,JAWA,Jawa Tengah,Kab. Purbalingga,109.4273,-7.3091,71,81.0093
33031301a,Rembang/Losari,JAWA,Jawa Tengah,Kab. Purbalingga,109.5188,-7.3051,310,80.215
33040101a,Krikil BD/DAM,JAWA,Jawa Tengah,Kab. Banjarnegara,109.4106,-7.51,55,35.9266
33040102a,Susukan BPP,JAWA,Jawa Tengah,Kab. Banjarnegara,109.3988,-7.4913,21,51.1095
33040201a,Purworejo Klampok Bpp,JAWA,Jawa Tengah,Kab. Banjarnegara,109.4299,-7.4314,10,54.1178
33040202a,Purworejo Klampok Kec,JAWA,Jawa Tengah,Kab. Banjarnegara,109.4404,-7.4598,22,54.1178
33040203a,Kalicacing BBU,JAWA,Jawa Tengah,Kab. Banjarnegara,109.4608,-7.4678,26,54.1178
33040301a,Mandiraja,JAWA,Jawa Tengah,Kab. Banjarnegara,109.521,-7.453,31,95.5432
33040302a,Kalisapi BD.,JAWA,Jawa Tengah,Kab. Banjarnegara,109.4844,-7.4917,16,54.1178
33040402a,Purwonegoro / Pos Pelayanan IR,JAWA,Jawa Tengah,Kab. Banjarnegara,109.5602,-7.4354,41,95.5432
33040501a,Bawang DPU,JAWA,Jawa Tengah,Kab. Banjarnegara,109.6467,-7.422,70,124.7742
33040502a,Bawang BPP,JAWA,Jawa Tengah,Kab. Banjarnegara,109.6132,-7.3988,89,85.9087
33040702a,Sigaluh BPP,JAWA,Jawa Tengah,Kab. Banjarnegara,109.7634,-7.397,154,45.0339
33040801a,Limbangan II,JAWA,Jawa Tengah,Kab. Banjarnegara,109.7642,-7.3748,163,45.0339
33040901a,Clangap,JAWA,Jawa Tengah,Kab. Banjarnegara,109.693,-7.3599,176,85.9087
33040902a,Banjarmangu PH,JAWA,Jawa Tengah,Kab. Banjarnegara,109.6873,-7.3613,111,85.9087
33041101a,Rakit BPP,JAWA,Jawa Tengah,Kab. Banjarnegara,109.5308,-7.435,20,95.5432
33041301a,Karangkobar Kec,JAWA,Jawa Tengah,Kab. Banjarnegara,109.7387,-7.2707,140,104.2407
33041401a,Pagentan,JAWA,Jawa Tengah,Kab. Banjarnegara,109.8103,-7.3009,150,93.0613
33041501a,Penusupan / Pejawaran,JAWA,Jawa Tengah,Kab. Banjarnegara,109.795,-7.2485,90,104.2407
33041702a,KRPH. Wanayasa,JAWA,Jawa Tengah,Kab. Banjarnegara,109.7515,-7.2416,134,104.2407
33050101a,Ayah,JAWA,Jawa Tengah,Kab. Kebumen,109.4066,-7.6668,43,23.8353
33050201a,Sikayu 1,JAWA,Jawa Tengah,Kab. Kebumen,109.4857,-7.6758,40,23.8353
33050202a,Rembes,JAWA,Jawa Tengah,Kab. Kebumen,109.4881,-7.6437,18,23.8353
33050301a,Puring,JAWA,Jawa Tengah,Kab. Kebumen,109.5229,-7.7362,91,32.8068
33050401a,Podourip,JAWA,Jawa Tengah,Kab. Kebumen,109.5859,-7.6965,45,41.6193
33050402a,Petanahan,JAWA,Jawa Tengah,Kab. Kebumen,109.591,-7.739,41,32.8068
33050501a,Podoluhur,JAWA,Jawa Tengah,Kab. Kebumen,109.6476,-7.6905,50,84.6199
33050601a,Rantewringin,JAWA,Jawa Tengah,Kab. Kebumen,109.6555,-7.7473,131,39.6422
33050602a,Kloposawit,JAWA,Jawa Tengah,Kab. Kebumen,109.6913,-7.7373,27,39.6422
33050902a,Tersobo,JAWA,Jawa Tengah,Kab. Kebumen,109.7878,-7.7205,17,85.5918
33050903a,Prembun Pmb,JAWA,Jawa Tengah,Kab. Kebumen,109.8258,-7.7205,23,126.4741
33050904a,Srimadono Smpk,JAWA,Jawa Tengah,Kab. Kebumen,109.7835,-7.7191,14,85.5918
33051001a,Kutowinangun,JAWA,Jawa Tengah,Kab. Kebumen,109.7386,-7.72,19,85.5918
33051003a,Badegolan,JAWA,Jawa Tengah,Kab. Kebumen,109.7741,-7.6759,20,126.3972
33051201a,Kebumen,JAWA,Jawa Tengah,Kab. Kebumen,109.6561,-7.6593,22,84.6199
33051203a,Pesucen,JAWA,Jawa Tengah,Kab. Kebumen,109.696,-7.686,9,84.6199
33051301a,Kedungsamak,JAWA,Jawa Tengah,Kab. Kebumen,109.6528,-7.6333,175,84.6199
33051502a,Adimulyo,JAWA,Jawa Tengah,Kab. Kebumen,109.5826,-7.6632,73,41.6193
33051601a,Kuwarasan,JAWA,Jawa Tengah,Kab. Kebumen,109.5163,-7.6435,21,41.6193
33051701a,Kretek,JAWA,Jawa Tengah,Kab. Kebumen,109.4479,-7.5987,17,35.9266
33051702a,Rawokele,JAWA,Jawa Tengah,Kab. Kebumen,109.434,-7.66,33,23.8353
33051802a,Kedungwringin,JAWA,Jawa Tengah,Kab. Kebumen,109.5029,-7.5393,14,48.0909
33051803a,Smpk. Sempor,JAWA,Jawa Tengah,Kab. Kebumen,109.4808,-7.5641,10.5,35.9266
33051804a,Sampang,JAWA,Jawa Tengah,Kab. Kebumen,109.4705,-7.5464,10,35.9266
33051901a,Gombong,JAWA,Jawa Tengah,Kab. Kebumen,109.5188,-7.5945,9,48.0909
33052001a,Rawokawuk,JAWA,Jawa Tengah,Kab. Kebumen,109.5435,-7.6025,10,41.6193
33052002a,Candi,JAWA,Jawa Tengah,Kab. Kebumen,109.5835,-7.618,29,41.6193
33052201a,Karangsambung,JAWA,Jawa Tengah,Kab. Kebumen,109.6716,-7.5474,25,83.664
33052202a,Kaligending,JAWA,Jawa Tengah,Kab. Kebumen,109.677,-7.5839,21,83.664
33052401a,Bendungan Wadaslintang,JAWA,Jawa Tengah,Kab. Kebumen,109.8193,-7.5436,49,79.7336
33060101a,Kedungkamal,JAWA,Jawa Tengah,Kab. Purworejo,109.9206,-7.791,40,86.3593
33060201a,Ngombol,JAWA,Jawa Tengah,Kab. Purworejo,109.9611,-7.816,28,79.2879
33060301a,Purwodadi,JAWA,Jawa Tengah,Kab. Purworejo,109.997,-7.828,52,79.2879
33060304a,Jogoboyo Kel.,JAWA,Jawa Tengah,Kab. Purworejo,109.9997,-7.8384,67,79.2879
33060401a,Gunung Butak,JAWA,Jawa Tengah,Kab. Purworejo,110.011,-7.819,22,60.1629
33060501a,Kaligesing,JAWA,Jawa Tengah,Kab. Purworejo,110.08,-7.7349,48,83.358
33060502a,Rph Katerban,JAWA,Jawa Tengah,Kab. Purworejo,109.9199,-7.6918,2,116.1256
33060601a,Purworejo,JAWA,Jawa Tengah,Kab. Purworejo,110.0006,-7.7195,34,83.358
33060602a,Cengkawakrejo,JAWA,Jawa Tengah,Kab. Purworejo,110.006,-7.7716,71,83.358
33060603a,Kledung Kradenan / Banyu Urip,JAWA,Jawa Tengah,Kab. Purworejo,109.9928,-7.7263,40,86.3593
33060801a,Bendung Jrakah,JAWA,Jawa Tengah,Kab. Purworejo,109.9615,-7.7074,40,86.3593
33060901a,Semawung Daleman,JAWA,Jawa Tengah,Kab. Purworejo,109.9068,-7.7368,34,86.3593
33061001a,Pekatingan,JAWA,Jawa Tengah,Kab. Purworejo,109.8561,-7.7149,38,126.4741
33061101a,Bd. Kedunggupit Wetan,JAWA,Jawa Tengah,Kab. Purworejo,109.8381,-7.6583,25,119.5794
33061201a,Sawangan,JAWA,Jawa Tengah,Kab. Purworejo,109.9636,-7.633,39,116.1256
33061203a,Bendung Rebug,JAWA,Jawa Tengah,Kab. Purworejo,109.9247,-7.6601,0,116.1256
33061204a,Sokogelap,JAWA,Jawa Tengah,Kab. Purworejo,109.872,-7.631,32,119.5794
33061205a,Bendung Turus,JAWA,Jawa Tengah,Kab. Purworejo,109.9434,-7.6434,29,116.1256
33061206a,Kemiri Bpp,JAWA,Jawa Tengah,Kab. Purworejo,109.8941,-7.6839,42,119.5794
33061301a,Bruno,JAWA,Jawa Tengah,Kab. Purworejo,109.924,-7.5763,29,123.0407
33061401a,BPP Gerbang Bendosari,JAWA,Jawa Tengah,Kab. Purworejo,109.9914,-7.6493,61,116.1256
33061501a,Maron Ii,JAWA,Jawa Tengah,Kab. Purworejo,110.0325,-7.6561,38,139.3596
33061502a,Banyuasin,JAWA,Jawa Tengah,Kab. Purworejo,110.0361,-7.6871,0,139.3596
33061503a,Trirejo DPU (S.Bogowonto),JAWA,Jawa Tengah,Kab. Purworejo,110.032,-7.678,82,139.3596
33061601a,Guntur,JAWA,Jawa Tengah,Kab. Purworejo,110.0225,-7.6109,42,139.3596
33061602a,Bendung kaliduren (Kd Loteng),JAWA,Jawa Tengah,Kab. Purworejo,110.0582,-7.6401,124,139.3596
33061603a,Ngasinan / Bener,JAWA,Jawa Tengah,Kab. Purworejo,110.0476,-7.5427,43,181.8631
33070201a,Kepil,JAWA,Jawa Tengah,Kab. Wonosobo,110.0034,-7.5176,87,181.8631
33070202a,Kalikarung,JAWA,Jawa Tengah,Kab. Wonosobo,109.9478,-7.5252,101,123.0407
33070301a,Tanjungsari,JAWA,Jawa Tengah,Kab. Wonosobo,109.9761,-7.4471,164,175.9948
33070302a,Pecekelan,JAWA,Jawa Tengah,Kab. Wonosobo,109.9861,-7.4805,161,175.9948
33070502a,Sutoireng/Sukoharjo,JAWA,Jawa Tengah,Kab. Wonosobo,109.7931,-7.4017,68,90.6389
33070601a,Selomerto,JAWA,Jawa Tengah,Kab. Wonosobo,109.886,-7.4168,62,88.497
33070802a,Bedakah,JAWA,Jawa Tengah,Kab. Wonosobo,109.9725,-7.3489,86,216.8492
33070803a,Kertek,JAWA,Jawa Tengah,Kab. Wonosobo,109.9563,-7.3829,55,216.8492
33070903a,Rojoimo,JAWA,Jawa Tengah,Kab. Wonosobo,109.9218,-7.3628,143,216.8492
33071001a,Banjaran,JAWA,Jawa Tengah,Kab. Wonosobo,109.8583,-7.3371,98,93.0613
33071002a,Welahan/Watumalang,JAWA,Jawa Tengah,Kab. Wonosobo,109.8591,-7.3299,66,93.0613
33071101a,Mojotengah,JAWA,Jawa Tengah,Kab. Wonosobo,109.8934,-7.327,173,93.0613
33071102a,Tuk Mudal,JAWA,Jawa Tengah,Kab. Wonosobo,109.9261,-7.329,75,216.8492
33071201a,Garung,JAWA,Jawa Tengah,Kab. Wonosobo,109.9229,-7.2934,165,226.7519
33071203a,Wangan Aji,JAWA,Jawa Tengah,Kab. Wonosobo,109.9169,-7.2991,178,226.7519
33071302a,Tambi Si,JAWA,Jawa Tengah,Kab. Wonosobo,109.9563,-7.2657,173,226.7519
33071304a,Kejajar,JAWA,Jawa Tengah,Kab. Wonosobo,109.9545,-7.2497,143,226.7519
33080101a,Salaman 1,JAWA,Jawa Tengah,Kab. Magelang,110.1354,-7.5844,60,207.3286
33080401a,Semen/Salam,JAWA,Jawa Tengah,Kab. Magelang,110.321,-7.625,60,66.8911
33080503a,Muntilan,JAWA,Jawa Tengah,Kab. Magelang,110.2752,-7.5751,104,136.5279
33080504a,Srumbung,JAWA,Jawa Tengah,Kab. Magelang,110.3449,-7.6096,137,66.8911
33080601a,BPP Dukun / Banggalan,JAWA,Jawa Tengah,Kab. Magelang,110.34,-7.552,81,103.834
33080701a,Sawangan,JAWA,Jawa Tengah,Kab. Magelang,110.3438,-7.5286,116,103.834
33080902f,Borobudur Smpk,JAWA,Jawa Tengah,Kab. Magelang,110.204,-7.6039,87,113.7043
33080903a,Mungkid,JAWA,Jawa Tengah,Kab. Magelang,110.2764,-7.5503,144,136.5279
33080904a,Mendut,JAWA,Jawa Tengah,Kab. Magelang,110.2224,-7.5968,57,136.5279
33080906a,Ngrajeg Sp,JAWA,Jawa Tengah,Kab. Magelang,110.24,-7.591,117,136.5279
33081001a,Seneng Si,JAWA,Jawa Tengah,Kab. Magelang,110.2127,-7.509,105,136.5279
33081002a,Mertoyudan,JAWA,Jawa Tengah,Kab. Magelang,110.1902,-7.5252,224,207.3286
33081201a,Kaliloro,JAWA,Jawa Tengah,Kab. Magelang,110.1046,-7.5183,57,207.3286
33081301a,Kaliangkrik,JAWA,Jawa Tengah,Kab. Magelang,110.1132,-7.4635,90,219.4143
33081302a,Kacetan,JAWA,Jawa Tengah,Kab. Magelang,110.151,-7.449,79.5,219.4143
33081402a,Trasan Bpp,JAWA,Jawa Tengah,Kab. Magelang,110.201,-7.467,148,141.2325
33081404a,SMPK UNTIDAR,JAWA,Jawa Tengah,Kab. Magelang,110.1996,-7.4527,118,219.4143
33081701a,Ngablak,JAWA,Jawa Tengah,Kab. Magelang,110.3008,-7.4075,78,122.4802
33081901a,Tegalrejo,JAWA,Jawa Tengah,Kab. Magelang,110.2504,-7.4702,62,141.2325
33082001a,Plered,JAWA,Jawa Tengah,Kab. Magelang,110.2327,-7.4318,86,141.2325
33082002a,Secang Bpp,JAWA,Jawa Tengah,Kab. Magelang,110.249,-7.396,110,160.0917
33090101a,Jrakah,JAWA,Jawa Tengah,Kab. Boyolali,110.4217,-7.4973,33.5,107.3187
33090102a,Selo,JAWA,Jawa Tengah,Kab. Boyolali,110.4603,-7.5014,85,106.1551
33090202a,Ampel,JAWA,Jawa Tengah,Kab. Boyolali,110.5461,-7.4587,120,68.7657
33090302a,Cepogo BP3K,JAWA,Jawa Tengah,Kab. Boyolali,110.5262,-7.5156,33,91.3852
33090303a,Cepogo PU,JAWA,Jawa Tengah,Kab. Boyolali,110.5178,-7.5064,57,91.3852
33090401a,Musuk,JAWA,Jawa Tengah,Kab. Boyolali,110.5458,-7.5387,32,91.3852
33090402a,Keposong,JAWA,Jawa Tengah,Kab. Boyolali,110.5504,-7.5879,126,91.3852
33090501a,Boyolali BPP,JAWA,Jawa Tengah,Kab. Boyolali,110.5925,-7.5189,34,91.3852
33090601a,Mojosongo,JAWA,Jawa Tengah,Kab. Boyolali,110.6264,-7.5399,62,37.5327
33090701a,Nepen,JAWA,Jawa Tengah,Kab. Boyolali,110.6412,-7.5677,29,37.5327
33090703a,Teras / Pepe /Penjalinan,JAWA,Jawa Tengah,Kab. Boyolali,110.654,-7.5229,38,37.5327
33090802a,Bendung Baran,JAWA,Jawa Tengah,Kab. Boyolali,110.705,-7.562,70,25.1338
33090901a,KBB Bangak/BPP Banyudono,JAWA,Jawa Tengah,Kab. Boyolali,110.6792,-7.5467,68,37.5327
33090905a,Tempel (BD. Sorotan),JAWA,Jawa Tengah,Kab. Boyolali,110.6785,-7.5511,130,37.5327
33091001a,Sambi,JAWA,Jawa Tengah,Kab. Boyolali,110.6854,-7.4821,44,43.2268
33091101a,Adisumarmo,JAWA,Jawa Tengah,Kab. Boyolali,110.749,-7.51,67.5,25.1338
33091102a,Waduk Cengklik,JAWA,Jawa Tengah,Kab. Boyolali,110.7316,-7.5179,117,25.1338
33091301a,Pulung,JAWA,Jawa Tengah,Kab. Boyolali,110.6752,-7.4527,98,43.2268
33091302a,Simo,JAWA,Jawa Tengah,Kab. Boyolali,110.6759,-7.4393,71,43.2268
33091401a,Tegalsari,JAWA,Jawa Tengah,Kab. Boyolali,110.639,-7.3717,69,160.0541
33091402a,Karanggede,JAWA,Jawa Tengah,Kab. Boyolali,110.6487,-7.3627,133,160.0541
33091502a,WD Klego,JAWA,Jawa Tengah,Kab. Boyolali,110.7057,-7.3589,161,177.0142
33091601a,Andong,JAWA,Jawa Tengah,Kab. Boyolali,110.7548,-7.3672,124,177.0142
33091902a,Juwangi,JAWA,Jawa Tengah,Kab. Boyolali,110.7527,-7.1858,5,24.758
33091903a,Ngaren,JAWA,Jawa Tengah,Kab. Boyolali,110.7409,-7.2387,5,93.8385
33100101a,Prambanan,JAWA,Jawa Tengah,Kab. Klaten,110.5171,-7.7607,16,64.8902
33100102a,Candisewu,JAWA,Jawa Tengah,Kab. Klaten,110.4936,-7.7271,24,57.0594
33100103a,Kemudo,JAWA,Jawa Tengah,Kab. Klaten,110.5207,-7.7401,15,64.8902
33100104a,Ngelo,JAWA,Jawa Tengah,Kab. Klaten,110.5314,-7.7522,17,64.8902
33100201a,Tambongan,JAWA,Jawa Tengah,Kab. Klaten,110.535,-7.755,13,64.8902
33100202a,Gantiwarno,JAWA,Jawa Tengah,Kab. Klaten,110.5635,-7.7719,14,64.8902
33100301a,Gempol / Pandes,JAWA,Jawa Tengah,Kab. Klaten,110.5947,-7.746,89,64.8902
33100302a,Wedi,JAWA,Jawa Tengah,Kab. Klaten,110.5935,-7.7717,82,64.8902
33100401a,Jombor,JAWA,Jawa Tengah,Kab. Klaten,110.635,-7.7578,24,42.6047
33100501a,Bawak,JAWA,Jawa Tengah,Kab. Klaten,110.6984,-7.7626,48,42.6047
33100502a,Kalijaran,JAWA,Jawa Tengah,Kab. Klaten,110.6922,-7.7587,39,42.6047
33100601a,Trucuk,JAWA,Jawa Tengah,Kab. Klaten,110.6642,-7.7288,170,42.6047
33100602a,Plagan,JAWA,Jawa Tengah,Kab. Klaten,110.696,-7.728,40,42.6047
33100603a,Mlese,JAWA,Jawa Tengah,Kab. Klaten,110.68,-7.7077,63,42.6047
33100701a,Gayamprit,JAWA,Jawa Tengah,Kab. Klaten,110.5879,-7.7009,37,64.8902
33100702a,Kebonarun,JAWA,Jawa Tengah,Kab. Klaten,110.5621,-7.701,38,64.8902
33100801a,Jogonalan,JAWA,Jawa Tengah,Kab. Klaten,110.5212,-7.7035,35,64.8902
33100802a,Gondang,JAWA,Jawa Tengah,Kab. Klaten,110.5518,-7.7331,27,64.8902
33100901a,Woro,JAWA,Jawa Tengah,Kab. Klaten,110.5135,-7.6957,36,88.0585
33100902a,Manisrenggo,JAWA,Jawa Tengah,Kab. Klaten,110.4884,-7.7187,38,57.0594
33100903a,Genengsari,JAWA,Jawa Tengah,Kab. Klaten,110.4908,-7.6686,6,88.3699
33101002a,Karangnongko,JAWA,Jawa Tengah,Kab. Klaten,110.5528,-7.6758,74,88.0585
33101101a,Pg.Ceper,JAWA,Jawa Tengah,Kab. Klaten,110.6719,-7.6769,91,41.7049
33101201a,Karangdowo,JAWA,Jawa Tengah,Kab. Klaten,110.7219,-7.7123,71,29.8101
33101202a,Beji,JAWA,Jawa Tengah,Kab. Klaten,110.7001,-7.6919,86,27.0846
33101401a,Wantil Bd./Dlg,JAWA,Jawa Tengah,Kab. Klaten,110.7231,-7.6541,73,27.0846
33101402a,Juwiring/Bagor,JAWA,Jawa Tengah,Kab. Klaten,110.7317,-7.653,48,27.0846
33101501a,Wadung Getas/Tegal Duwur,JAWA,Jawa Tengah,Kab. Klaten,110.6916,-7.6073,57,41.7049
33101502a,Wonosari/Tirip,JAWA,Jawa Tengah,Kab. Klaten,110.7224,-7.5966,59,25.1338
33101503a,Tegalduwur,JAWA,Jawa Tengah,Kab. Klaten,110.6895,-7.6011,55,41.7049
33101601a,Pasar Delanggu,JAWA,Jawa Tengah,Kab. Klaten,110.6893,-7.6155,85,41.7049
33101701a,Pundung,JAWA,Jawa Tengah,Kab. Klaten,110.6804,-7.5905,93,37.5327
33101703a,Pg.Ponggok,JAWA,Jawa Tengah,Kab. Klaten,110.6422,-7.609,112,41.7049
33101801a,Karanganom,JAWA,Jawa Tengah,Kab. Klaten,110.6242,-7.6482,172,41.7049
33101901a,Satriyan,JAWA,Jawa Tengah,Kab. Klaten,110.595,-7.6076,126,88.0585
33101902a,Cokrotulung,JAWA,Jawa Tengah,Kab. Klaten,110.6275,-7.5985,80,37.5327
33102001a,Gedaren/Krajan,JAWA,Jawa Tengah,Kab. Klaten,110.5976,-7.6452,111,88.0585
33102002a,Jatinom Kec.,JAWA,Jawa Tengah,Kab. Klaten,110.6006,-7.6336,133,41.7049
33102101a,Bpp.Kemalang,JAWA,Jawa Tengah,Kab. Klaten,110.523,-7.6662,35,88.0585
33102103a,Surowonobumiarjo,JAWA,Jawa Tengah,Kab. Klaten,110.499,-7.6187,25,88.3699
33102401a,Ngupit/ Ketandan,JAWA,Jawa Tengah,Kab. Klaten,110.5969,-7.6677,98,88.0585
33102402a,Ketandan,JAWA,Jawa Tengah,Kab. Klaten,110.6355,-7.6923,71,41.7049
33102501a,Kbb.Klaten,JAWA,Jawa Tengah,Kab. Klaten,110.5985,-7.6994,75,88.0585
33102601a,Demangan,JAWA,Jawa Tengah,Kab. Klaten,110.6087,-7.743,31,42.6047
33110102a,Weru DPU,JAWA,Jawa Tengah,Kab. Sukoharjo,110.71,-7.75,74,29.8101
33110301a,Tawangsari Kec.,JAWA,Jawa Tengah,Kab. Sukoharjo,110.7954,-7.7572,73,29.8101
33110302a,Bpp.Tarubumi,JAWA,Jawa Tengah,Kab. Sukoharjo,110.7759,-7.7383,96,29.8101
33110401a,Sukoharjo,JAWA,Jawa Tengah,Kab. Sukoharjo,110.8384,-7.6788,46,23.1636
33110501a,Nguter,JAWA,Jawa Tengah,Kab. Sukoharjo,110.8706,-7.7324,123,21.7966
33110902a,Madegondo,JAWA,Jawa Tengah,Kab. Sukoharjo,110.8185,-7.6014,32,23.1636
33111001a,Menuran,JAWA,Jawa Tengah,Kab. Sukoharjo,110.7831,-7.6141,83,27.0846
33111202a,Kartasura Pmb,JAWA,Jawa Tengah,Kab. Sukoharjo,110.7438,-7.5474,80,25.1338
33120102a,Bpp.Tubokarto,JAWA,Jawa Tengah,Kab. Wonogiri,110.8191,-8.0373,37,29.1601
33120105a,Pracimantoro,JAWA,Jawa Tengah,Kab. Wonogiri,110.8175,-8.064,12,29.1601
33120201a,Giritontro,JAWA,Jawa Tengah,Kab. Wonogiri,110.88,-8.0663,0,29.1601
33120302a,Giriwoyo,JAWA,Jawa Tengah,Kab. Wonogiri,110.8977,-8.0415,22,29.1601
33120401a,Balong,JAWA,Jawa Tengah,Kab. Wonogiri,111.0339,-7.9503,66,47.7098
33120402a,Batuwarno,JAWA,Jawa Tengah,Kab. Wonogiri,111.0075,-7.9862,91,47.7098
33120403a,WD Ngancar,JAWA,Jawa Tengah,Kab. Wonogiri,110.979,-7.9891,31,49.4692
33120502a,Watugede,JAWA,Jawa Tengah,Kab. Wonogiri,111.068,-7.9575,43,47.7098
33120503a,Tirtomoyo,JAWA,Jawa Tengah,Kab. Wonogiri,111.0661,-7.9493,48,47.7098
33120504a,Puter,JAWA,Jawa Tengah,Kab. Wonogiri,111.0993,-7.9462,36,47.7098
33120505a,Tirtomoyo BPP,JAWA,Jawa Tengah,Kab. Wonogiri,111.0583,-7.9431,39,47.7098
33120601a,Nguntoronadi,JAWA,Jawa Tengah,Kab. Wonogiri,110.9547,-7.9235,6,49.4692
33120702a,Baturetno,JAWA,Jawa Tengah,Kab. Wonogiri,110.9497,-7.9813,18,49.4692
33120801a,Eromoko,JAWA,Jawa Tengah,Kab. Wonogiri,110.8348,-7.9755,36,30.9696
33120802a,WD Plumbon,JAWA,Jawa Tengah,Kab. Wonogiri,110.8353,-7.9727,37,30.9696
33120902a,Wuryantoro,JAWA,Jawa Tengah,Kab. Wonogiri,110.8589,-7.9042,3,30.9696
33120903a,WD Kedunguling,JAWA,Jawa Tengah,Kab. Wonogiri,110.8431,-7.9417,2,30.9696
33121001a,Manyaran,JAWA,Jawa Tengah,Kab. Wonogiri,110.8089,-7.8147,73,29.111
33121101a,Bd.Kepatihan,JAWA,Jawa Tengah,Kab. Wonogiri,110.865,-7.7961,86,21.7966
33121102f,SMPK.Selogiri,JAWA,Jawa Tengah,Kab. Wonogiri,110.8889,-7.7809,86,21.7966
33121104a,Selogiri,JAWA,Jawa Tengah,Kab. Wonogiri,110.901,-7.8085,30,23.0713
33121105a,Waduk Krisak,JAWA,Jawa Tengah,Kab. Wonogiri,110.8982,-7.7999,42,21.7966
33121201a,Wonogiri,JAWA,Jawa Tengah,Kab. Wonogiri,111.008,-7.766,14,25.7714
33121301a,Ngadirojo,JAWA,Jawa Tengah,Kab. Wonogiri,110.9956,-7.8176,29,23.0713
33121302a,BPK Ngadirojo,JAWA,Jawa Tengah,Kab. Wonogiri,111.0116,-7.7908,36,25.7714
33121401a,Sidoharjo,JAWA,Jawa Tengah,Kab. Wonogiri,111.0665,-7.8224,11,39.378
33121501a,Jatiroto,JAWA,Jawa Tengah,Kab. Wonogiri,111.1006,-7.8819,15,60.5728
33121601a,Kismantoro,JAWA,Jawa Tengah,Kab. Wonogiri,111.2501,-7.8834,10,92.6889
33121701a,Purwantoro,JAWA,Jawa Tengah,Kab. Wonogiri,111.2678,-7.8494,18,92.6889
33121803a,Bulukerto,JAWA,Jawa Tengah,Kab. Wonogiri,111.2353,-7.7803,55,88.6311
33121901a,Slogohimo,JAWA,Jawa Tengah,Kab. Wonogiri,111.1799,-7.8264,74,60.5728
33122001a,Jatisrono,JAWA,Jawa Tengah,Kab. Wonogiri,111.1272,-7.8303,6,60.5728
33122102a,Balepanjang,JAWA,Jawa Tengah,Kab. Wonogiri,111.1336,-7.7975,12,47.5867
33122202a,Girimarto,JAWA,Jawa Tengah,Kab. Wonogiri,111.0818,-7.7877,14,25.7714
33122301a,Jeruk Kemukus,JAWA,Jawa Tengah,Kab. Wonogiri,111.0643,-8.0127,41,50.9511
33122501a,Puh Pelem,JAWA,Jawa Tengah,Kab. Wonogiri,111.2819,-7.7972,43,88.6311
33130102a,Jatipuro/Ds.Jatiroyo/Dsn.Ngudi,JAWA,Jawa Tengah,Kab. Karanganyar,111.0182,-7.7523,23,25.7714
33130302a,Jumapolo/Kauman/Jurug,JAWA,Jawa Tengah,Kab. Karanganyar,111.0149,-7.7056,54,25.7714
33130401a,Jumantono,JAWA,Jawa Tengah,Kab. Karanganyar,111.0106,-7.6623,46,25.0082
33130402a,SMPK Jumantono,JAWA,Jawa Tengah,Kab. Karanganyar,110.9793,-7.6548,51,22.915
33130702a,Kemuning Sp,JAWA,Jawa Tengah,Kab. Karanganyar,111.1206,-7.6049,170,42.7882
33131207a,Malang Jiwan,JAWA,Jawa Tengah,Kab. Karanganyar,110.7474,-7.5276,101,25.1338
33131301a,Gondangrejo,JAWA,Jawa Tengah,Kab. Karanganyar,110.8079,-7.4679,124,121.4664
33131504a,Mojogedang PTP,JAWA,Jawa Tengah,Kab. Karanganyar,111.0242,-7.571,111,22.5746
33131701a,Glagah Rt.05/Rw.02,JAWA,Jawa Tengah,Kab. Karanganyar,111.1479,-7.5735,259,34.6742
33131702a,Jenawi,JAWA,Jawa Tengah,Kab. Karanganyar,111.1228,-7.5551,167,34.6742
33140103a,Kalimacan,JAWA,Jawa Tengah,Kab. Sragen,110.8403,-7.4546,107,121.4664
33140104a,Bapang,JAWA,Jawa Tengah,Kab. Sragen,110.9472,-7.4627,160,59.1703
33140303a,Sidodadi,JAWA,Jawa Tengah,Kab. Sragen,110.9056,-7.4869,145,59.1703
33140305a,Gebang Loji,JAWA,Jawa Tengah,Kab. Sragen,110.9456,-7.4776,60,59.1703
33140306a,Jirapan/Kedung Gatot,JAWA,Jawa Tengah,Kab. Sragen,110.9863,-7.5114,32,23.8954
33140308a,Purworejo,JAWA,Jawa Tengah,Kab. Sragen,111.0055,-7.5257,31,22.5746
33140404a,Kedawung,JAWA,Jawa Tengah,Kab. Sragen,111.04,-7.4921,48,50.0915
33140405a,Batu Jamus,JAWA,Jawa Tengah,Kab. Sragen,111.0438,-7.5253,103,22.5746
33140502a,Wd Gebyar,JAWA,Jawa Tengah,Kab. Sragen,111.1294,-7.5068,29,34.6742
33140602a,Kd. Banteng,JAWA,Jawa Tengah,Kab. Sragen,111.1125,-7.4076,65,27.1022
33140701a,BPP Sambong Macan,JAWA,Jawa Tengah,Kab. Sragen,111.1097,-7.3707,23,24.0223
33140901a,PHP Karang Malang,JAWA,Jawa Tengah,Kab. Sragen,110.9814,-7.46,25,59.1703
33140902a,Waduk Gembong,JAWA,Jawa Tengah,Kab. Sragen,110.9806,-7.4777,33,59.1703
33141001a,PG. Mojo,JAWA,Jawa Tengah,Kab. Sragen,111.0181,-7.4324,76,50.0915
33141202a,Wd. Ketro,JAWA,Jawa Tengah,Kab. Sragen,110.9,-7.3783,115,38.7041
33141301a,Dadapan,JAWA,Jawa Tengah,Kab. Sragen,110.8736,-7.3962,59,73.5485
33141302a,Kec. Gemolong,JAWA,Jawa Tengah,Kab. Sragen,110.8331,-7.3999,168,73.5485
33141401a,Kd.Kancil,JAWA,Jawa Tengah,Kab. Sragen,110.8027,-7.3724,113,73.5485
33141402a,Kec. Miri,JAWA,Jawa Tengah,Kab. Sragen,110.8267,-7.3582,141,73.5485
33141703a,BPP Sukodono,JAWA,Jawa Tengah,Kab. Sragen,110.9662,-7.3275,84,38.7041
33141802a,Tangen,JAWA,Jawa Tengah,Kab. Sragen,110.9858,-7.3302,47,38.7041
33142001a,Kec. Jenar,JAWA,Jawa Tengah,Kab. Sragen,111.1175,-7.3368,28,24.0223
33150101a,Kedungjati 1,JAWA,Jawa Tengah,Kab. Grobogan,110.6337,-7.1589,39,54.2522
33150201a,Temurejo,JAWA,Jawa Tengah,Kab. Grobogan,110.717,-7.108,47,24.758
33150202a,Karangrayung,JAWA,Jawa Tengah,Kab. Grobogan,110.7811,-7.1753,16,24.758
33150302a,Wolo,JAWA,Jawa Tengah,Kab. Grobogan,110.8261,-7.0566,6,27.607
33150303a,Gending,JAWA,Jawa Tengah,Kab. Grobogan,110.845,-7.0725,6,27.607
33150304a,Wedoro,JAWA,Jawa Tengah,Kab. Grobogan,110.8294,-7.0945,0,27.607
33150305a,Pengkol,JAWA,Jawa Tengah,Kab. Grobogan,110.8453,-7.1017,0,16.3795
33150306a,Sedadi,JAWA,Jawa Tengah,Kab. Grobogan,110.8519,-7.1412,10,16.3795
33150307a,Penawangan kec,JAWA,Jawa Tengah,Kab. Grobogan,110.8372,-7.0477,2,27.607
33150308a,Penawangan DPT,JAWA,Jawa Tengah,Kab. Grobogan,110.795,-7.0846,0,21.9269
33150401a,Sanggeh,JAWA,Jawa Tengah,Kab. Grobogan,110.9255,-7.1487,23,11.8192
33150402a,Semen,JAWA,Jawa Tengah,Kab. Grobogan,110.895,-7.135,22,16.3795
33150403a,Krangganharjo,JAWA,Jawa Tengah,Kab. Grobogan,110.9104,-7.1249,13,11.8192
33150405a,Toroh Kec,JAWA,Jawa Tengah,Kab. Grobogan,110.9027,-7.1635,17,11.8192
33150501a,Geyer,JAWA,Jawa Tengah,Kab. Grobogan,110.904,-7.219,38,29.4987
33150601a,Pulokulon,JAWA,Jawa Tengah,Kab. Grobogan,111.0542,-7.1272,0,13.6457
33150602a,Pojok,JAWA,Jawa Tengah,Kab. Grobogan,111.0489,-7.167,6,13.6457
33150603a,Jambon,JAWA,Jawa Tengah,Kab. Grobogan,111.0087,-7.1501,4,13.6457
33150701a,Nglangon,JAWA,Jawa Tengah,Kab. Grobogan,111.1394,-7.1696,49,24.6711
33150702a,Simo,JAWA,Jawa Tengah,Kab. Grobogan,111.0982,-7.201,11,20.5129
33150703a,Butak,JAWA,Jawa Tengah,Kab. Grobogan,111.1178,-7.1756,28,24.6711
33150704a,Kradenan Bpp,JAWA,Jawa Tengah,Kab. Grobogan,111.1248,-7.1201,12,24.6711
33150706a,Kalisari,JAWA,Jawa Tengah,Kab. Grobogan,111.1317,-7.1311,7,24.6711
33150801a,Karangrejo,JAWA,Jawa Tengah,Kab. Grobogan,111.187,-7.133,32,24.6711
33150804a,Segoro Gunung,JAWA,Jawa Tengah,Kab. Grobogan,111.2198,-7.1929,29,29.953
33150805a,BPP.Gabus/Tlogotirto,JAWA,Jawa Tengah,Kab. Grobogan,111.204,-7.1718,46,29.953
33150901a,Ngaringan,JAWA,Jawa Tengah,Kab. Grobogan,111.1916,-7.0509,63,19.7191
33151001a,Sambirejo,JAWA,Jawa Tengah,Kab. Grobogan,111.0398,-7.0894,17,18.1418
33151002a,Pengkol Bpp,JAWA,Jawa Tengah,Kab. Grobogan,111.1146,-7.0824,0,19.7191
33151003a,Karangasem,JAWA,Jawa Tengah,Kab. Grobogan,111.1283,-7.0204,33,19.7191
33151004a,Kedusan / Tambakselo,JAWA,Jawa Tengah,Kab. Grobogan,111.071,-7.093,22,18.1418
33151005a,Mayang/Pulongrambe,JAWA,Jawa Tengah,Kab. Grobogan,110.959,-7.095,0,23.5291
33151101a,Tawangharjo,JAWA,Jawa Tengah,Kab. Grobogan,111.0187,-7.091,43,18.1418
33151201a,Grobogan Pmb,JAWA,Jawa Tengah,Kab. Grobogan,110.9211,-7.0304,16,23.5291
33151202a,Jatipohon,JAWA,Jawa Tengah,Kab. Grobogan,110.9191,-6.9775,27,24.7502
33151301a,Nglejok,JAWA,Jawa Tengah,Kab. Grobogan,110.9124,-7.0887,0,23.5291
33151304a,Distanbun/Dipertan TPH Purwodadi,JAWA,Jawa Tengah,Kab. Grobogan,110.913,-7.1056,2,11.8192
33151402a,Kec.Brati/Kronggen,JAWA,Jawa Tengah,Kab. Grobogan,110.8727,-7.0232,4,27.607
33151501a,Klambu,JAWA,Jawa Tengah,Kab. Grobogan,110.7982,-7.0145,14,21.9269
33151502a,Penganten,JAWA,Jawa Tengah,Kab. Grobogan,110.8064,-7.011,14,27.607
33151601a,Godong,JAWA,Jawa Tengah,Kab. Grobogan,110.7766,-7.0244,25,21.9269
33151602a,Ketintang,JAWA,Jawa Tengah,Kab. Grobogan,110.7585,-7.0252,31,21.9269
33151603a,Gompeng,JAWA,Jawa Tengah,Kab. Grobogan,110.7721,-7.0595,12,21.9269
33151604a,Kepoh,JAWA,Jawa Tengah,Kab. Grobogan,110.7549,-7.0824,2,21.9269
33151605a,Wonotunggal,JAWA,Jawa Tengah,Kab. Grobogan,110.7113,-7.0605,3,21.9269
33151606a,Ketitang Kbp,JAWA,Jawa Tengah,Kab. Grobogan,110.7534,-7.0263,0,21.9269
33151701a,Gubug,JAWA,Jawa Tengah,Kab. Grobogan,110.6519,-7.0508,22,22.1372
33151702a,Ng.Kapung Smpk,JAWA,Jawa Tengah,Kab. Grobogan,110.6568,-7.085,21,22.1372
33151703a,Kemiri,JAWA,Jawa Tengah,Kab. Grobogan,110.673,-7.0543,2,22.1372
33151704a,Glapan,JAWA,Jawa Tengah,Kab. Grobogan,110.6894,-7.109,39,54.2522
33151705a,Mlilir/Saban,JAWA,Jawa Tengah,Kab. Grobogan,110.6989,-7.0685,2,22.1372
33151801a,Tegowanu,JAWA,Jawa Tengah,Kab. Grobogan,110.6218,-7.0504,29,22.1372
33151901a,Tanggungharjo,JAWA,Jawa Tengah,Kab. Grobogan,110.6038,-7.0892,19,22.1372
33160101a,Doplang,JAWA,Jawa Tengah,Kab. Blora,111.29,-7.1835,34,29.953
33160201a,Randublatung 1,JAWA,Jawa Tengah,Kab. Blora,111.386,-7.2028,32,28.7617
33160202a,Randublatung 2,JAWA,Jawa Tengah,Kab. Blora,111.4147,-7.1939,10,20.5607
33160302a,Kradenan,JAWA,Jawa Tengah,Kab. Blora,111.4546,-7.2471,27,17.8398
33160401a,Kedungtuban,JAWA,Jawa Tengah,Kab. Blora,111.4736,-7.1462,17,20.5607
33160402a,Pucung,JAWA,Jawa Tengah,Kab. Blora,111.5092,-7.1461,9,8.8574
33160502a,Cepu,JAWA,Jawa Tengah,Kab. Blora,111.5771,-7.1393,27,8.8574
33160503a,Kendilan,JAWA,Jawa Tengah,Kab. Blora,111.5802,-7.134,3,8.8574
33160602a,Pasar Sore,JAWA,Jawa Tengah,Kab. Blora,111.514,-7.0762,8,11.2722
33160603a,Ledok,JAWA,Jawa Tengah,Kab. Blora,111.5815,-7.0768,3,11.2722
33160702a,PHP Jiken,JAWA,Jawa Tengah,Kab. Blora,111.5086,-7.0011,4,11.2722
33160704a,Cabak,JAWA,Jawa Tengah,Kab. Blora,111.5202,-7.0233,4,11.2722
33160705a,Nanas,JAWA,Jawa Tengah,Kab. Blora,111.6022,-7.0152,8,8.504
33160706a,Nglobo,JAWA,Jawa Tengah,Kab. Blora,111.5027,-7.0422,0,11.2722
33160707a,Wonogadung,JAWA,Jawa Tengah,Kab. Blora,111.5071,-6.998,3,8.4181
33160709a,Nglebur,JAWA,Jawa Tengah,Kab. Blora,111.5793,-7.037,3,11.2722
33160801a,Jepon,JAWA,Jawa Tengah,Kab. Blora,111.4775,-6.9746,5,12.6244
33160802a,Blungun,JAWA,Jawa Tengah,Kab. Blora,111.4568,-7.0949,7,16.4773
33160901a,Sendangharjo Smpk,JAWA,Jawa Tengah,Kab. Blora,111.4452,-6.906,12,12.6244
33160902a,Blora,JAWA,Jawa Tengah,Kab. Blora,111.4208,-6.9728,0,12.6244
33160907a,Blora PHP,JAWA,Jawa Tengah,Kab. Blora,111.4089,-6.9947,3,12.6244
33161001a,Tunjungan,JAWA,Jawa Tengah,Kab. Blora,111.3598,-6.9051,13,16.6817
33161003a,Bendung Lawungan,JAWA,Jawa Tengah,Kab. Blora,111.3546,-6.9107,8,16.6817
33161101a,Banjarejo PHP,JAWA,Jawa Tengah,Kab. Blora,111.348,-7.0334,1,19.7457
33161202a,Ngawen PU,JAWA,Jawa Tengah,Kab. Blora,111.3102,-7.0093,15,19.7457
33161301a,Kunduran 1,JAWA,Jawa Tengah,Kab. Blora,111.2355,-7.055,39,23.7495
33161401a,Todanan 1,JAWA,Jawa Tengah,Kab. Blora,111.1774,-6.9383,15,17.315
33161501a,Gayam,JAWA,Jawa Tengah,Kab. Blora,111.5372,-6.9259,10,8.4181
33161502a,Bogorejo PHP,JAWA,Jawa Tengah,Kab. Blora,111.523,-6.9403,11,8.4181
33161602a,Japah PHP,JAWA,Jawa Tengah,Kab. Blora,111.2917,-6.9405,0,15.8592
33170101a,Sumber,JAWA,Jawa Tengah,Kab. Rembang,111.2589,-6.7966,51,22.4241
33170201a,Bulu Kbh,JAWA,Jawa Tengah,Kab. Rembang,111.4042,-6.8592,3,10.8446
33170204a,Bulu,JAWA,Jawa Tengah,Kab. Rembang,111.4058,-6.8597,2,10.8446
33170301a,Sendangmulyo,JAWA,Jawa Tengah,Kab. Rembang,111.4461,-6.8155,13,10.8446
33170401a,Mrayun,JAWA,Jawa Tengah,Kab. Rembang,111.5862,-6.8741,43,7.1654
33170601a,Sedan,JAWA,Jawa Tengah,Kab. Rembang,111.5792,-6.7719,55,9.0355
33170701a,Mudal,JAWA,Jawa Tengah,Kab. Rembang,111.4968,-6.7674,19,9.1203
33170702a,Pamotan Bpp,JAWA,Jawa Tengah,Kab. Rembang,111.4703,-6.7775,20,9.1203
33170801a,Kalikuntulan,JAWA,Jawa Tengah,Kab. Rembang,111.3799,-6.8064,19,12.5243
33170901a,Kaliori Bpp,JAWA,Jawa Tengah,Kab. Rembang,111.2453,-6.7039,10,22.4241
33170903a,Kaliori 1,JAWA,Jawa Tengah,Kab. Rembang,111.2565,-6.7497,29,22.4241
33171001a,Rembang / Turusgede,JAWA,Jawa Tengah,Kab. Rembang,111.3476,-6.7207,24,9.3384
33171002a,Rembang Pelabuhan,JAWA,Jawa Tengah,Kab. Rembang,111.3334,-6.7032,19,9.3384
33171103a,Warunggunung,JAWA,Jawa Tengah,Kab. Rembang,111.4651,-6.708,4,9.1203
33171201a,Kragan,JAWA,Jawa Tengah,Kab. Rembang,111.6177,-6.6989,67,28.2923
33171301a,Trahan,JAWA,Jawa Tengah,Kab. Rembang,111.4997,-6.6366,19,23.7949
33171302a,Sluke Bpp,JAWA,Jawa Tengah,Kab. Rembang,111.4982,-6.6334,58.5,23.7949
33171401a,Lasem/Soditan Pu,JAWA,Jawa Tengah,Kab. Rembang,111.4518,-6.692,19,23.7949
33180102a,Sukolilo,JAWA,Jawa Tengah,Kab. Pati,110.918,-6.931,95,24.7502
33180201a,Kayen,JAWA,Jawa Tengah,Kab. Pati,110.977,-6.898,18,16.4359
33180202a,Kayen Bpp,JAWA,Jawa Tengah,Kab. Pati,110.992,-6.887,8,16.4359
33180401a,Cabean,JAWA,Jawa Tengah,Kab. Pati,111.119,-6.865,20,14.7466
33180402a,Bpp Winong,JAWA,Jawa Tengah,Kab. Pati,111.1009,-6.8092,97,14.7466
33180403a,Kbp Winong,JAWA,Jawa Tengah,Kab. Pati,111.0221,-6.7316,3,17.5706
33180502a,Pucakwangi,JAWA,Jawa Tengah,Kab. Pati,111.171,-6.8377,45,14.7466
33180801a,Juwana 1,JAWA,Jawa Tengah,Kab. Pati,111.146,-6.721,7,16.5029
33180901a,Jakenan 1,JAWA,Jawa Tengah,Kab. Pati,111.155,-6.761,4,16.5029
33181001a,Rendole,JAWA,Jawa Tengah,Kab. Pati,111.0033,-6.7274,2,17.5706
33181002a,KBH Sidokerto,JAWA,Jawa Tengah,Kab. Pati,111.0222,-6.7314,2,17.5706
33181101a,Gabus,JAWA,Jawa Tengah,Kab. Pati,111.0552,-6.8329,19,25.828
33181202a,Pati 2,JAWA,Jawa Tengah,Kab. Pati,111.0222,-6.7375,1,17.5706
33181204a,Muktiharjo,JAWA,Jawa Tengah,Kab. Pati,111.0235,-6.7372,1,17.5706
33181205a,Ngawen,JAWA,Jawa Tengah,Kab. Pati,110.999,-6.776,0,12.909
33181301a,Jollong,JAWA,Jawa Tengah,Kab. Pati,110.934,-6.652,27,16.3509
33181302a,Brambang,JAWA,Jawa Tengah,Kab. Pati,110.949,-6.643,8,16.3509
33181306a,Gembong BPP,JAWA,Jawa Tengah,Kab. Pati,110.9592,-6.6974,6,16.3509
33181402a,Tlogowungu,JAWA,Jawa Tengah,Kab. Pati,111.018,-6.686,4,12.9438
33181501a,Trangkil,JAWA,Jawa Tengah,Kab. Pati,111.074,-6.679,8,12.9438
33181502a,Widarijaksa,JAWA,Jawa Tengah,Kab. Pati,111.071,-6.685,6,12.9438
33181601a,Ngemplak Lor,JAWA,Jawa Tengah,Kab. Pati,111.0404,-6.5856,8,16.7844
33181701a,Gunungwungkal,JAWA,Jawa Tengah,Kab. Pati,110.989,-6.566,7,26.474
33181801a,Cluwak,JAWA,Jawa Tengah,Kab. Pati,110.945,-6.538,21,26.474
33181901a,Tayuwetan,JAWA,Jawa Tengah,Kab. Pati,111.003,-6.533,27,16.7844
33181902a,Pakisbaru,JAWA,Jawa Tengah,Kab. Pati,111.039,-6.569,37,16.7844
33181903a,Tayukulon,JAWA,Jawa Tengah,Kab. Pati,111.038,-6.534,18,16.7844
33182001a,Dukuhseti,JAWA,Jawa Tengah,Kab. Pati,111.031,-6.459,52,42.0154
33182002a,Kalitelo,JAWA,Jawa Tengah,Kab. Pati,111,-6.479,49,48.1459
33182101a,Karanganyarwedarijaksa,JAWA,Jawa Tengah,Kab. Pati,111.0268,-6.6455,7,12.9438
33190201a,Kudus,JAWA,Jawa Tengah,Kab. Kudus,110.859,-6.8039,7,11.3577
33190202a,Pg Rendeng Kudus,JAWA,Jawa Tengah,Kab. Kudus,110.8627,-6.8034,10,11.3577
33190601a,Jekulolor,JAWA,Jawa Tengah,Kab. Kudus,110.917,-6.7824,22,12.909
33190701a,Kedunggupit,JAWA,Jawa Tengah,Kab. Kudus,110.847,-6.7822,16,9.2959
33190801a,Karanggayam,JAWA,Jawa Tengah,Kab. Kudus,110.8496,-6.7434,10,9.2959
33190802a,Besito/Kr.Malang,JAWA,Jawa Tengah,Kab. Kudus,110.8406,-6.7675,7,9.2959
33190901a,Colo,JAWA,Jawa Tengah,Kab. Kudus,110.9048,-6.6666,0,16.3509
33190902a,Cendono,JAWA,Jawa Tengah,Kab. Kudus,110.8653,-6.737,0,9.2959
33200201a,Pecangaan,JAWA,Jawa Tengah,Kab. Jepara,110.7089,-6.6945,18,14.4893
33200301a,Welahan,JAWA,Jawa Tengah,Kab. Jepara,110.724,-6.755,77,10.2125
33200401a,Palemkerep,JAWA,Jawa Tengah,Kab. Jepara,110.77,-6.736,14,10.2125
33200402a,Jatisari,JAWA,Jawa Tengah,Kab. Jepara,110.764,-6.755,8,10.2125
33200403a,Pancur,JAWA,Jawa Tengah,Kab. Jepara,110.768,-6.675,21,14.4893
33200501a,Batealit,JAWA,Jawa Tengah,Kab. Jepara,110.798,-6.615,25,14.4893
33200601a,Jepara,JAWA,Jawa Tengah,Kab. Jepara,110.6802,-6.598,18,22.0613
33200602a,Ngabul Bpp,JAWA,Jawa Tengah,Kab. Jepara,110.7099,-6.6406,10,14.4893
33200701a,Mlanggo,JAWA,Jawa Tengah,Kab. Jepara,110.701,-6.5334,8,27.5436
33200801a,Bangsri,JAWA,Jawa Tengah,Kab. Jepara,110.765,-6.525,29,27.5436
33200802a,Bangsri Bpp,JAWA,Jawa Tengah,Kab. Jepara,110.752,-6.529,8,27.5436
33200901a,Keling,JAWA,Jawa Tengah,Kab. Jepara,110.8449,-6.5,9,28.2817
33200902a,Beji/Bpp Kalingga,JAWA,Jawa Tengah,Kab. Jepara,110.8858,-6.482,16,44.5323
33200904a,Teknik Balong PTP,JAWA,Jawa Tengah,Kab. Jepara,109.73,-7.07,3,148.0914
33201001a,Karimunjawa,JAWA,Jawa Tengah,Kab. Jepara,110.4364,-5.8767,58,41.1181
33201201a,Nalumsari Php,JAWA,Jawa Tengah,Kab. Jepara,110.7956,-6.7431,10,10.2125
33201301a,Kebun Benih Kalinyamatan,JAWA,Jawa Tengah,Kab. Jepara,110.7166,-6.7262,16,10.2125
33201601a,BPP Ds. Clering,JAWA,Jawa Tengah,Kab. Jepara,110.96,-6.44,26,48.1459
33210103a,Brumbung,JAWA,Jawa Tengah,Kab. Demak,110.5173,-7.0191,87,24.6467
33210104a,Banyumeneng,JAWA,Jawa Tengah,Kab. Demak,110.4999,-7.0905,35,22.6291
33210202a,Jragung,JAWA,Jawa Tengah,Kab. Demak,110.558,-7.0982,51,24.6467
33210301a,Guntur,JAWA,Jawa Tengah,Kab. Demak,110.6154,-6.9732,10,16.5208
33210502a,Buyaran,JAWA,Jawa Tengah,Kab. Demak,110.5991,-6.9175,7,14.878
33210601a,Leles,JAWA,Jawa Tengah,Kab. Demak,110.6556,-6.9483,14,16.5208
33210602a,Pangkalan,JAWA,Jawa Tengah,Kab. Demak,110.6758,-6.9595,12,16.5208
33210603a,BPP Wonosalam,JAWA,Jawa Tengah,Kab. Demak,110.68,-6.9199,16,16.5208
33210701a,Dempet 1,JAWA,Jawa Tengah,Kab. Demak,110.7034,-6.9494,28,14.811
33210702a,Tlogopring,JAWA,Jawa Tengah,Kab. Demak,110.6696,-6.9656,16,16.5208
33210703a,Merak,JAWA,Jawa Tengah,Kab. Demak,110.7616,-7.0057,10,21.9269
33210704a,Dempet,JAWA,Jawa Tengah,Kab. Demak,110.7026,-6.9531,29,14.811
33210801a,Gajah,JAWA,Jawa Tengah,Kab. Demak,110.7371,-6.8726,33,15.2371
33210802a,Jatisono,JAWA,Jawa Tengah,Kab. Demak,110.7117,-6.9202,43,14.811
33210803a,Wilalung,JAWA,Jawa Tengah,Kab. Demak,110.7769,-6.9299,11,14.811
33210901a,Karanganyar,JAWA,Jawa Tengah,Kab. Demak,110.8106,-6.84,50,11.3577
33210902a,Tuwang,JAWA,Jawa Tengah,Kab. Demak,110.7948,-6.8786,19,15.2371
33211001a,Bakung,JAWA,Jawa Tengah,Kab. Demak,110.7257,-6.8253,29,15.2371
33211002a,Bandaran,JAWA,Jawa Tengah,Kab. Demak,110.7267,-6.801,127,15.2371
33211101a,Pelemraji,JAWA,Jawa Tengah,Kab. Demak,110.6765,-6.8518,23,16.7996
33211202a,Jatirogo,JAWA,Jawa Tengah,Kab. Demak,110.5799,-6.842,40,14.6344
33211301a,Jungsemi,JAWA,Jawa Tengah,Kab. Demak,110.6661,-6.7721,46,9.3372
33211302a,Bungo,JAWA,Jawa Tengah,Kab. Demak,110.6278,-6.7757,45,9.3372
33211401a,Panunggalan,JAWA,Jawa Tengah,Kab. Demak,110.7428,-7.0121,10,21.9269
33220101a,Getasan,JAWA,Jawa Tengah,Kab. Semarang,110.4406,-7.3764,107,143.5766
33220104a,Smpk Getas,JAWA,Jawa Tengah,Kab. Semarang,110.516,-7.261,149,164.0019
33220201a,Karangduren,JAWA,Jawa Tengah,Kab. Semarang,110.5156,-7.3876,116.5,150.9459
33220202a,Tegalwaton,JAWA,Jawa Tengah,Kab. Semarang,110.5337,-7.3661,94,150.9459
33220203a,Barukan,JAWA,Jawa Tengah,Kab. Semarang,110.5261,-7.3684,116,150.9459
33220204a,Padaslorot,JAWA,Jawa Tengah,Kab. Semarang,110.5285,-7.4154,152,68.7657
33220302a,Rejoso,JAWA,Jawa Tengah,Kab. Semarang,110.5887,-7.4182,162,68.7657
33220401a,Suruh,JAWA,Jawa Tengah,Kab. Semarang,110.5702,-7.3712,126,150.9459
33220402a,Dadapayan,JAWA,Jawa Tengah,Kab. Semarang,110.5919,-7.2915,57,164.0019
33220501a,Cepoko/Ujung,JAWA,Jawa Tengah,Kab. Semarang,110.5299,-7.3439,108,150.9459
33220503a,Tembir,JAWA,Jawa Tengah,Kab. Semarang,110.42,-7.3,28,155.5245
33220601a,Silumut/Macana,JAWA,Jawa Tengah,Kab. Semarang,110.5159,-7.282,75,164.0019
33220701a,Banyubiru I,JAWA,Jawa Tengah,Kab. Semarang,110.3976,-7.3007,66,145.3116
33220702a,Banyubiru II,JAWA,Jawa Tengah,Kab. Semarang,110.4042,-7.288,60,155.5245
33220703a,Candikukuh,JAWA,Jawa Tengah,Kab. Semarang,110.422,-7.3066,158,143.5766
33220801a,Tempuran,JAWA,Jawa Tengah,Kab. Semarang,110.3592,-7.2975,42,126.0698
33220802a,Bandel,JAWA,Jawa Tengah,Kab. Semarang,110.33,-7.29,88,126.0698
33220901a,Sumowono,JAWA,Jawa Tengah,Kab. Semarang,110.3206,-7.2246,39,126.0698
33220902a,Kaligentung PT RSA,JAWA,Jawa Tengah,Kab. Semarang,110.2624,-7.209,123,147.1392
33221001a,Tarukan,JAWA,Jawa Tengah,Kab. Semarang,110.3499,-7.2289,31,126.0698
33221002a,Ambarawa 1,JAWA,Jawa Tengah,Kab. Semarang,110.4019,-7.2605,49,155.5245
33221101a,Bawen,JAWA,Jawa Tengah,Kab. Semarang,110.4335,-7.2501,48,155.5245
33221102a,Tuntang,JAWA,Jawa Tengah,Kab. Semarang,110.4526,-7.261,86,155.5245
33221302a,Puncak Gn Ungaran PTP,JAWA,Jawa Tengah,Kab. Semarang,110.35,-7.18,68,64.2179
33221501a,Gebugan,JAWA,Jawa Tengah,Kab. Semarang,110.3975,-7.1774,105,64.2179
33221502a,Ngobo,JAWA,Jawa Tengah,Kab. Semarang,110.4451,-7.1638,81,63.9378
33221503a,Jatirunggo,JAWA,Jawa Tengah,Kab. Semarang,110.4736,-7.2025,71,155.5245
33221802a,Ungaran/Tby Si,JAWA,Jawa Tengah,Kab. Semarang,110.4135,-7.1111,156,63.9378
33230101a,Bulu,JAWA,Jawa Tengah,Kab. Temanggung,110.0915,-7.3081,64,218.6513
33230201a,Bp Tembarak,JAWA,Jawa Tengah,Kab. Temanggung,110.182,-7.361,52,200.3657
33230301a,Kalipancar,JAWA,Jawa Tengah,Kab. Temanggung,110.175,-7.309,22,200.3657
33230402a,Pringsurat / Pakisdadu,JAWA,Jawa Tengah,Kab. Temanggung,110.305,-7.351,56,145.3116
33230404a,Soropadan,JAWA,Jawa Tengah,Kab. Temanggung,110.2888,-7.3571,51,160.0917
33230601a,Rowoseneng,JAWA,Jawa Tengah,Kab. Temanggung,110.211,-7.22,149,147.1392
33230804a,Parakan 1,JAWA,Jawa Tengah,Kab. Temanggung,110.0985,-7.2799,91,229.717
33230805a,Kledung Smpk,JAWA,Jawa Tengah,Kab. Temanggung,110.033,-7.339,22,218.6513
33230901a,Gondang Winangun,JAWA,Jawa Tengah,Kab. Temanggung,110.055,-7.235,36,229.717
33231001a,Jombor,JAWA,Jawa Tengah,Kab. Temanggung,110.083,-7.211,81,229.717
33231201a,Muntung,JAWA,Jawa Tengah,Kab. Temanggung,110.0541,-7.2145,46,229.717
33231401a,BPP Tlogomulyo,JAWA,Jawa Tengah,Kab. Temanggung,110.1503,-7.3364,36,200.3657
33231901a,Semen,JAWA,Jawa Tengah,Kab. Temanggung,110.3088,-7.2624,37,126.0698
33240204a,Pageruyung,JAWA,Jawa Tengah,Kab. Kendal,110.0427,-7.0429,112,231.873
33240301a,Kebumen,JAWA,Jawa Tengah,Kab. Kendal,110.0425,-7.0828,101,231.873
33240401a,Patean Curug,JAWA,Jawa Tengah,Kab. Kendal,110.1052,-7.0906,92,138.1815
33240701a,Boja,JAWA,Jawa Tengah,Kab. Kendal,110.2709,-7.1038,141,105.2932
33240702a,Tampingan,JAWA,Jawa Tengah,Kab. Kendal,110.2882,-7.1017,213,105.2932
33240808a,Sumberejo,JAWA,Jawa Tengah,Kab. Kendal,109.0145,-7.7187,123,96.5063
33240905a,Babad,JAWA,Jawa Tengah,Kab. Kendal,110.226,-6.9457,95,36.7336
33241001a,Bojong,JAWA,Jawa Tengah,Kab. Kendal,110.1779,-6.9633,91,38.4729
33241002a,Pegandon,JAWA,Jawa Tengah,Kab. Kendal,110.152,-6.9642,126,38.4729
33241003a,Puguh,JAWA,Jawa Tengah,Kab. Kendal,110.1451,-6.9921,85,38.4729
33241101a,Sedayu,JAWA,Jawa Tengah,Kab. Kendal,110.1359,-6.9734,103,38.4729
33241102a,Kedungwungu,JAWA,Jawa Tengah,Kab. Kendal,110.1151,-7.0045,79,138.1815
33241104a,Lohjenar,JAWA,Jawa Tengah,Kab. Kendal,110.1276,-6.9883,54,38.4729
33241105a,Sojomerto I,JAWA,Jawa Tengah,Kab. Kendal,110.1049,-7.0303,135,138.1815
33241106a,Proto,JAWA,Jawa Tengah,Kab. Kendal,110.1233,-7.0027,112,138.1815
33241201a,Weleri,JAWA,Jawa Tengah,Kab. Kendal,110.0754,-6.9711,54,154.1188
33241202a,Sambongsari,JAWA,Jawa Tengah,Kab. Kendal,110.051,-6.975,54,154.1188
33241301a,Penjor / Kr. Ayu,JAWA,Jawa Tengah,Kab. Kendal,110.146,-6.9237,68,38.4729
33241302a,Kalirandu,JAWA,Jawa Tengah,Kab. Kendal,110.1645,-6.8978,119,23.3057
33241401a,Babadan,JAWA,Jawa Tengah,Kab. Kendal,110.1595,-6.9369,121,38.4729
33241501a,Selokaton Perk,JAWA,Jawa Tengah,Kab. Kendal,110.0132,-7.1348,87,225.1422
33241502a,Sukorejo Pmb,JAWA,Jawa Tengah,Kab. Kendal,110.0505,-7.0906,126,231.873
33241505a,Ketapang,JAWA,Jawa Tengah,Kab. Kendal,110.2169,-6.9418,135,36.7336
33241507a,Langenharjo Ii,JAWA,Jawa Tengah,Kab. Kendal,110.2045,-6.9207,196,36.7336
33241804a,Klepu,JAWA,Jawa Tengah,Kab. Kendal,110.1081,-6.997,68,38.4729
33250101a,Wonotunggal 2,JAWA,Jawa Tengah,Kab. Batang,109.7592,-7.0055,91,148.0914
33250201a,Bandar,JAWA,Jawa Tengah,Kab. Batang,109.7979,-7.0309,136,148.0914
33250202a,BKPH Bandar,JAWA,Jawa Tengah,Kab. Batang,109.8,-7.03,160,148.0914
33250203a,Wonodadi PTP,JAWA,Jawa Tengah,Kab. Batang,109.786,-7.0602,75,148.0914
33250204a,Tombo,JAWA,Jawa Tengah,Kab. Batang,109.783,-7.0943,92,148.0914
33250401a,Ngadirejo,JAWA,Jawa Tengah,Kab. Batang,109.8755,-7.0829,239,211.6739
33250402a,Blado Sp,JAWA,Jawa Tengah,Kab. Batang,109.8341,-7.0697,211,211.6739
33250403a,BKPH Bawang,JAWA,Jawa Tengah,Kab. Batang,109.7111,-6.9993,48,160.5582
33250501a,Sangubanyu,JAWA,Jawa Tengah,Kab. Batang,109.9555,-7.1057,185,233.1265
33250502a,Bawang,JAWA,Jawa Tengah,Kab. Batang,109.9163,-7.105,179,233.1265
33250601a,Tersono,JAWA,Jawa Tengah,Kab. Batang,109.9666,-7.0331,189,293.4449
33250701a,Kertosari,JAWA,Jawa Tengah,Kab. Batang,110.0451,-6.9621,76,154.1188
33250702a,Kutosari,JAWA,Jawa Tengah,Kab. Batang,110.0333,-6.9781,80,154.1188
33250703a,Metosari,JAWA,Jawa Tengah,Kab. Batang,110.0486,-6.9785,67,154.1188
33250901a,Subah,JAWA,Jawa Tengah,Kab. Batang,109.87,-6.9706,86,237.9172
33251002a,Tulis,JAWA,Jawa Tengah,Kab. Batang,109.788,-6.9459,17,160.5582
33251101a,Dracik Kramat,JAWA,Jawa Tengah,Kab. Batang,109.7353,-6.9207,6,160.5582
33251102a,Gamer SMPK,JAWA,Jawa Tengah,Kab. Batang,109.7137,-6.8932,2,47.079
33260101a,Kandangserang,JAWA,Jawa Tengah,Kab. Pekalongan,109.5191,-7.1204,101,151.2331
33260103a,BKPH Kesesi,JAWA,Jawa Tengah,Kab. Pekalongan,109.4972,-7.0137,121.5,78.2659
33260301a,Lebakbarang,JAWA,Jawa Tengah,Kab. Pekalongan,109.6564,-7.1325,157,102.8346
33260302a,RPH Lebakbarang,JAWA,Jawa Tengah,Kab. Pekalongan,109.65,-7.13,147,102.8346
33260502a,Teknik PTP/ Jolotigo,JAWA,Jawa Tengah,Kab. Pekalongan,109.7331,-7.0739,140,148.0914
33260601a,Tapak Menjangan Bd,JAWA,Jawa Tengah,Kab. Pekalongan,109.6917,-7.0397,124,152.7766
33260602a,Kutosari/Doro,JAWA,Jawa Tengah,Kab. Pekalongan,109.6925,-7.0195,110,152.7766
33260704a,Padurekso Bd.,JAWA,Jawa Tengah,Kab. Pekalongan,109.6277,-7.0463,122,152.7766
33260706a,Karangsari,JAWA,Jawa Tengah,Kab. Pekalongan,109.6225,-7.0312,90,152.7766
33260801a,Kajen,JAWA,Jawa Tengah,Kab. Pekalongan,109.5783,-7.0359,199,118.9015
33260901a,Kaliwadas,JAWA,Jawa Tengah,Kab. Pekalongan,109.4853,-7.0269,96,78.2659
33260903a,Gembiro,JAWA,Jawa Tengah,Kab. Pekalongan,109.5386,-7.0024,89,118.9015
33260904a,Brondong Bd,JAWA,Jawa Tengah,Kab. Pekalongan,109.528,-7.0488,202,118.9015
33260906a,Ponolawen,JAWA,Jawa Tengah,Kab. Pekalongan,109.5137,-7.0026,101,118.9015
33261001a,Sumubkidul,JAWA,Jawa Tengah,Kab. Pekalongan,109.5416,-6.9706,44,115.4171
33261002a,Kebadinan/Bk.Vi,JAWA,Jawa Tengah,Kab. Pekalongan,109.513,-6.9477,57,115.4171
33261004a,Sragi 1,JAWA,Jawa Tengah,Kab. Pekalongan,109.5673,-6.9274,57,115.4171
33261101a,Wangundowo,JAWA,Jawa Tengah,Kab. Pekalongan,109.6002,-6.9848,64,148.7278
33261601a,Wiradesa,JAWA,Jawa Tengah,Kab. Pekalongan,109.6074,-6.9314,30,148.7278
33270101a,Warungpring,JAWA,Jawa Tengah,Kab. Pemalang,109.2706,-7.0744,152,59.0147
33270102a,Banyumudal,JAWA,Jawa Tengah,Kab. Pemalang,109.2454,-7.125,83,73.5528
33270201a,Pulosari,JAWA,Jawa Tengah,Kab. Pemalang,109.2665,-7.1681,141,73.5528
33270302a,Belik,JAWA,Jawa Tengah,Kab. Pemalang,109.3291,-7.186,131,74.9494
33270401a,Watukumpul 1,JAWA,Jawa Tengah,Kab. Pemalang,109.4151,-7.1554,136,104.306
33270402a,Sipedang,JAWA,Jawa Tengah,Kab. Pemalang,109.4879,-7.136,125,104.306
33270403a,Bongas,JAWA,Jawa Tengah,Kab. Pemalang,109.4899,-7.1924,151,104.306
33270404a,Watukumpul Bpp,JAWA,Jawa Tengah,Kab. Pemalang,109.419,-7.1564,125,104.306
33270602a,Bantar Bolang,JAWA,Jawa Tengah,Kab. Pemalang,109.3824,-7.0559,30,65.2524
33270604a,Pedagung,JAWA,Jawa Tengah,Kab. Pemalang,109.4347,-7.061,23,78.2659
33270701a,Kejene,JAWA,Jawa Tengah,Kab. Pemalang,109.3233,-7.0516,104,65.2524
33270702a,Kecepit,JAWA,Jawa Tengah,Kab. Pemalang,109.2898,-7.1045,160,73.5528
33270703a,Randudongkal 1,JAWA,Jawa Tengah,Kab. Pemalang,109.3166,-7.0994,131,65.2524
33270704a,Nambo,JAWA,Jawa Tengah,Kab. Pemalang,109.3684,-7.1028,11,74.9494
33270801a,Sungapan,JAWA,Jawa Tengah,Kab. Pemalang,109.4061,-6.9449,68,85.8623
33270901a,Banjardawa,JAWA,Jawa Tengah,Kab. Pemalang,109.4136,-6.9241,62,85.8623
33271004a,Klarean,JAWA,Jawa Tengah,Kab. Pemalang,109.4801,-6.8491,103,83.6931
33271102a,Bodeh,JAWA,Jawa Tengah,Kab. Pemalang,109.5104,-6.9232,150,115.4171
33271103a,Sokawati,JAWA,Jawa Tengah,Kab. Pemalang,109.4615,-6.9881,66,85.8623
33271301a,Pesantren Afd,JAWA,Jawa Tengah,Kab. Pemalang,109.5095,-6.8178,42,31.9258
33280101a,Margasari,JAWA,Jawa Tengah,Kab. Tegal,109.0247,-7.0927,78,56.7448
33280102a,Notog,JAWA,Jawa Tengah,Kab. Tegal,108.9825,-7.1043,178,84.1733
33280103a,Jembayat,JAWA,Jawa Tengah,Kab. Tegal,109.0688,-7.0957,87,56.7448
33280201a,Cawitali,JAWA,Jawa Tengah,Kab. Tegal,109.0904,-7.1207,115,74.4308
33280202a,Jejeg,JAWA,Jawa Tengah,Kab. Tegal,109.0916,-7.1674,64,74.4308
33280203a,Bumijawa,JAWA,Jawa Tengah,Kab. Tegal,109.1281,-7.1668,140,73.5771
33280301a,Bojong,JAWA,Jawa Tengah,Kab. Tegal,109.1484,-7.1389,69,73.5771
33280302a,Kemaron,JAWA,Jawa Tengah,Kab. Tegal,109.1551,-7.1846,119,73.5771
33280401a,Balapulang 1,JAWA,Jawa Tengah,Kab. Tegal,109.0993,-7.0441,60,56.7448
33280402a,Batuagung,JAWA,Jawa Tengah,Kab. Tegal,109.0915,-7.0915,88,56.7448
33280501a,Lenggor,JAWA,Jawa Tengah,Kab. Tegal,109.0503,-7.0028,57,56.7448
33280502a,Gondang,JAWA,Jawa Tengah,Kab. Tegal,109.0337,-7.0487,57,56.7448
33280601a,Lebaksiu,JAWA,Jawa Tengah,Kab. Tegal,109.1433,-7.0561,81,56.3153
33280701a,Jatinegara,JAWA,Jawa Tengah,Kab. Tegal,109.2422,-7.0629,281,59.0147
33280801a,Sirampok,JAWA,Jawa Tengah,Kab. Tegal,109.1824,-7.0065,23,56.3153
33280901a,Paketiban,JAWA,Jawa Tengah,Kab. Tegal,109.1783,-6.9645,6,74.2287
33281001a,Procot,JAWA,Jawa Tengah,Kab. Tegal,109.137,-6.9714,34,74.2287
33281002a,Pakembaran,JAWA,Jawa Tengah,Kab. Tegal,109.1338,-6.9812,30,74.2287
33281003a,Dukuhringin,JAWA,Jawa Tengah,Kab. Tegal,109.1404,-6.9989,29,74.2287
33281102a,Ujungrusi,JAWA,Jawa Tengah,Kab. Tegal,109.1242,-6.9412,32,74.2287
33281201a,Pesayangan,JAWA,Jawa Tengah,Kab. Tegal,109.1374,-6.9203,19,74.2287
33281301a,Sidapurna,JAWA,Jawa Tengah,Kab. Tegal,109.0986,-6.9041,0,77.7213
33281302a,Pagongan,JAWA,Jawa Tengah,Kab. Tegal,109.1337,-6.9054,18,74.2287
33281401a,Margapadang,JAWA,Jawa Tengah,Kab. Tegal,109.2048,-6.9241,15,61.6235
33281402a,Karangcegak,JAWA,Jawa Tengah,Kab. Tegal,109.1911,-6.9421,5,74.2287
33281502a,Kemantren,JAWA,Jawa Tengah,Kab. Tegal,109.1873,-6.898,32,74.4526
33281601a,Kertasari,JAWA,Jawa Tengah,Kab. Tegal,109.2753,-6.9091,0,61.6235
33281602a,Dukuhrandu,JAWA,Jawa Tengah,Kab. Tegal,109.2567,-6.9397,16,61.6235
33281701a,Warurejo,JAWA,Jawa Tengah,Kab. Tegal,109.3289,-6.913,0,85.8686
33281702a,Cipero,JAWA,Jawa Tengah,Kab. Tegal,109.308,-6.9878,20.5,85.8686
33290201a,Bantarkawung,JAWA,Jawa Tengah,Kab. Brebes,108.9178,-7.2139,121.5,73.5198
33290301a,Bumiayu,JAWA,Jawa Tengah,Kab. Brebes,108.9758,-7.2613,116,73.5198
33290401a,Kemaron,JAWA,Jawa Tengah,Kab. Brebes,109.0626,-7.2826,110,74.0855
33290402a,Penjalin,JAWA,Jawa Tengah,Kab. Brebes,109.0555,-7.3278,294,75.2595
33290501a,Glempang Bd.,JAWA,Jawa Tengah,Kab. Brebes,109.0746,-7.2347,67,74.0855
33290602a,Tonjong,JAWA,Jawa Tengah,Kab. Brebes,109.0211,-7.1842,52,74.4308
33290701a,Karangsembung,JAWA,Jawa Tengah,Kab. Brebes,109.0284,-6.979,39,77.7213
33290702a,Songgom,JAWA,Jawa Tengah,Kab. Brebes,108.9928,-7.0419,89,54.0645
33290703a,Jatibarang,JAWA,Jawa Tengah,Kab. Brebes,109.0547,-6.963,2,77.7213
33290801a,Klampok,JAWA,Jawa Tengah,Kab. Brebes,109.0032,-6.8633,46,80.9072
33290901a,Pasar Batang,JAWA,Jawa Tengah,Kab. Brebes,109.0454,-6.8646,41,80.9072
33290902a,Lengkong,JAWA,Jawa Tengah,Kab. Brebes,109.0389,-6.9181,56,77.7213
33291101a,Kersana,JAWA,Jawa Tengah,Kab. Brebes,108.8607,-6.9173,31,53.7152
33291201a,Losari,JAWA,Jawa Tengah,Kab. Brebes,108.8154,-6.8478,13,61.1139
33291202a,Karangjunti,JAWA,Jawa Tengah,Kab. Brebes,108.795,-6.9184,172,81.4034
33291301a,Kubang,JAWA,Jawa Tengah,Kab. Brebes,108.8664,-6.8743,33,61.1139
33291302a,Luwungbata,JAWA,Jawa Tengah,Kab. Brebes,108.8259,-6.898,85,61.1139
33291401a,Karangsari,JAWA,Jawa Tengah,Kab. Brebes,108.9274,-6.8641,27,83.3865
33291402a,Banjaratma,JAWA,Jawa Tengah,Kab. Brebes,108.9774,-6.9024,83,59.2179
33291403a,Bulakamba BPP,JAWA,Jawa Tengah,Kab. Brebes,108.9512,-6.8744,50,83.3865
33291501a,Slatri,JAWA,Jawa Tengah,Kab. Brebes,108.9565,-6.9434,18,59.2179
33291502a,Rengaspendawa,JAWA,Jawa Tengah,Kab. Brebes,109.0032,-6.9578,19,77.7213
33291602a,Ketanggungan,JAWA,Jawa Tengah,Kab. Brebes,108.894,-6.9268,55,53.7152
33291603a,Kubangwungu,JAWA,Jawa Tengah,Kab. Brebes,108.9179,-6.9932,36,59.2179
33291604a,Cisadap,JAWA,Jawa Tengah,Kab. Brebes,108.8782,-6.9875,66,53.7152
33291701a,Cibendung,JAWA,Jawa Tengah,Kab. Brebes,108.7636,-6.9738,104,81.4034
33291702a,Bantarsari,JAWA,Jawa Tengah,Kab. Brebes,108.7785,-6.9343,108,81.4034
33291703a,Cimunding,JAWA,Jawa Tengah,Kab. Brebes,108.8365,-6.944,143,53.7152
33291704a,Cilembu,JAWA,Jawa Tengah,Kab. Brebes,108.8538,-6.981,43,53.7152
33291705a,Kertasari,JAWA,Jawa Tengah,Kab. Brebes,108.8253,-7.0375,5,54.5622
33291706a,Nambo,JAWA,Jawa Tengah,Kab. Brebes,108.8493,-7.0003,47,54.5622
33291707a,Malahayu,JAWA,Jawa Tengah,Kab. Brebes,108.8197,-7.0301,87,54.5622
33710201a,Magelang,JAWA,Jawa Tengah,Kota Magelang,110.2185,-7.471,162,141.2325
33730401a,Salatiga I,JAWA,Jawa Tengah,Kota Salatiga,110.497,-7.329,139,143.5766
33740204a,Stamar Tanjung Emas,JAWA,Jawa Tengah,Kota Semarang,110.4199,-6.9486,49,14.4454
33740501a,Karangroto,JAWA,Jawa Tengah,Kota Semarang,110.4896,-6.9553,3,14.4454
33740502a,Penggaron Disbun,JAWA,Jawa Tengah,Kota Semarang,110.4729,-6.9637,3,14.4454
33740602a,Plamongan,JAWA,Jawa Tengah,Kota Semarang,110.4899,-7.0178,72,22.6291
33740603a,Pucang Gading,JAWA,Jawa Tengah,Kota Semarang,110.4839,-7.0403,105,22.6291
33740605a,Tlogosari,JAWA,Jawa Tengah,Kota Semarang,110.4607,-6.9844,110.5,14.4454
33740701a,Simongan,JAWA,Jawa Tengah,Kota Semarang,110.4055,-6.9929,175,14.4454
33740702a,Candi,JAWA,Jawa Tengah,Kota Semarang,110.4275,-7.01,157,22.6291
33741004a,Meteseh,JAWA,Jawa Tengah,Kota Semarang,110.4548,-7.0655,94,22.6291
33741005a,Mangunharjo,JAWA,Jawa Tengah,Kota Semarang,110.4673,-7.0486,124.5,22.6291
33741101a,Kramas Bb,JAWA,Jawa Tengah,Kota Semarang,110.4305,-7.0658,93,22.6291
33741203a,Sumurjurang,JAWA,Jawa Tengah,Kota Semarang,110.3863,-7.1071,220,64.2179
33741204a,Sadeng,JAWA,Jawa Tengah,Kota Semarang,110.3731,-7.0306,208.5,33.6652
33741205a,Perum.Kandri,JAWA,Jawa Tengah,Kota Semarang,110.3591,-7.0465,316,33.6652
33741302a,Kalisari,JAWA,Jawa Tengah,Kota Semarang,110.3743,-6.9929,170.5,16.102
33741307a,Stamet Ahmad Yani,JAWA,Jawa Tengah,Kota Semarang,110.3778,-6.9768,172.5,16.102
33741401a,Mijen Bpp,JAWA,Jawa Tengah,Kota Semarang,110.3091,-7.0807,138,33.6652
33741502a,Bringin Asri,JAWA,Jawa Tengah,Kota Semarang,110.3256,-6.984,177,16.102
33741503a,Ngaliyan PP ex Rumah dinas,JAWA,Jawa Tengah,Kota Semarang,110.3344,-7,227.5,16.102
33760401a,Sumurpanggang,JAWA,Jawa Tengah,Kota Tegal,109.1043,-6.8783,10,74.4526
34010101a,BPP Temon,JAWA,DI Yogyakarta,Kab. Kulon Progo,110.08,-7.89,32,60.1629
34010201a,Beji,JAWA,DI Yogyakarta,Kab. Kulon Progo,110.162,-7.873,8.1,65.4146
34010202a,BPP Kulwaru,JAWA,DI Yogyakarta,Kab. Kulon Progo,110.117,-7.89,19,65.4146
34010301a,BPP Panjatan,JAWA,DI Yogyakarta,Kab. Kulon Progo,110.158,-7.9231,16,43.2536
34010401a,PSDA Brosot,JAWA,DI Yogyakarta,Kab. Kulon Progo,110.224,-7.95,28,46.8841
34010402a,BPP Galur,JAWA,DI Yogyakarta,Kab. Kulon Progo,110.2609,-7.8136,24.5,65.9823
34010501a,BPP Lendah,JAWA,DI Yogyakarta,Kab. Kulon Progo,110.2321,-7.9305,5,46.8841
34010601a,Gembongan,JAWA,DI Yogyakarta,Kab. Kulon Progo,110.2444,-7.8731,9.5,65.9823
34010602a,BPP Adil/Sentolo,JAWA,DI Yogyakarta,Kab. Kulon Progo,110.2222,-7.8322,11.3,65.9823
34010701a,BPP Pengasih,JAWA,DI Yogyakarta,Kab. Kulon Progo,110.1696,-7.8392,6.1,65.4146
34010801a,BPP Kokap/Selo Timur,JAWA,DI Yogyakarta,Kab. Kulon Progo,110.1059,-7.8731,16,65.4146
34010901a,BPP Girimulyo,JAWA,DI Yogyakarta,Kab. Kulon Progo,110.137,-7.75,38.5,99.7772
34010902a,Singkung/BPP Nanggulan,JAWA,DI Yogyakarta,Kab. Kulon Progo,110.19,-7.75,22,99.7772
34011101a,BPP Samigaluh,JAWA,DI Yogyakarta,Kab. Kulon Progo,110.1811,-7.6898,77,124.4583
34011201a,Gejagan,JAWA,DI Yogyakarta,Kab. Kulon Progo,110.2803,-7.6898,71.7,113.7043
34011202a,BPP Kalibawang/Ancol Banjaraya,JAWA,DI Yogyakarta,Kab. Kulon Progo,110.258,-7.6873,72.5,113.7043
34020101a,BPP Srandakan,JAWA,DI Yogyakarta,Kab. Bantul,110.2414,-7.961,51,46.8841
34020201a,BPP Sanden,JAWA,DI Yogyakarta,Kab. Bantul,110.27,-7.97,1,46.8841
34020301a,BPP Kretek,JAWA,DI Yogyakarta,Kab. Bantul,110.3275,-7.9945,11,32.5144
34020401a,BPP Pundong,JAWA,DI Yogyakarta,Kab. Bantul,110.3406,-7.9548,17.5,32.5144
34020402a,SDA Pundong,JAWA,DI Yogyakarta,Kab. Bantul,110.34,-7.9767,25.5,32.5144
34020501a,Bambanglipuro/ BPP Kismomulyo,JAWA,DI Yogyakarta,Kab. Bantul,110.2957,-7.9564,21,46.8841
34020601a,SDA Gedongan/Kebonongan,JAWA,DI Yogyakarta,Kab. Bantul,110.2679,-7.954,15,46.8841
34020602a,BPP Pandak,JAWA,DI Yogyakarta,Kab. Bantul,110.3075,-7.897,5,39.5061
34020701a,BPP Pajangan,JAWA,DI Yogyakarta,Kab. Bantul,110.2891,-7.8934,5,65.9823
34020702a,PSDA Pajangan,JAWA,DI Yogyakarta,Kab. Bantul,110.2761,-7.8589,16,65.9823
34020801a,SDA Ringinharjo,JAWA,DI Yogyakarta,Kab. Bantul,110.3587,-7.891,4.2,39.5061
34020802a,BPP Bantul,JAWA,DI Yogyakarta,Kab. Bantul,110.3613,-7.8877,7.8,39.5061
34020901a,SDA Barongan,JAWA,DI Yogyakarta,Kab. Bantul,110.37,-7.9267,11.7,32.5144
34021001a,SDA Ngetal,JAWA,DI Yogyakarta,Kab. Bantul,110.3764,-7.9204,9.5,32.5144
34021002a,BPP Imogiri,JAWA,DI Yogyakarta,Kab. Bantul,110.3733,-7.9276,5,32.5144
34021003a,PSDA Siluk,JAWA,DI Yogyakarta,Kab. Bantul,110.3783,-7.9519,7,32.5144
34021101a,SDA Dlingo,JAWA,DI Yogyakarta,Kab. Bantul,110.4923,-7.9086,47.2,28.1431
34021102a,Kebun Buah Mangunan,JAWA,DI Yogyakarta,Kab. Bantul,110.4274,-7.9381,8.5,28.1431
34021103a,PSDA Terong,JAWA,DI Yogyakarta,Kab. Bantul,110.4675,-7.8867,34.6,36.6678
34021201a,SDA Potorono,JAWA,DI Yogyakarta,Kab. Bantul,110.4216,-7.8347,39.8,36.6678
34021202a,BPP Banguntapan,JAWA,DI Yogyakarta,Kab. Bantul,110.3844,-7.8466,20,39.5061
34021301a,BPP Pleret,JAWA,DI Yogyakarta,Kab. Bantul,110.4075,-7.8731,57.5,36.6678
34021302a,PSDA Bedugan,JAWA,DI Yogyakarta,Kab. Bantul,110.415,-7.8869,48.5,36.6678
34021401a,SDA Piyungan,JAWA,DI Yogyakarta,Kab. Bantul,110.5089,-7.8248,11.6,50.0516
34021403a,SDA Bendungan Karangploso,JAWA,DI Yogyakarta,Kab. Bantul,110.4017,-7.8628,62.1,36.6678
34021501a,SDA Gandok,JAWA,DI Yogyakarta,Kab. Bantul,110.3922,-7.8756,29,39.5061
34021502a,BPP Sewon,JAWA,DI Yogyakarta,Kab. Bantul,110.3531,-7.8612,23,39.5061
34021601a,BPP Kasihan,JAWA,DI Yogyakarta,Kab. Bantul,110.3324,-7.8148,12,39.5061
34021602a,SDA Ngestiharjo,JAWA,DI Yogyakarta,Kab. Bantul,110.3352,-7.8269,13,39.5061
34021603a,SDA Nyemengan,JAWA,DI Yogyakarta,Kab. Bantul,110.3626,-7.8605,13,39.5061
34021701a,BPP Sedayu,JAWA,DI Yogyakarta,Kab. Bantul,110.2562,-7.8163,8.5,65.9823
34021702a,PSDA Kalijoho,JAWA,DI Yogyakarta,Kab. Bantul,110.2375,-7.8222,12,65.9823
34030201a,BPP Nglipar,JAWA,DI Yogyakarta,Kab. Gunung Kidul,110.6033,-7.9564,30,35.6174
34030202a,PSDA Kedungkeris,JAWA,DI Yogyakarta,Kab. Gunung Kidul,110.6028,-7.8861,29,46.5251
34030301a,BPP Playen,JAWA,DI Yogyakarta,Kab. Gunung Kidul,110.5766,-7.9215,10,36.6704
34030303a,Gading BBI,JAWA,DI Yogyakarta,Kab. Gunung Kidul,110.4955,-7.9612,9,28.1431
34030304a,PSDA Wanagama,JAWA,DI Yogyakarta,Kab. Gunung Kidul,110.5908,-7.9086,8.3,36.6704
34030401a,BPP Patuk,JAWA,DI Yogyakarta,Kab. Gunung Kidul,110.5197,-7.8698,78.5,50.0516
34030501a,BPP Paliyan,JAWA,DI Yogyakarta,Kab. Gunung Kidul,110.5254,-8.0061,8.5,13.6239
34030601a,BPP Panggang,JAWA,DI Yogyakarta,Kab. Gunung Kidul,110.4164,-8.0157,14,16.0609
34030602a,Panggang BBI,JAWA,DI Yogyakarta,Kab. Gunung Kidul,110.4241,-8.0154,21,16.0609
34030701a,BPP Tepus,JAWA,DI Yogyakarta,Kab. Gunung Kidul,110.629,-8.093,3,20.2728
34030703a,PSDA Tepus,JAWA,DI Yogyakarta,Kab. Gunung Kidul,110.5389,-8.1061,5.6,6.2552
34030801a,BPP Semanu,JAWA,DI Yogyakarta,Kab. Gunung Kidul,110.647,-7.9884,10.5,35.6174
34030901a,BPP Karangmojo,JAWA,DI Yogyakarta,Kab. Gunung Kidul,110.711,-7.9791,6.5,29.7293
34030903a,Bendungan Karangmojo,JAWA,DI Yogyakarta,Kab. Gunung Kidul,110.3544,-7.7333,7.2,61.1566
34031001a,BPP Ponjong,JAWA,DI Yogyakarta,Kab. Gunung Kidul,110.7031,-7.9783,7,29.7293
34031101a,BPP Rongkop,JAWA,DI Yogyakarta,Kab. Gunung Kidul,110.7783,-8.1296,2,19.5156
34031201a,BPP Semin,JAWA,DI Yogyakarta,Kab. Gunung Kidul,110.5971,-7.9718,71,36.6704
34031301a,BPP Ngawen,JAWA,DI Yogyakarta,Kab. Gunung Kidul,110.7137,-7.897,46,31.3448
34031302a,PSDA Beji/Ngawen,JAWA,DI Yogyakarta,Kab. Gunung Kidul,110.6747,-7.8408,30,46.5251
34031401a,BPP Gedangsari,JAWA,DI Yogyakarta,Kab. Gunung Kidul,110.609,-7.8413,58,46.5251
34031501a,BPP Saptosari,JAWA,DI Yogyakarta,Kab. Gunung Kidul,110.4796,-8.045,7,16.0609
34031601a,BPP Girisubo,JAWA,DI Yogyakarta,Kab. Gunung Kidul,110.7331,-8.1731,3,19.5156
34031701a,BPP Tanjung Sari,JAWA,DI Yogyakarta,Kab. Gunung Kidul,110.6014,-8.0711,7,20.2728
34031801a,BPP Purwosari,JAWA,DI Yogyakarta,Kab. Gunung Kidul,110.361,-8.018,3,22.5916
34040101a,Jambon,JAWA,DI Yogyakarta,Kab. Sleman,110.341,-7.7564,39,61.1566
34040102a,Patukan,JAWA,DI Yogyakarta,Kab. Sleman,110.3216,-7.8064,62.5,39.5061
34040104a,Stageof Sleman,JAWA,DI Yogyakarta,Kab. Sleman,110.2949,-7.8166,21.2,65.9823
34040105a,STPN Yogyakarta,JAWA,DI Yogyakarta,Kab. Sleman,110.5086,-8.0428,13.2,13.6239
34040201a,Senuko,JAWA,DI Yogyakarta,Kab. Sleman,110.3159,-7.7731,26,61.1566
34040202a,Rewulu/Tebon,JAWA,DI Yogyakarta,Kab. Sleman,110.3146,-7.7731,17,61.1566
34040301a,Ngentak,JAWA,DI Yogyakarta,Kab. Sleman,110.2774,-7.7731,6,85.4718
34040401a,Kebonagung,JAWA,DI Yogyakarta,Kab. Sleman,110.2357,-7.7243,46,85.4718
34040402a,Sendangpitu,JAWA,DI Yogyakarta,Kab. Sleman,110.2687,-7.7231,63,85.4718
34040501a,Seyegan,JAWA,DI Yogyakarta,Kab. Sleman,110.301,-7.7397,33,61.1566
34040601a,Cebongan,JAWA,DI Yogyakarta,Kab. Sleman,110.3493,-7.7397,111.5,61.1566
34040602a,Staklim Sleman,JAWA,DI Yogyakarta,Kab. Sleman,110.3537,-7.7312,60,61.1566
34040701a,Adisucipto,JAWA,DI Yogyakarta,Kab. Sleman,110.4311,-7.7731,17.2,57.0594
34040702a,Kolombo,JAWA,DI Yogyakarta,Kab. Sleman,110.4077,-7.7495,19,57.0594
34040703a,Maguwoharjo,JAWA,DI Yogyakarta,Kab. Sleman,110.4458,-7.7897,20.7,57.0594
34040801a,Berbah,JAWA,DI Yogyakarta,Kab. Sleman,110.4792,-7.7958,24,57.0594
34040802a,Kalipentung,JAWA,DI Yogyakarta,Kab. Sleman,110.4752,-7.7897,17.5,57.0594
34040901a,Ngaglik Sonayan,JAWA,DI Yogyakarta,Kab. Sleman,110.4848,-7.777,33,57.0594
34040902a,Prambanan/ Pulerejo,JAWA,DI Yogyakarta,Kab. Sleman,110.4916,-7.7412,35,57.0594
34040903a,Trukan,JAWA,DI Yogyakarta,Kab. Sleman,110.4891,-7.8015,37,36.6678
34041001a,Kadirojo/Juwangen,JAWA,DI Yogyakarta,Kab. Sleman,110.4598,-7.7731,19,57.0594
34041002a,Kalasan,JAWA,DI Yogyakarta,Kab. Sleman,110.4682,-7.7564,23.5,57.0594
34041003a,Sambiroto,JAWA,DI Yogyakarta,Kab. Sleman,110.4556,-7.7731,18,57.0594
34041004a,PSDA Plataran,JAWA,DI Yogyakarta,Kab. Sleman,110.4625,-7.7147,12.3,57.0594
34041101a,Banjarharjo,JAWA,DI Yogyakarta,Kab. Sleman,110.3124,-7.6957,51,66.8911
34041104a,Ndolo,JAWA,DI Yogyakarta,Kab. Sleman,110.4355,-7.7397,33,57.0594
34041105a,Jangkang,JAWA,DI Yogyakarta,Kab. Sleman,110.4508,-7.6898,10,88.3699
34041107a,Laboratorium Tanah BPTP Yogyakarta,JAWA,DI Yogyakarta,Kab. Sleman,110.4198,-7.7501,18.5,57.0594
34041201a,Plumbon,JAWA,DI Yogyakarta,Kab. Sleman,110.3952,-7.7051,33,61.1566
34041202a,PSDA Prumpung,JAWA,DI Yogyakarta,Kab. Sleman,110.3922,-7.7069,34,61.1566
34041301a,Beran,JAWA,DI Yogyakarta,Kab. Sleman,110.3783,-7.7283,58,61.1566
34041302a,Ngepos / Triharjo,JAWA,DI Yogyakarta,Kab. Sleman,110.6833,-7.3522,53,160.0541
34041303a,Medari,JAWA,DI Yogyakarta,Kab. Sleman,110.3447,-7.6898,42,66.8911
34041304a,PSDA Kemput,JAWA,DI Yogyakarta,Kab. Sleman,110.4019,-7.6439,55,88.3699
34041401a,Tempel,JAWA,DI Yogyakarta,Kab. Sleman,110.3051,-7.6898,60,66.8911
34041402a,PSDA Seyegan,JAWA,DI Yogyakarta,Kab. Sleman,110.2936,-7.6964,42,113.7043
34041501a,Dadapan,JAWA,DI Yogyakarta,Kab. Sleman,110.4093,-7.6064,79,88.3699
34041502a,Ledoknongko,JAWA,DI Yogyakarta,Kab. Sleman,110.3674,-7.6564,68.5,66.8911
34041504a,Tunggularum,JAWA,DI Yogyakarta,Kab. Sleman,110.3937,-7.5998,87,103.834
34041505a,Donokerto,JAWA,DI Yogyakarta,Kab. Sleman,110.4113,-7.6342,61,88.3699
34041601a,Pakem,JAWA,DI Yogyakarta,Kab. Sleman,110.4201,-7.6731,31.5,88.3699
34041603a,Ngipiksari,JAWA,DI Yogyakarta,Kab. Sleman,110.3544,-7.7316,82,61.1566
34041701a,Bronggang,JAWA,DI Yogyakarta,Kab. Sleman,110.4442,-7.6609,13,88.3699
34041702a,Cepit,JAWA,DI Yogyakarta,Kab. Sleman,110.4672,-7.6564,18,88.3699
34041704a,Gondang,JAWA,DI Yogyakarta,Kab. Sleman,110.4338,-7.6231,101,88.3699
34710102a,Kebun Benih Tegalrejo,JAWA,DI Yogyakarta,Kota Yogyakarta,110.4517,-7.9569,21,28.1431
34710401a,Kepatihan Yogyakarta,JAWA,DI Yogyakarta,Kota Yogyakarta,110.3772,-7.9864,11,32.5144
34711302a,Distan Kota Yogyakarta,JAWA,DI Yogyakarta,Kota Yogyakarta,110.4614,-7.9,20,36.6678
34711303a,Polbangtan Yogyakarta,JAWA,DI Yogyakarta,Kota Yogyakarta,110.6139,-7.8917,9.2,46.5251
35010101a,Donorojo,JAWA,Jawa Timur,Kab. Pacitan,110.9903,-8.1044,3,36.3743
35010201a,Pringkuku,JAWA,Jawa Timur,Kab. Pacitan,111.0408,-8.1903,1,24.8763
35010302a,Tinatar,JAWA,Jawa Timur,Kab. Pacitan,111.0937,-8.0873,0,50.9511
35010401a,Pacitan,JAWA,Jawa Timur,Kab. Pacitan,111.1064,-8.1936,1,15.514
35010402e,Lanud Pacitan,JAWA,Jawa Timur,Kab. Pacitan,111.0846,-8.2113,1,10.2085
35010501a,Kebonagung,JAWA,Jawa Timur,Kab. Pacitan,111.1558,-8.2189,7,2.8123
35010601a,Guningsari/Kerti,JAWA,Jawa Timur,Kab. Pacitan,111.1517,-8.1417,8,15.514
35010602a,Arjosari,JAWA,Jawa Timur,Kab. Pacitan,111.1564,-8.1239,7,15.514
35010701a,Nawangan,JAWA,Jawa Timur,Kab. Pacitan,111.1903,-7.9992,63,58.7922
35010801a,Kledung/Bandar,JAWA,Jawa Timur,Kab. Pacitan,111.2789,-8.0317,27,41.9169
35010901a,Tahunan Baru,JAWA,Jawa Timur,Kab. Pacitan,111.3311,-8.02,14.8,39.9188
35010902a,Tegalombo,JAWA,Jawa Timur,Kab. Pacitan,111.3025,-8.065,77.1,39.9188
35011001a,Tulakan,JAWA,Jawa Timur,Kab. Pacitan,111.2747,-8.1708,9,12.1172
35011101a,Cokro  Kembang/Ngadirojo,JAWA,Jawa Timur,Kab. Pacitan,111.3286,-8.2053,7,3.8899
35011201a,Sukorejo/Sudimoro,JAWA,Jawa Timur,Kab. Pacitan,111.38,-8.2478,5.5,3.8899
35020101a,Mengare/Slahung,JAWA,Jawa Timur,Kab. Ponorogo,111.4153,-8.0208,29,22.4732
35020102a,Janti/Ngilo-Ilo,JAWA,Jawa Timur,Kab. Ponorogo,111.4092,-7.9764,5,20.2649
35020201a,Ngrayun,JAWA,Jawa Timur,Kab. Ponorogo,111.4467,-8.0728,12,22.4732
35020401a,Wilangan,JAWA,Jawa Timur,Kab. Ponorogo,111.5286,-7.9539,5,20.2767
35020501a,Prayungan/Sawo,JAWA,Jawa Timur,Kab. Ponorogo,111.5692,-7.9689,16,20.2767
35020502a,Kori,JAWA,Jawa Timur,Kab. Ponorogo,111.5503,-7.9499,9,20.2767
35020601a,Sooko,JAWA,Jawa Timur,Kab. Ponorogo,111.67,-7.9089,23,18.3536
35020701a,Kesugihan,JAWA,Jawa Timur,Kab. Ponorogo,111.6136,-7.8439,124,21.7907
35020702a,Pulung,JAWA,Jawa Timur,Kab. Ponorogo,111.6189,-7.8583,53,21.7907
35020801a,Sewatu,JAWA,Jawa Timur,Kab. Ponorogo,111.52,-7.93,9.5,20.2767
35021101a,Jalen/Balong,JAWA,Jawa Timur,Kab. Ponorogo,111.4297,-7.95,18,20.2649
35021201a,Kauman/Sumoroto,JAWA,Jawa Timur,Kab. Ponorogo,111.4047,-7.8647,11,22.8181
35021301a,Badegan,JAWA,Jawa Timur,Kab. Ponorogo,111.3311,-7.8719,4,24.2986
35021302a,Biting/Sumorobangun,JAWA,Jawa Timur,Kab. Ponorogo,111.3111,-7.8697,8,24.2986
35021401a,Jenangan Ii /Poh Ijo,JAWA,Jawa Timur,Kab. Ponorogo,111.3228,-7.8053,23,24.2986
35021601a,Pondok/Babadan,JAWA,Jawa Timur,Kab. Ponorogo,111.5008,-7.8136,19.5,24.9524
35021701a,Bangunsari/Ponorogo,JAWA,Jawa Timur,Kab. Ponorogo,111.4747,-7.8708,7,22.8181
35021801a,Jenangan I /Bollu,JAWA,Jawa Timur,Kab. Ponorogo,111.5439,-7.8208,47,24.9524
35021901a,Wagir Lor/Ngebel,JAWA,Jawa Timur,Kab. Ponorogo,111.6322,-7.805,78.5,21.7907
35021902a,Talum,JAWA,Jawa Timur,Kab. Ponorogo,111.6558,-7.8169,60.5,21.7907
35022001a,Blembem/Sungkur,JAWA,Jawa Timur,Kab. Ponorogo,111.3744,-7.8783,3,24.2986
35022101a,Pudak Wetan,JAWA,Jawa Timur,Kab. Ponorogo,111.7128,-7.8711,29,24.5063
35030101a,Wonocoyo/Panggul,JAWA,Jawa Timur,Kab. Trenggalek,111.455,-8.2494,16,5.4593
35030201a,Tawing/Munjungan,JAWA,Jawa Timur,Kab. Trenggalek,111.5989,-8.3106,95,4.0301
35030301a,Pule,JAWA,Jawa Timur,Kab. Trenggalek,111.5617,-8.1222,39,13.9101
35030401a,Dongko,JAWA,Jawa Timur,Kab. Trenggalek,111.5722,-8.1894,22,13.9101
35030501a,Prambon,JAWA,Jawa Timur,Kab. Trenggalek,111.6686,-8.0208,32,16.063
35030601a,Jati/Jabung,JAWA,Jawa Timur,Kab. Trenggalek,111.6519,-8.0939,41,16.063
35030603f,SMPK Karangan,JAWA,Jawa Timur,Kab. Trenggalek,111.8106,-8.0956,25.5,10.3795
35030701a,Bendoagung/Kampak,JAWA,Jawa Timur,Kab. Trenggalek,111.6697,-8.1761,32,14.6711
35030801a,Gemahharjo/Watulimo,JAWA,Jawa Timur,Kab. Trenggalek,111.7047,-8.2394,44,7.4628
35030901a,Dompyong/Bendungan,JAWA,Jawa Timur,Kab. Trenggalek,111.7094,-7.9325,46,20.3079
35031001a,Widoro,JAWA,Jawa Timur,Kab. Trenggalek,111.7189,-8.1228,23,10.7959
35040101a,Kepatihan/Peng. Tulungagung,JAWA,Jawa Timur,Kab. Tulungagung,111.9075,-8.0583,51,9.1406
35040201a,Boyolangu,JAWA,Jawa Timur,Kab. Tulungagung,111.8956,-8.1106,10,8.8841
35040401a,Ngantru,JAWA,Jawa Timur,Kab. Tulungagung,111.8917,-8.0172,69,10.3795
35040501a,Sidorejo/Mojopanggung,JAWA,Jawa Timur,Kab. Tulungagung,111.8717,-8.0475,27,10.3795
35040502a,Bolorejo I,JAWA,Jawa Timur,Kab. Tulungagung,111.8592,-8.0693,18,10.3795
35040601a,Mulyosari/Pager Wojo,JAWA,Jawa Timur,Kab. Tulungagung,111.8047,-7.9872,57,14.709
35040701a,Nyawangan/Ngantup,JAWA,Jawa Timur,Kab. Tulungagung,111.855,-7.9072,45,14.709
35040702a,Nglurup/Sumber Pandan,JAWA,Jawa Timur,Kab. Tulungagung,111.8231,-7.9158,31,14.709
35040703a,Sendang,JAWA,Jawa Timur,Kab. Tulungagung,111.8317,-7.9444,40,14.709
35040801a,Tulungrejo/Sumber Manggis,JAWA,Jawa Timur,Kab. Tulungagung,111.9022,-7.9597,97,62.5804
35040901a,Ngrendeng/Paingan,JAWA,Jawa Timur,Kab. Tulungagung,111.8486,-8.0694,14,10.3795
35041101a,Sumberingin Kidul/Ngunut,JAWA,Jawa Timur,Kab. Tulungagung,112.0039,-8.1175,28,11.9347
35041301a,Rejotangan,JAWA,Jawa Timur,Kab. Tulungagung,112.0894,-8.1228,48,11.9347
35041401a,Kalidawir,JAWA,Jawa Timur,Kab. Tulungagung,111.9825,-8.1803,4,7.8906
35041501a,Keboireng/Besuki,JAWA,Jawa Timur,Kab. Tulungagung,111.7703,-8.2117,14,7.4628
35041601a,Pojok/Campur Darat,JAWA,Jawa Timur,Kab. Tulungagung,111.8864,-8.1456,24,8.8841
35041701a,Swalloh/Song Jambu Ii,JAWA,Jawa Timur,Kab. Tulungagung,111.778,-8.1683,19,10.7959
35041702a,Bandung,JAWA,Jawa Timur,Kab. Tulungagung,111.7658,-8.1742,29,10.7959
35041901a,Ngepoh/Tumpak Mergo,JAWA,Jawa Timur,Kab. Tulungagung,111.8578,-8.21,16,4.4961
35050201a,Mangunan,JAWA,Jawa Timur,Kab. Blitar,112.0394,-8.0156,32,39.2286
35050302a,Ngaglik/Bendo,JAWA,Jawa Timur,Kab. Blitar,112.1181,-8.0978,25,32.3311
35050303a,Srengat,JAWA,Jawa Timur,Kab. Blitar,112.0603,-8.0608,34,39.2286
35050402a,Dawuhan/Klampok,JAWA,Jawa Timur,Kab. Blitar,112.1333,-8.1708,11.7,24.478
35050501a,Bakung,JAWA,Jawa Timur,Kab. Blitar,112.0742,-8.2586,35,6.5768
35050702a,Rembang,JAWA,Jawa Timur,Kota Blitar,112.1531,-8.125,68,24.478
35051102a,Pojok,JAWA,Jawa Timur,Kab. Blitar,112.2078,-8.0697,33,24.1705
35051103a,Slorok/Menjangan Kalung,JAWA,Jawa Timur,Kab. Blitar,112.2647,-8.0411,87,24.1705
35051201a,Jegu/Lodoyo,JAWA,Jawa Timur,Kab. Blitar,112.2431,-8.1514,25,33.6201
35051401a,Bajang/Talun,JAWA,Jawa Timur,Kab. Blitar,112.2914,-8.0942,40,24.1705
35051402a,Pasirharjo/Kalipurtih,JAWA,Jawa Timur,Kab. Blitar,112.2608,-8.0844,38,24.1705
35051403a,Bendosewu,JAWA,Jawa Timur,Kab. Blitar,112.2783,-8.1208,10,33.6201
35051501a,Tulungrejo/Bantaran,JAWA,Jawa Timur,Kab. Blitar,112.3439,-7.9886,180,36.3965
35051502a,Slumbung/Semen,JAWA,Jawa Timur,Kab. Blitar,112.3389,-8.0006,202,35.5069
35051503a,Gadungan/Gandusari,JAWA,Jawa Timur,Kab. Blitar,112.3064,-8.0278,67,35.5069
35051504a,Tambakan/Gogolantar,JAWA,Jawa Timur,Kab. Blitar,112.3078,-8.0589,17,35.5069
35051601a,Birowo,JAWA,Jawa Timur,Kab. Blitar,112.3672,-8.2253,25,22.0067
35051702a,Tegalsari/Ngadirenggo,JAWA,Jawa Timur,Kab. Blitar,112.3456,-8.0367,192,35.5069
35051704a,Perk. Sengon,JAWA,Jawa Timur,Kab. Blitar,112.3675,-8.0167,198,35.5069
35051901a,Kesamben,JAWA,Jawa Timur,Kab. Blitar,112.3714,-8.1436,54,29.3761
35051902a,Pager gunung/Kalimanis,JAWA,Jawa Timur,Kab. Blitar,112.3908,-8.1392,72,29.3761
35052101a,Ngrendeng,JAWA,Jawa Timur,Kab. Blitar,112.4231,-8.1006,56,31.1731
35052102a,Pohgajih,JAWA,Jawa Timur,Kab. Blitar,112.4314,-8.15,12,31.1731
35052201a,Selopuro/Kaulon,JAWA,Jawa Timur,Kab. Blitar,112.3017,-8.1489,20,29.3761
35060201a,Surat/Mojo,JAWA,Jawa Timur,Kab. Kediri,111.9503,-7.8819,20,128.3682
35060202a,Jugo/Besuki,JAWA,Jawa Timur,Kab. Kediri,111.8572,-7.8625,99.5,39.4605
35060301a,Kras,JAWA,Jawa Timur,Kab. Kediri,111.9895,-7.9671,72,62.5804
35060302a,Tales /Pg. Ngadirejo,JAWA,Jawa Timur,Kab. Kediri,111.9773,-7.9244,48,62.5804
35060501a,Kandat I,JAWA,Jawa Timur,Kab. Kediri,112.0436,-7.9314,26,93.5676
35060503a,Kandat Ii /Galuhan,JAWA,Jawa Timur,Kab. Kediri,112.0319,-7.9339,47,93.5676
35060601a,Jajar/Kwarasan Barat,JAWA,Jawa Timur,Kab. Kediri,112.1247,-7.9083,34,48.8869
35060602a,Pojok,JAWA,Jawa Timur,Kab. Kediri,112.0767,-7.9197,83,93.5676
35060603a,Tempurejo I /Bakung Ii,JAWA,Jawa Timur,Kab. Kediri,112.1464,-7.8869,39,32.3153
35060604a,Tempurejo II  /Truneng/Turboyo,JAWA,Jawa Timur,Kab. Kediri,112.1508,-7.91,43.3,48.8869
35060605a,Tawang/Wates,JAWA,Jawa Timur,Kab. Kediri,112.0256,-7.9253,55,93.5676
35060606a,Sidomulyo,JAWA,Jawa Timur,Kab. Kediri,112.0883,-7.8656,69,53.3171
35060607a,Duwet/Pakisaji,JAWA,Jawa Timur,Kab. Kediri,112.0883,-7.9378,72,93.5676
35060702a,Margourip/Sumberlumbu,JAWA,Jawa Timur,Kab. Kediri,112.1558,-7.9525,123.5,48.8869
35060703a,Babadan/Onggoboyo,JAWA,Jawa Timur,Kab. Kediri,112.1853,-7.9211,63.4,48.8869
35060704a,Pandantoyo,JAWA,Jawa Timur,Kab. Kediri,112.1603,-7.9397,79.5,48.8869
35060705a,Kunjang/Kutukan,JAWA,Jawa Timur,Kab. Kediri,112.1303,-7.9481,108.5,48.8869
35060901a,Plosokidul/Jengkol,JAWA,Jawa Timur,Kab. Kediri,112.1472,-7.8639,47,32.3153
35060902a,Kalasan,JAWA,Jawa Timur,Kab. Kediri,112.1333,-7.8656,46,32.3153
35060904a,Jarak /Simbar,JAWA,Jawa Timur,Kab. Kediri,112.1817,-7.8972,48,32.3153
35060905a,Sidorejo/Dermo,JAWA,Jawa Timur,Kab. Kediri,112.1789,-7.8236,67,32.3153
35061001a,Gurah I /Gurah Stasiun,JAWA,Jawa Timur,Kab. Kediri,112.1005,-7.7996,46,30.4493
35061002a,Gurah II  (PU),JAWA,Jawa Timur,Kab. Kediri,112.0886,-7.815,50,53.3171
35061003a,Bangkok/Brenggolo,JAWA,Jawa Timur,Kab. Kediri,112.1044,-7.835,27,32.3153
35061101a,Ds. Menang,JAWA,Jawa Timur,Kab. Kediri,112.0731,-7.7753,50,44.7522
35061102a,Padangan/Tangkilan,JAWA,Jawa Timur,Kab. Kediri,112.1169,-7.7383,39,30.4493
35061103a,Pagu/Sitimerto,JAWA,Jawa Timur,Kab. Kediri,112.0864,-7.7692,16,44.7522
35061104a,Tengger Kidul,JAWA,Jawa Timur,Kab. Kediri,112.1003,-7.7866,88,30.4493
35061201a,Karangrejo/Gampengrejo,JAWA,Jawa Timur,Kab. Kediri,112.0347,-7.8031,13,53.3171
35061301a,Tiron/Gading/Parang,JAWA,Jawa Timur,Kab. Kediri,111.938,-7.7837,52,101.032
35061302a,Cerme/Grogol (PU),JAWA,Jawa Timur,Kab. Kediri,111.9578,-7.7411,43,101.032
35061401a,Papar,JAWA,Jawa Timur,Kab. Kediri,112.0764,-7.6947,85,32.7442
35061501a,Wonomarto,JAWA,Jawa Timur,Kab. Kediri,112.1439,-7.6256,20,31.0221
35061601a,Mejono/Bogokidul,JAWA,Jawa Timur,Kab. Kediri,112.1408,-7.7253,57,30.4493
35061602a,Tegowangi,JAWA,Jawa Timur,Kab. Kediri,112.1628,-7.7503,24,30.4493
35061701a,Ds. Sambirejo,JAWA,Jawa Timur,Kab. Kediri,112.1422,-7.7772,67,30.4493
35061702a,Pare (PU),JAWA,Jawa Timur,Kab. Kediri,112.1883,-7.7653,60,30.4493
35061703a,Bendo/Mojolegi,JAWA,Jawa Timur,Kab. Kediri,112.1533,-7.7589,56,30.4493
35061801a,JatiKrenceng/Pehlandak,JAWA,Jawa Timur,Kab. Kediri,112.2528,-7.7936,65,67.8701
35061802a,Siman,JAWA,Jawa Timur,Kab. Kediri,112.3058,-7.8256,82,65.3824
35061901a,Klampisan/Damarwulan,JAWA,Jawa Timur,Kab. Kediri,112.2719,-7.7561,67,67.8701
35061902a,Mlancu/Pengajaran,JAWA,Jawa Timur,Kab. Kediri,112.3222,-7.7628,60,57.4187
35061903a,Klampisan/Kencong,JAWA,Jawa Timur,Kab. Kediri,112.2342,-7.7608,30,67.8701
35061904a,Kebondalem/Kandangan,JAWA,Jawa Timur,Kab. Kediri,112.2803,-7.75,72,67.8701
35062101a,Balongjeruk,JAWA,Jawa Timur,Kab. Kediri,112.1903,-7.6722,48,31.0221
35062301a,Susuhbangu/Ringinrejo,JAWA,Jawa Timur,Kab. Kediri,112.0308,-7.9764,82,93.5676
35062401a,Baye / Pg. Minggiran,JAWA,Jawa Timur,Kab. Kediri,112.0406,-7.7444,27,44.7522
35062501a,Ds. Turus,JAWA,Jawa Timur,Kab. Kediri,112.0325,-7.7597,26,44.7522
35062601a,Canggu/Surowono,JAWA,Jawa Timur,Kab. Kediri,112.2158,-7.7564,25.5,67.8701
35062602a,Badas,JAWA,Jawa Timur,Kab. Kediri,112.2094,-7.7036,23,67.8701
35070101a,Kedungdalem/Donomulyo,JAWA,Jawa Timur,Kab. Malang,112.4203,-8.2692,46,15.5412
35070201a,Pagak,JAWA,Jawa Timur,Kab. Malang,112.5306,-8.2225,21,19.448
35070401a,Sumberasin,JAWA,Jawa Timur,Kab. Malang,112.75,-7.9,40,52.8619
35070402a,Sitiarjo,JAWA,Jawa Timur,Kab. Malang,112.6786,-8.3786,61,29.2649
35070501a,Dampit,JAWA,Jawa Timur,Kab. Malang,112.8,-8.189,30,44.7635
35070502a,BPP DAMPIT,JAWA,Jawa Timur,Kab. Malang,112.7519,-8.212,47.9,39.8985
35070701a,Wonomulyo/Poncokusumo,JAWA,Jawa Timur,Kab. Malang,112.7681,-8.0408,14,51.1662
35070901a,Turen,JAWA,Jawa Timur,Kab. Malang,112.6933,-8.1639,16,35.3098
35070902a,Tumpukrenteng,JAWA,Jawa Timur,Kab. Malang,112.6967,-8.1289,18,35.3098
35070903a,Wajak,JAWA,Jawa Timur,Kab. Malang,112.7336,-8.1042,31,44.7635
35070904a,Kemulan/Clumpret,JAWA,Jawa Timur,Kab. Malang,112.6447,-8.2292,25,27.6591
35071001a,Gondang Legi,JAWA,Jawa Timur,Kab. Malang,112.6203,-8.1708,13.8,35.3098
35071101a,Kalipare,JAWA,Jawa Timur,Kab. Malang,112.4542,-8.2014,21.5,15.5412
35071102e,KP Kalipare,JAWA,Jawa Timur,Kab. Malang,112.4503,-8.2003,21.5,15.5412
35071201a,Sumber Pucung,JAWA,Jawa Timur,Kab. Malang,112.4836,-8.1536,54,31.1731
35071202a,Karangkates,JAWA,Jawa Timur,Kab. Malang,112.451,-8.152,47.4,31.1731
35071302a,Kepanjen K. Dinas,JAWA,Jawa Timur,Kab. Malang,112.5653,-8.13,25,31.4115
35071402a,Gading/Blambangan,JAWA,Jawa Timur,Kab. Malang,112.6353,-8.1047,16.5,35.3098
35071501a,Tangkilsari,JAWA,Jawa Timur,Kab. Malang,112.66,-8.0561,7,44.2192
35071502a,Gunungsari/Tajinan,JAWA,Jawa Timur,Kab. Malang,112.695,-8.0481,6,44.2192
35071601a,Malangsuko/Tumpang,JAWA,Jawa Timur,Kab. Malang,112.7606,-7.9994,28,46.3076
35071701a,Kemantren/Jabung,JAWA,Jawa Timur,Kab. Malang,112.7519,-7.9464,12,46.3076
35071802e,Lanud AR Saleh,JAWA,Jawa Timur,Kab. Malang,112.713,-7.931,36.1,46.3076
35072001a,Ngajum,JAWA,Jawa Timur,Kab. Malang,112.5426,-8.0972,94,42.8867
35072101a,Gondowangi/Wagir,JAWA,Jawa Timur,Kab. Malang,112.5719,-8.0083,70,42.8867
35072201a,Petungsewu/Dau,JAWA,Jawa Timur,Kab. Malang,112.55,-7.9467,102,41.0326
35072302a,Karangploso,JAWA,Jawa Timur,Kab. Malang,112.5967,-7.9014,26.3,41.0326
35072402a,Klampok/Singosari,JAWA,Jawa Timur,Kab. Malang,112.6567,-7.89,50,43.1563
35072501a,Lawang,JAWA,Jawa Timur,Kab. Malang,112.6975,-7.8328,31,43.1563
35072601a,Sukomulyo/Kedungrejo,JAWA,Jawa Timur,Kab. Malang,112.4325,-7.8586,84,64.9516
35072602a,Ngroto/Pujon,JAWA,Jawa Timur,Kab. Malang,112.4669,-7.8389,40,64.9516
35072701a,Jombok,JAWA,Jawa Timur,Kab. Malang,112.3697,-7.8236,27,65.3824
35072702a,Kaumrejo/Ngantang,JAWA,Jawa Timur,Kab. Malang,112.3703,-7.8542,49,65.3824
35072703a,Ngantru/Sekar,JAWA,Jawa Timur,Kab. Malang,112.3681,-7.8997,97,65.3824
35072801a,Kasembon,JAWA,Jawa Timur,Kab. Malang,112.31,-7.7806,46,57.4187
35073301a,Karangsuko,JAWA,Jawa Timur,Kab. Malang,112.5908,-8.1547,21.1,31.4115
35080101a,Rawaan/Tempursari,JAWA,Jawa Timur,Kab. Lumajang,112.977,-8.286,69,31.4531
35080201a,Curah-koboan,JAWA,Jawa Timur,Kab. Lumajang,113.0042,-8.1706,130,35.7065
35080202a,Tamanayu/Pronojiwo,JAWA,Jawa Timur,Kab. Lumajang,112.9594,-8.2308,392,31.4531
35080203a,Supiturang,JAWA,Jawa Timur,Kab. Lumajang,112.9767,-8.2161,143,31.4531
35080301a,Candipuro,JAWA,Jawa Timur,Kab. Lumajang,113.075,-8.1831,40,35.7065
35080302a,Gunung Sawur,JAWA,Jawa Timur,Kab. Lumajang,113.12,-8.1567,49,22.9965
35080303a,Kalipancing,JAWA,Jawa Timur,Kab. Lumajang,113.0186,-8.1444,64,35.7065
35080401a,Kec. Pasirian,JAWA,Jawa Timur,Kab. Lumajang,113.1142,-8.2064,40,20.6901
35080402a,Kalibendo/Pasirian,JAWA,Jawa Timur,Kab. Lumajang,113.0969,-8.2344,40,38.5636
35080403a,Sememu,JAWA,Jawa Timur,Kab. Lumajang,113.1325,-8.1975,16,22.9965
35080404e,KP Pasirian,JAWA,Jawa Timur,Kab. Lumajang,113.1477,-8.223,4,20.6901
35080405a,Nguter/Kedung Wringin,JAWA,Jawa Timur,Kab. Lumajang,113.1275,-8.1703,26,22.9965
35080502a,Tempeh/Jokarto,JAWA,Jawa Timur,Kab. Lumajang,113.1486,-8.1633,27,22.9965
35080503a,Tempeh Lor,JAWA,Jawa Timur,Kab. Lumajang,113.1781,-8.1942,29,22.9965
35080504a,Besuk,JAWA,Jawa Timur,Kab. Lumajang,113.1839,-8.1728,6,22.9965
35080506a,Tempeh Kidul,JAWA,Jawa Timur,Kab. Lumajang,113.1783,-8.2231,10,20.6901
35080601a,Kunir Lor,JAWA,Jawa Timur,Kab. Lumajang,113.2219,-8.2211,14,36.0382
35080701a,Tanjungrejo/Yosowilangun/Cakru,JAWA,Jawa Timur,Kab. Lumajang,113.3083,-8.2817,0,26.9619
35080702a,Kebun Asri/Maleman,JAWA,Jawa Timur,Kab. Lumajang,113.2947,-8.2331,12,36.0382
35080801a,Sumbersari/Blukon,JAWA,Jawa Timur,Kab. Lumajang,113.3069,-8.1836,17,36.2685
35080802a,Nogosari,JAWA,Jawa Timur,Kab. Lumajang,113.2956,-8.2006,27,36.0382
35080803a,Rowokangkung/Blimbing,JAWA,Jawa Timur,Kab. Lumajang,113.3339,-8.1931,9,36.2685
35080804a,Banter PG,JAWA,Jawa Timur,Kab. Lumajang,113.3386,-8.1724,8,36.2685
35080805a,Nogosari PG,JAWA,Jawa Timur,Kab. Lumajang,113.3131,-8.178,10,36.2685
35080806a,Blukon/Dawuhan PG,JAWA,Jawa Timur,Kab. Lumajang,113.3044,-8.1591,40,36.2685
35080901a,Wonokerto,JAWA,Jawa Timur,Kab. Lumajang,113.2589,-8.1601,5,20.9953
35080902a,Tekung,JAWA,Jawa Timur,Kab. Lumajang,113.2864,-8.1792,12,20.9953
35081001a,Banjarwaru/Kedung-sangku,JAWA,Jawa Timur,Kab. Lumajang,113.1878,-8.1289,10,22.9965
35081002a,Labruk Lor,JAWA,Jawa Timur,Kab. Lumajang,113.2061,-8.1419,8,20.9953
35081101a,Besuk Sat,JAWA,Jawa Timur,Kab. Lumajang,113.0181,-8.1104,219,35.7065
35081102a,Pasrujambe,JAWA,Jawa Timur,Kab. Lumajang,113.0589,-8.1214,130,35.7065
35081103a,Bendo,JAWA,Jawa Timur,Kab. Lumajang,113.0506,-8.1225,71,35.7065
35081104a,Kertosari,JAWA,Jawa Timur,Kab. Lumajang,113.09,-8.14,114,35.7065
35081105a,Munggir,JAWA,Jawa Timur,Kab. Lumajang,113.0414,-8.1206,91,35.7065
35081106a,Karanganom/Pagowan,JAWA,Jawa Timur,Kab. Lumajang,113.1308,-8.1464,76,22.9965
35081201a,Senduro,JAWA,Jawa Timur,Kab. Lumajang,113.0914,-8.0997,134,93.6069
35081301a,Gucialit,JAWA,Jawa Timur,Kab. Lumajang,113.1531,-8.0658,49,38.1783
35081302a,Jeruk/Gunung Ringgit,JAWA,Jawa Timur,Kab. Lumajang,113.1692,-7.9944,7,68.535
35081401a,Padang,JAWA,Jawa Timur,Kab. Lumajang,113.1908,-8.0858,17,38.1783
35081402a,Bodang,JAWA,Jawa Timur,Kab. Lumajang,113.1331,-8.0939,42,38.1783
35081501a,Kutorenon/Sukodono,JAWA,Jawa Timur,Kab. Lumajang,113.2283,-8.1028,20,20.9953
35081502a,Klanting/Dawuhan Lor,JAWA,Jawa Timur,Kab. Lumajang,113.2042,-8.118,0,20.9953
35081601a,Sawaran Kulon/Sumber-pandan,JAWA,Jawa Timur,Kab. Lumajang,113.2033,-8.0008,37,26.1644
35081602a,Wonorejo/Kedung Jajang,JAWA,Jawa Timur,Kab. Lumajang,113.2442,-8.0794,28,26.1644
35081603a,Bandaran/Pace,JAWA,Jawa Timur,Kab. Lumajang,113.1961,-8.0036,37,38.1783
35081701a,Banyu Putih Kidul,JAWA,Jawa Timur,Kab. Lumajang,113.2772,-8.1103,21,20.9953
35081702a,Kaliboto,JAWA,Jawa Timur,Kab. Lumajang,113.3664,-8.1089,35,36.2685
35081703a,Rojopolo,JAWA,Jawa Timur,Kab. Lumajang,113.3269,-8.1281,13,36.2685
35081704a,Blimbing,JAWA,Jawa Timur,Kab. Lumajang,113.3,-8.2,0,36.0382
35081705a,Sukosari,JAWA,Jawa Timur,Kab. Lumajang,113.3053,-8.1128,19.5,36.2685
35081706a,Ranupakis/Litbang Induk Pg.Jatiroto,JAWA,Jawa Timur,Kab. Lumajang,113.3597,-8.1256,19,36.2685
35081708a,Genitri Kidul PG,JAWA,Jawa Timur,Kab. Lumajang,113.3703,-8.1478,0,36.2685
35081709a,Genitri Tengah PG,JAWA,Jawa Timur,Kab. Lumajang,113.3544,-8.166,0,36.2685
35081710a,Rojopolo PG,JAWA,Jawa Timur,Kab. Lumajang,113.3303,-8.1606,0,36.2685
35081711a,Banyuputih PG,JAWA,Jawa Timur,Kab. Lumajang,113.2863,-8.1361,0,20.9953
35081712a,Sukorejo PG,JAWA,Jawa Timur,Kab. Lumajang,113.3204,-8.1335,0,36.2685
35081801a,Ledoktempuro/Randu Agung,JAWA,Jawa Timur,Kab. Lumajang,113.2869,-8.0481,30,26.1644
35081802a,Kali Penggung,JAWA,Jawa Timur,Kab. Lumajang,113.3381,-8.0592,7,34.3166
35081803a,Gedang Mas,JAWA,Jawa Timur,Kab. Lumajang,113.3267,-8.0708,12,34.3166
35081804a,Banyuputih Lor/Paleran,JAWA,Jawa Timur,Kab. Lumajang,113.2864,-8.0886,31,26.1644
35081805a,Umbul,JAWA,Jawa Timur,Kab. Lumajang,113.2627,-8.0944,34.6,26.1644
35081806a,Leduk/Randuagung,JAWA,Jawa Timur,Kab. Lumajang,113.2958,-8.1328,0,20.9953
35081807a,Sumbersuko PG,JAWA,Jawa Timur,Kab. Lumajang,113.2992,-8.1049,18,20.9953
35081808a,Gedangan PG,JAWA,Jawa Timur,Kab. Lumajang,113.3485,-8.0831,11,34.3166
35081809a,Gedang Mas PG,JAWA,Jawa Timur,Kab. Lumajang,113.3201,-8.0805,28.5,34.3166
35081901a,Klakah/Ranuklakah,JAWA,Jawa Timur,Kab. Lumajang,113.2683,-7.9861,47,39.6404
35081902a,Ranupakis,JAWA,Jawa Timur,Kab. Lumajang,113.2672,-8.0014,34,26.1644
35082001a,Ranu Bedali/Ranuyoso,JAWA,Jawa Timur,Kab. Lumajang,113.2694,-7.9542,58,39.6404
35082101a,Kebonsari,JAWA,Jawa Timur,Kab. Lumajang,113.2111,-8.1617,8,20.9953
35090201a,Kencong 1,JAWA,Jawa Timur,Kab. Jember,113.3683,-8.2731,16,26.9619
35090202a,Kencong 2,JAWA,Jawa Timur,Kab. Jember,113.3719,-8.27,15,26.9619
35090203a,Wonorejo,JAWA,Jawa Timur,Kab. Jember,113.393,-8.272,30,26.9619
35090301a,Pringgowirawan/Watu urip,JAWA,Jawa Timur,Kab. Jember,113.4053,-8.1208,76,40.8747
35090302a,Karangbayat,JAWA,Jawa Timur,Kab. Jember,113.42,-8.11,51.5,40.8747
35090401a,Bagorejo,JAWA,Jawa Timur,Kab. Jember,113.4453,-8.3033,26,23.9929
35090402a,Gumuk mas II (BT),JAWA,Jawa Timur,Kab. Jember,113.4047,-8.2833,17,35.1358
35090403a,Gumuk mas I (KT),JAWA,Jawa Timur,Kab. Jember,113.5647,-8.3019,25,23.3656
35090404a,Mayangan/Bedodo,JAWA,Jawa Timur,Kab. Jember,113.3828,-8.3381,66,0.45437
35090405a,Menampu,JAWA,Jawa Timur,Kab. Jember,113.4122,-8.3264,35,23.9929
35090601a,Tanggulkulon/Tanggul,JAWA,Jawa Timur,Kab. Jember,113.4386,-8.1628,24,40.8747
35090604a,MANGGISAN,JAWA,Jawa Timur,Kab. Jember,113.4733,-8.1495,48,40.8747
35090701a,Sidomekar/Semboro,JAWA,Jawa Timur,Kab. Jember,113.3811,-8.2094,19,26.9619
35090803a,Wonosari/Puger,JAWA,Jawa Timur,Kab. Jember,113.4994,-8.3344,51,23.9929
35090901a,Bangsalsari/Dam Langkap,JAWA,Jawa Timur,Kab. Jember,113.5431,-8.2011,12,25.0123
35091002a,Karang Duren,JAWA,Jawa Timur,Kab. Jember,113.4897,-8.2717,26,35.1358
35091101a,Gumelar Timur,JAWA,Jawa Timur,Kab. Jember,113.565,-8.2486,31.5,25.0123
35091102a,Lojejer,JAWA,Jawa Timur,Kab. Jember,113.4975,-8.3556,28.5,23.9929
35091103a,Tanjung Rejo,JAWA,Jawa Timur,Kab. Jember,113.5675,-8.3272,59,23.3656
35091104a,Kesilir,JAWA,Jawa Timur,Kab. Jember,113.5797,-8.3489,29,23.3656
35091105a,Ampel,JAWA,Jawa Timur,Kab. Jember,113.5286,-8.3531,26,23.3656
35091106a,Glundengan I/Tamansari,JAWA,Jawa Timur,Kab. Jember,113.5469,-8.3014,60,23.3656
35091107a,Tamansari/Kemuningsari,JAWA,Jawa Timur,Kab. Jember,113.6153,-8.2872,15,13.548
35091201a,Karanganyar,JAWA,Jawa Timur,Kab. Jember,113.6084,-8.3429,10,19.7191
35091203a,Sumberrejo,JAWA,Jawa Timur,Kab. Jember,113.5939,-8.4009,25,0.22788
35091301a,Rambipuji,JAWA,Jawa Timur,Kab. Jember,113.6108,-8.2069,59,13.548
35091302a,Rawatamtu,JAWA,Jawa Timur,Kab. Jember,113.58,-8.23,14,25.0123
35091304a,Rambigondang/Dam Makam,JAWA,Jawa Timur,Kab. Jember,113.6189,-8.1942,83,25.2529
35091305a,Kramat Candi/Dam Pecoro,JAWA,Jawa Timur,Kab. Jember,113.5858,-8.2144,59,25.0123
35091402a,Suci/Dam Karang Anom,JAWA,Jawa Timur,Kab. Jember,113.6267,-8.1406,12.5,25.2529
35091602a,Jenggawah,JAWA,Jawa Timur,Kab. Jember,113.6506,-8.2539,28,13.548
35091603a,Jatisari/Cangkring,JAWA,Jawa Timur,Kab. Jember,113.6742,-8.2994,36,13.548
35091801a,Tempurejo,JAWA,Jawa Timur,Kab. Jember,113.6917,-8.2903,38,13.548
35091802a,Sanenrejo,JAWA,Jawa Timur,Kab. Jember,113.7758,-8.3628,2,7.2343
35091901a,Sempusari/Dam Semangir,JAWA,Jawa Timur,Kab. Jember,113.6528,-8.1811,57,25.2529
35092002a,Gwbang/Dam Sembah,JAWA,Jawa Timur,Kab. Jember,113.6925,-8.1564,53,25.2529
35092102a,Wirolegi,JAWA,Jawa Timur,Kab. Jember,113.7389,-8.1944,86,24.6961
35092201a,Darsono/Kopang,JAWA,Jawa Timur,Kab. Jember,113.7186,-8.1047,43,24.6961
35092202a,Patemon/Dam Arjasa,JAWA,Jawa Timur,Kab. Jember,113.7475,-8.1218,84,24.6961
35092301a,Lempeji/Karangkedawung,JAWA,Jawa Timur,Kab. Jember,113.755,-8.2339,84,15.7321
35092401a,Jatian,JAWA,Jawa Timur,Kab. Jember,113.7961,-8.1497,81.3,24.6961
35092403a,Pakusari,JAWA,Jawa Timur,Kab. Jember,113.7869,-8.1772,28,24.6961
35092501a,Panduman/Dam Tegalbatu,JAWA,Jawa Timur,Kab. Jember,113.7494,-8.0753,60,12.3447
35092601a,Seputih,JAWA,Jawa Timur,Kab. Jember,113.7914,-8.1953,39,24.6961
35092701a,Ajung Kalisat,JAWA,Jawa Timur,Kab. Jember,113.8214,-8.1328,76.9,11.0657
35092801a,Sumberlesung/Ledokombo,JAWA,Jawa Timur,Kab. Jember,113.87,-8.1411,12.6,11.0657
35092802a,Suren,JAWA,Jawa Timur,Kab. Jember,113.8489,-8.1639,36,11.0657
35092904a,Sukowono,JAWA,Jawa Timur,Kab. Jember,113.8347,-8.0511,35,7.9631
35093001a,Sumberjati,JAWA,Jawa Timur,Kab. Jember,113.8844,-8.1917,31.5,11.0657
35093101a,Sumberjambe,JAWA,Jawa Timur,Kab. Jember,113.8992,-8.0653,33,7.9631
35093102a,Cumedak,JAWA,Jawa Timur,Kab. Jember,113.8922,-8.0975,13,7.9631
35100101a,Pesanggaran,JAWA,Jawa Timur,Kab. Banyuwangi,114.1003,-8.5617,49,1.4017
35100102a,Kandangan/Karang Tambak,JAWA,Jawa Timur,Kab. Banyuwangi,113.9867,-8.5058,46,11.5406
35100302a,Grajagan,JAWA,Jawa Timur,Kab. Banyuwangi,114.25,-8.5519,13.5,2.0993
35100401a,Tegal Dlimo,JAWA,Jawa Timur,Kab. Banyuwangi,114.2767,-8.5086,10.4,2.0993
35100501a,Blambangan,JAWA,Jawa Timur,Kab. Banyuwangi,114.2833,-8.4139,70,1.9039
35100701e,KP Genteng,JAWA,Jawa Timur,Kab. Banyuwangi,114.2297,-8.3648,43.9,2.3542
35100801a,Sukonatar,JAWA,Jawa Timur,Kab. Banyuwangi,114.2764,-8.3869,63.2,2.3542
35100901a,Genteng I,JAWA,Jawa Timur,Kab. Banyuwangi,114.146,-8.362,26,1.8449
35100902a,Genteng II,JAWA,Jawa Timur,Kab. Banyuwangi,114.1456,-8.3478,77.2,1.8449
35101006a,Terbasala,JAWA,Jawa Timur,Kab. Banyuwangi,114.0031,-8.3956,57,7.5525
35101013a,Karang Harjo,JAWA,Jawa Timur,Kab. Banyuwangi,114.0519,-8.3136,68,7.5525
35101106a,Kebunrejo/Glenn Nevis,JAWA,Jawa Timur,Kab. Banyuwangi,113.972,-8.315,76,18.8591
35101112a,Perk. Gentengan,JAWA,Jawa Timur,Kab. Banyuwangi,114.17,-8.38,84,1.8449
35101201a,Kemiri/Turus,JAWA,Jawa Timur,Kab. Banyuwangi,114.2017,-8.2844,88,6.5337
35101202a,Gambor,JAWA,Jawa Timur,Kab. Banyuwangi,114.2431,-8.3367,100,2.3542
35101203a,Alas Malang,JAWA,Jawa Timur,Kab. Banyuwangi,114.2511,-8.3206,83.5,2.3542
35101301a,Lemahbangdewo/Rogojampi,JAWA,Jawa Timur,Kab. Banyuwangi,114.2808,-8.3122,44.1,2.3542
35101401a,Dadapan,JAWA,Jawa Timur,Kab. Banyuwangi,114.3375,-8.2578,15,5.1938
35101504a,Kemirahan/Glagah,JAWA,Jawa Timur,Kab. Banyuwangi,114.3186,-8.2044,9.8,5.1938
35101506a,Kampunganyar III /Sumber rejo,JAWA,Jawa Timur,Kab. Banyuwangi,114.2794,-8.1358,40,4.5864
35101602a,Tamanbaru/Banyuwangi PU,JAWA,Jawa Timur,Kab. Banyuwangi,114.3622,-8.2178,0,5.1938
35101801a,Bajulmati,JAWA,Jawa Timur,Kab. Banyuwangi,114.3863,-7.9264,0,2.3502
35101803a,Pasewaran,JAWA,Jawa Timur,Kab. Banyuwangi,114.2917,-7.98,0,2.8588
35101804a,Sidomulyo,JAWA,Jawa Timur,Kab. Banyuwangi,114.4,-8.0172,0,2.9723
35101805a,Wongsorejo,JAWA,Jawa Timur,Kab. Banyuwangi,114.4014,-7.9922,25,2.8602
35101806a,Alas Buluh,JAWA,Jawa Timur,Kab. Banyuwangi,114.4067,-8.0097,11,3.7069
35101901a,Bayu Lor,JAWA,Jawa Timur,Kab. Banyuwangi,114.1869,-8.1875,160,11.7753
35101902a,Songgon,JAWA,Jawa Timur,Kab. Banyuwangi,114.1914,-8.2286,200,3.9297
35102002a,Temuguruh,JAWA,Jawa Timur,Kab. Banyuwangi,114.1658,-8.2792,85.2,3.9297
35102105a,Selogiri,JAWA,Jawa Timur,Kab. Banyuwangi,114.3533,-8.0928,20,2.9723
35102201a,Kesilir,JAWA,Jawa Timur,Kab. Banyuwangi,114.1286,-8.525,2,1.4017
35102401a,Tamansari/Lijen Jambu,JAWA,Jawa Timur,Kab. Banyuwangi,114.2517,-8.1683,178.7,4.5864
35102402a,Benel/Licin,JAWA,Jawa Timur,Kab. Banyuwangi,114.2678,-8.1981,41,4.5864
35110101a,Penanggungan/Maesan,JAWA,Jawa Timur,Kab. Bondowoso,113.7753,-8.0208,24,12.3447
35110201a,Tamanan,JAWA,Jawa Timur,Kab. Bondowoso,113.8278,-8.0139,33.5,7.9631
35110301a,Pakisan,JAWA,Jawa Timur,Kab. Bondowoso,113.9219,-7.9892,17.7,10.5285
35110302a,Sulek/Tlogosari,JAWA,Jawa Timur,Kab. Bondowoso,113.9361,-7.9464,30,10.5285
35110401a,Pecalongan/Pinang Pahit,JAWA,Jawa Timur,Kab. Bondowoso,113.9378,-7.9603,12,10.5285
35110501a,Kejayan,JAWA,Jawa Timur,Kab. Bondowoso,113.8747,-7.96,30,6.0753
35110502a,Mas Kuning Wetan,JAWA,Jawa Timur,Kab. Bondowoso,113.9061,-7.9861,45,10.5285
35110503a,Sukokerto,JAWA,Jawa Timur,Kab. Bondowoso,113.8982,-7.989,34,6.0753
35110504a,Alas Sumur/Clangap,JAWA,Jawa Timur,Kab. Bondowoso,113.875,-8.0058,46,7.9631
35110601a,Wonosari II,JAWA,Jawa Timur,Kab. Bondowoso,113.7728,-7.9747,55.5,8.9514
35110602a,Grujugan,JAWA,Jawa Timur,Kab. Bondowoso,113.8286,-7.9561,54,6.0753
35110701a,Selolembu,JAWA,Jawa Timur,Kab. Bondowoso,113.7964,-7.9544,31,8.9514
35110702a,Jetis/Ancar,JAWA,Jawa Timur,Kab. Bondowoso,113.7808,-7.9544,41,8.9514
35110901a,Tumpeng/Wono Sroyo,JAWA,Jawa Timur,Kab. Bondowoso,113.8825,-7.8831,16,31.6013
35110902a,Wonosari I,JAWA,Jawa Timur,Kab. Bondowoso,113.8936,-7.8747,32,31.6013
35111001a,Kalitapen/Jeru,JAWA,Jawa Timur,Kab. Bondowoso,113.9153,-7.8619,61.7,10.7083
35111002a,Ta`al/Tapen,JAWA,Jawa Timur,Kab. Bondowoso,113.9506,-7.8625,58.5,10.7083
35111101a,Badean (PU Bondowoso),JAWA,Jawa Timur,Kab. Bondowoso,113.8175,-7.9217,31,6.0753
35111201a,Jatisari/Wringin,JAWA,Jawa Timur,Kab. Bondowoso,113.7648,-7.8363,99,11.6526
35111401a,Leprak/Wonoboyo,JAWA,Jawa Timur,Kab. Bondowoso,113.9039,-7.8139,67,10.7083
35111402a,Pandak/Bluncong,JAWA,Jawa Timur,Kab. Bondowoso,113.9619,-7.3811,27,1.1322
35111403a,Besuk/Pringduri,JAWA,Jawa Timur,Kab. Bondowoso,113.9619,-7.8106,66,10.7083
35111404a,Klabang,JAWA,Jawa Timur,Kab. Bondowoso,113.8203,-7.8703,12.5,31.6013
35111501a,Cermee,JAWA,Jawa Timur,Kab. Bondowoso,114.0522,-7.7769,10,3.9459
35111502a,Sulingwetan I /Pandan,JAWA,Jawa Timur,Kab. Bondowoso,114.0422,-7.7942,31,3.9459
35111503a,Ramban Wetan,JAWA,Jawa Timur,Kab. Bondowoso,114.0297,-7.8081,44,4.7548
35111504a,Suling Wetan II,JAWA,Jawa Timur,Kab. Bondowoso,114.0289,-7.8022,22,4.7548
35111505a,Bercak,JAWA,Jawa Timur,Kab. Bondowoso,114.0775,-7.7897,41,3.9459
35111601a,Sempol/Kolpoh,JAWA,Jawa Timur,Kab. Bondowoso,114.0044,-7.7961,10,3.9459
35111602a,Prajekan,JAWA,Jawa Timur,Kab. Bondowoso,113.9822,-7.8017,26,10.7083
35111603a,Walidono/Telep,JAWA,Jawa Timur,Kab. Bondowoso,113.9772,-7.8561,8,10.7083
35111701a,Petung/Blimbing,JAWA,Jawa Timur,Kab. Bondowoso,113.7314,-7.8561,27,11.6526
35111703a,Sumber Dombyong,JAWA,Jawa Timur,Kab. Bondowoso,113.7461,-7.8811,60,11.6526
35111801a,Sumber Gading,JAWA,Jawa Timur,Kab. Bondowoso,113.9872,-7.9686,20,10.5285
35112201a,Botolinggo/Glendengan,JAWA,Jawa Timur,Kab. Bondowoso,113.977,-7.8285,54,10.7083
35120101a,Pg.Asem Bagus,JAWA,Jawa Timur,Kab. Situbondo,114.2314,-7.7503,5,0.088096
35120102a,Jatibanteng,JAWA,Jawa Timur,Kab. Situbondo,113.6842,-7.7756,13.4,87.1856
35120103a,D. Wringin Anom,JAWA,Jawa Timur,Kab. Situbondo,113.6719,-7.7917,14.1,87.1856
35120202a,Widoropayung/Dam Tunjang,JAWA,Jawa Timur,Kab. Situbondo,113.7089,-7.7872,38.6,156.9235
35120205a,Blimbing/Nogosromo,JAWA,Jawa Timur,Kab. Situbondo,113.6939,-7.7817,24.7,87.1856
35120301a,Dam Dawuhan,JAWA,Jawa Timur,Kab. Situbondo,113.7183,-7.7622,36.5,156.9235
35120302a,Buduan,JAWA,Jawa Timur,Kab. Situbondo,113.7272,-7.7411,34.5,156.9235
35120303a,Gunungmalang/Nangger,JAWA,Jawa Timur,Kab. Situbondo,113.7317,-7.7897,21.5,156.9235
35120401a,Sumberpinang/Mlandingan,JAWA,Jawa Timur,Kab. Situbondo,113.7717,-7.7642,51.3,156.9235
35120501a,Kendit,JAWA,Jawa Timur,Kab. Situbondo,113.9264,-7.7344,28.2,5.0286
35120601a,Alas Malang,JAWA,Jawa Timur,Kab. Situbondo,113.9822,-7.6769,20,2.3152
35120602a,Sumberkolak,JAWA,Jawa Timur,Kab. Situbondo,113.9942,-7.7131,47,5.0286
35120704a,Olean,JAWA,Jawa Timur,Kab. Situbondo,114.0108,-7.6739,17,2.5084
35120802a,Panji Lor,JAWA,Jawa Timur,Kab. Situbondo,114.0442,-7.7031,7,3.9459
35120803a,Kr Liwung,JAWA,Jawa Timur,Kab. Situbondo,114.0083,-7.7509,4,3.9459
35120901a,Mangaran/Tenggir,JAWA,Jawa Timur,Kab. Situbondo,114.0281,-7.6828,8,2.5084
35120903a,Tanjung Sari,JAWA,Jawa Timur,Kab. Situbondo,114.0486,-7.6617,9,2.5084
35120904a,Tanjung Kamal,JAWA,Jawa Timur,Kab. Situbondo,114.0656,-7.6647,11,2.5084
35120905a,Tanjung Banon,JAWA,Jawa Timur,Kab. Situbondo,114.0647,-7.6606,14,2.5084
35121002a,Kesambi Rampak,JAWA,Jawa Timur,Kab. Situbondo,114.0464,-7.6906,5,2.5084
35121003a,Gebangan,JAWA,Jawa Timur,Kab. Situbondo,114.065,-7.6647,12,2.5084
35121004a,Pokaan,JAWA,Jawa Timur,Kab. Situbondo,114.0608,-7.6642,10,2.5084
35121005a,Wonokoyo,JAWA,Jawa Timur,Kab. Situbondo,114.0811,-7.7211,23,3.9459
35121101a,Dam Arjasa,JAWA,Jawa Timur,Kab. Situbondo,114.1208,-7.7247,25,2.6743
35121103a,Dam Tol Tol,JAWA,Jawa Timur,Kab. Situbondo,114.1272,-7.8092,29,4.1511
35121104a,Ketoan/Lamongan,JAWA,Jawa Timur,Kab. Situbondo,114.1292,-7.7858,0,2.6743
35121201a,Pesanggrahan,JAWA,Jawa Timur,Kab. Situbondo,114.1614,-7.7414,9,2.6743
35121302a,Bantal Ii/Dam Liwung,JAWA,Jawa Timur,Kab. Situbondo,114.2375,-7.8083,2,0.52635
35121303a,Awar-Awar/Kga. I Palangan,JAWA,Jawa Timur,Kab. Situbondo,114.2318,-7.7924,7,0.088096
35121304a,Wringinanom/Persil Asembagus,JAWA,Jawa Timur,Kab. Situbondo,114.2378,-7.7511,4,0.088096
35121401a,Sumberwaru/Kalor Koran,JAWA,Jawa Timur,Kab. Situbondo,114.3083,-7.7817,6,0.084895
35121403a,Sumber Rejo,JAWA,Jawa Timur,Kab. Situbondo,114.2425,-7.7892,0,0.088096
35121601a,Lobawang/Dam Curah Suri,JAWA,Jawa Timur,Kab. Situbondo,113.6778,-7.7631,12,87.1856
35130301a,Kedawung/Ronggotali,JAWA,Jawa Timur,Kab. Probolinggo,113.0267,-7.8858,63,120.0869
35130401a,Legundi/Bantaran,JAWA,Jawa Timur,Kab. Probolinggo,113.1556,-7.8656,18,77.9043
35130502a,Leces,JAWA,Jawa Timur,Kab. Probolinggo,113.2319,-7.8539,1,34.7331
35130601a,Banyuanyar,JAWA,Jawa Timur,Kab. Probolinggo,113.2947,-7.8606,0,34.7331
35130701a,Segaran,JAWA,Jawa Timur,Kab. Probolinggo,113.3994,-7.9514,35,38.9969
35130702a,Tiris,JAWA,Jawa Timur,Kab. Probolinggo,113.4011,-7.9631,46,37.7791
35130801a,Pandan Laras,JAWA,Jawa Timur,Kab. Probolinggo,113.4886,-7.9208,20,37.7791
35130803a,Kertosuko,JAWA,Jawa Timur,Kab. Probolinggo,113.44,-7.9422,159,37.7791
35130804a,Bermi,JAWA,Jawa Timur,Kab. Probolinggo,113.4889,-7.9569,27.5,37.7791
35130901a,Wangkal,JAWA,Jawa Timur,Kab. Probolinggo,113.4375,-7.8453,0,14.1322
35130902a,Jurangjero,JAWA,Jawa Timur,Kab. Probolinggo,113.4,-7.8619,19.5,15.788
35130904a,Arah Makam,JAWA,Jawa Timur,Kab. Probolinggo,113.4755,-7.8407,45,14.1322
35130905a,Batur,JAWA,Jawa Timur,Kab. Probolinggo,113.5081,-7.8572,108,15.8368
35130906a,Condong,JAWA,Jawa Timur,Kab. Probolinggo,113.3697,-7.8708,13,15.788
35131001a,Glagah,JAWA,Jawa Timur,Kab. Probolinggo,113.5078,-7.7703,7,3.0468
35131003a,Pakuniran,JAWA,Jawa Timur,Kab. Probolinggo,113.5069,-7.8069,17,15.8368
35131004a,Kedung Sumur,JAWA,Jawa Timur,Kab. Probolinggo,113.5181,-7.8542,109,15.8368
35131005a,Kalidandan,JAWA,Jawa Timur,Kab. Probolinggo,113.5703,-7.7944,18,3.0468
35131101a,Kotaanyar,JAWA,Jawa Timur,Kab. Probolinggo,113.5352,-7.7349,25,3.0468
35131102a,Asemjajar,JAWA,Jawa Timur,Kab. Probolinggo,113.555,-7.7794,15,3.0468
35131301a,Besuk,JAWA,Jawa Timur,Kab. Probolinggo,113.4767,-7.7822,14,0.56161
35131302a,Klampokan,JAWA,Jawa Timur,Kab. Probolinggo,113.4728,-7.8119,47,14.1322
35131303a,Kecik/Bago,JAWA,Jawa Timur,Kab. Probolinggo,113.4956,-7.8225,37,14.1322
35131401a,Jabung,JAWA,Jawa Timur,Kab. Probolinggo,113.4681,-7.7322,3,0.56161
35131403a,Sumurkulon/Kandangjati,JAWA,Jawa Timur,Kab. Probolinggo,113.4514,-7.7647,17,0.56161
35131502a,Dawuhan/Sokaan,JAWA,Jawa Timur,Kab. Probolinggo,113.4367,-7.8022,53,14.1322
35131503a,Krejengan Ii Katimoho,JAWA,Jawa Timur,Kab. Probolinggo,113.4094,-7.7906,15,0.56161
35131601a,Pajarakan Kulon,JAWA,Jawa Timur,Kab. Probolinggo,113.3789,-7.7819,5,5.8395
35131602a,Jatiampuh,JAWA,Jawa Timur,Kab. Probolinggo,113.3811,-7.8203,17,15.788
35131801a,Jatiaji/Adiboyo,JAWA,Jawa Timur,Kab. Probolinggo,113.3575,-7.7875,5,5.8395
35131802a,Sumberkerang/Gending,JAWA,Jawa Timur,Kab. Probolinggo,113.3072,-7.7967,11,5.8395
35131901a,Dringu,JAWA,Jawa Timur,Kab. Probolinggo,113.2397,-7.7756,1,40.1322
35132201a,Krasak,JAWA,Jawa Timur,Kab. Probolinggo,113.1631,-7.8258,3.5,77.9043
35140101a,Parerejo/Purwodadi,JAWA,Jawa Timur,Kab. Pasuruan,112.7244,-7.8103,34,52.8619
35140102e,KR Puwodadi,JAWA,Jawa Timur,Kab. Pasuruan,113.9724,-7.7052,22,5.0286
35140301a,Puspo,JAWA,Jawa Timur,Kab. Pasuruan,112.8681,-7.83,140,86.0875
35140402a,Cukurguling/Lumbang,JAWA,Jawa Timur,Kab. Pasuruan,112.9786,-7.7847,12,171.6613
35140501a,Panditan,JAWA,Jawa Timur,Kab. Pasuruan,113.01,-7.8139,40,120.0869
35140602a,Benerwojo/Kejayan,JAWA,Jawa Timur,Kab. Pasuruan,112.8722,-7.7608,29,81.6497
35140701a,Sumbersirah/Wonorejo,JAWA,Jawa Timur,Kab. Pasuruan,112.8172,-7.7092,0,81.6497
35140802a,Tejowangi/Purwosari,JAWA,Jawa Timur,Kab. Pasuruan,112.7408,-7.7817,11.6,63.1958
35140901a,Mojotengah/Telebuk,JAWA,Jawa Timur,Kab. Pasuruan,112.7219,-7.6956,18,29.178
35141001a,Gambiran/Jawi,JAWA,Jawa Timur,Kab. Pasuruan,112.6561,-7.6761,6,51.0863
35141002a,Prigen,JAWA,Jawa Timur,Kab. Pasuruan,112.6353,-7.6846,27,51.0863
35141003a,Ketanireng/Wilo,JAWA,Jawa Timur,Kab. Pasuruan,112.6894,-7.6808,7,51.0863
35141101a,Tawangrejo/Bareng,JAWA,Jawa Timur,Kab. Pasuruan,112.6864,-7.6381,9,51.0863
35141102a,Petungasri/Kasri,JAWA,Jawa Timur,Kab. Pasuruan,112.6881,-7.6517,5,51.0863
35141103a,Sumbergadang/Winong,JAWA,Jawa Timur,Kab. Pasuruan,112.6744,-7.645,13,51.0863
35141201a,Winong/Gempol,JAWA,Jawa Timur,Kab. Pasuruan,112.705,-7.5806,10,12.9181
35141202a,Jembrung,JAWA,Jawa Timur,Kab. Pasuruan,112.6881,-7.5922,9,25.93
35141203a,Randupitu,JAWA,Jawa Timur,Kab. Pasuruan,112.7061,-7.6267,13,29.178
35141204a,Kepulungan,JAWA,Jawa Timur,Kab. Pasuruan,112.685,-7.6172,7,51.0863
35141301a,Gununggangsir/Banyulegi,JAWA,Jawa Timur,Kab. Pasuruan,112.7214,-7.585,11,12.9181
35141303a,Baujeng/Tanggul,JAWA,Jawa Timur,Kab. Pasuruan,112.7253,-7.6308,34,29.178
35141401a,Kiduldalem/Bangil,JAWA,Jawa Timur,Kab. Pasuruan,112.7806,-7.6003,4,29.178
35141402a,Kalursari/Bekacak,JAWA,Jawa Timur,Kab. Pasuruan,112.7703,-7.6197,0,29.178
35141501a,Mojoparon/Badong,JAWA,Jawa Timur,Kab. Pasuruan,112.8078,-7.6136,5,39.5616
35141901a,Gading,JAWA,Jawa Timur,Kab. Pasuruan,112.9472,-7.7242,13,171.6613
35141903a,Winongan Lor,JAWA,Jawa Timur,Kab. Pasuruan,112.9578,-7.7272,16,171.6613
35142002a,Ranuklindungan Ii /Ranugrati,JAWA,Jawa Timur,Kab. Pasuruan,113.0117,-7.7206,23,396.0116
35142101a,Sedarum/Nguling,JAWA,Jawa Timur,Kab. Pasuruan,113.0675,-7.7247,10,396.0116
35142103a,Sanganom,JAWA,Jawa Timur,Kab. Pasuruan,113.0497,-7.79,65,396.0116
35150101a,Singoalih/Cepiples,JAWA,Jawa Timur,Kab. Sidoarjo,112.5089,-7.4633,13,9.7995
35150102a,Mliriprowo I /Kemlaten,JAWA,Jawa Timur,Kab. Sidoarjo,112.4697,-7.4514,6,44.4076
35150103a,Lengkong Kab. Sidoarjo,JAWA,Jawa Timur,Kab. Sidoarjo,112.4619,-7.4444,0,44.4076
35150201a,Gedangrowo,JAWA,Jawa Timur,Kab. Sidoarjo,112.575,-7.4797,30,9.7995
35150202a,Watutulis,JAWA,Jawa Timur,Kab. Sidoarjo,112.5731,-7.4428,63,9.7995
35150203a,Prambon,JAWA,Jawa Timur,Kab. Sidoarjo,112.5608,-7.4736,31,9.7995
35150301a,Ploso/Buduk Bulus,JAWA,Jawa Timur,Kab. Sidoarjo,112.6489,-7.5128,16,25.93
35150302a,Krembung,JAWA,Jawa Timur,Kab. Sidoarjo,112.6144,-7.5106,49,25.93
35150401a,Porong,JAWA,Jawa Timur,Kab. Sidoarjo,112.6978,-7.545,10,25.93
35150501a,Kedung Cangkring,JAWA,Jawa Timur,Kab. Sidoarjo,112.7103,-7.5481,5,12.9181
35150601a,Kludan,JAWA,Jawa Timur,Kab. Sidoarjo,112.6964,-7.4978,19,9.0873
35150602a,Ngaban/ Putat,JAWA,Jawa Timur,Kab. Sidoarjo,112.7247,-7.5061,21,12.9181
35150801a,Sidoklumpuk/Sidoarjo,JAWA,Jawa Timur,Kab. Sidoarjo,112.7206,-7.4461,4,7.4938
35150802a,Sumput,JAWA,Jawa Timur,Kab. Sidoarjo,112.6828,-7.4378,18,9.0873
35150901a,Grogol/Durung Bedug,JAWA,Jawa Timur,Kab. Sidoarjo,112.66,-7.4775,18,9.0873
35151001a,Ketintang,JAWA,Jawa Timur,Kab. Sidoarjo,112.6333,-7.4406,4,9.0873
35151101a,Krian,JAWA,Jawa Timur,Kab. Sidoarjo,112.5789,-7.4081,112,9.7995
35151102a,Ponokawan,JAWA,Jawa Timur,Kab. Sidoarjo,112.5939,-7.3978,16,8.2727
35151201a,Penambangan/Bakalan,JAWA,Jawa Timur,Kab. Sidoarjo,112.5294,-7.4089,56,9.7995
35151202a,Sumokembangsari/Kedung Ploso/Liwung,JAWA,Jawa Timur,Kab. Sidoarjo,112.5067,-7.4344,5,9.7995
35151301a,Ketegen,JAWA,Jawa Timur,Kab. Sidoarjo,112.7031,-7.3492,6,1.8056
35151302a,Pertapan Md,JAWA,Jawa Timur,Kab. Sidoarjo,112.6283,-7.3686,22,4.4912
35151401a,Bangsri/Botokan,JAWA,Jawa Timur,Kab. Sidoarjo,112.6581,-7.3906,30,4.4912
35151402a,Cangkirsari/Ketawang,JAWA,Jawa Timur,Kab. Sidoarjo,112.6356,-7.395,51,4.4912
35151403a,Pekarungan/Karangnongko,JAWA,Jawa Timur,Kab. Sidoarjo,112.6722,-7.4058,0,9.0873
35151404a,Kebonagung/Klagen,JAWA,Jawa Timur,Kab. Sidoarjo,112.6814,-7.4217,10,9.0873
35151501a,Banjar Kemantren,JAWA,Jawa Timur,Kab. Sidoarjo,112.7253,-7.4125,9,7.4938
35151601a,Kebonanom/Seruni,JAWA,Jawa Timur,Kab. Sidoarjo,112.7106,-7.3972,5,1.8056
35151701a,Pulungan/Sedati,JAWA,Jawa Timur,Kab. Sidoarjo,112.7747,-7.3936,2,1.8056
35151702a,Sedati Gede/Bono,JAWA,Jawa Timur,Kab. Sidoarjo,112.7492,-7.3739,3,1.8056
35151703a,Juanda,JAWA,Jawa Timur,Kab. Sidoarjo,112.7833,-7.3842,5.6,1.8056
35160101a,Dinoyo/Cakarayam,JAWA,Jawa Timur,Kab. Mojokerto,112.4278,-7.5914,0,45.767
35160103a,Glederan/Manting,JAWA,Jawa Timur,Kab. Mojokerto,112.4408,-7.6306,0,83.4281
35160201a,Padi/Pugeran,JAWA,Jawa Timur,Kab. Mojokerto,112.5039,-7.6239,0,101.4155
35160301a,Pandanarum/Pandan,JAWA,Jawa Timur,Kab. Mojokerto,112.5322,-7.6083,3,101.4155
35160302a,Pacet,JAWA,Jawa Timur,Kab. Mojokerto,112.5311,-7.6647,9,101.4155
35160304a,Padusan,JAWA,Jawa Timur,Kab. Mojokerto,112.5456,-7.6675,18,101.4155
35160401a,Selotapak/Trawas,JAWA,Jawa Timur,Kab. Mojokerto,112.5914,-7.6581,15,101.4155
35160402a,Sukosari,JAWA,Jawa Timur,Kab. Mojokerto,112.5747,-7.645,15,101.4155
35160501a,Kesemen/Janjing,JAWA,Jawa Timur,Kab. Mojokerto,112.5819,-7.5944,7.8,28.3264
35160801a,Mojosari,JAWA,Jawa Timur,Kab. Mojokerto,112.5569,-7.5153,12,28.3264
35160901a,Ngembek/Ketangi,JAWA,Jawa Timur,Kab. Mojokerto,112.4931,-7.5661,0,45.767
35160902a,Panggul/Klegen,JAWA,Jawa Timur,Kab. Mojokerto,112.4708,-7.6003,2,83.4281
35161001a,Pudaksari,JAWA,Jawa Timur,Kab. Mojokerto,112.4889,-7.4998,1.5,44.4076
35161201a,Trowulan/Sumbersooko,JAWA,Jawa Timur,Kab. Mojokerto,112.3819,-7.5558,20,54.3482
35161202a,Pandansili,JAWA,Jawa Timur,Kab. Mojokerto,112.3878,-7.5364,47,54.3482
35161203a,Domas/Kasihan,JAWA,Jawa Timur,Kab. Mojokerto,112.4142,-7.5619,6,45.767
35161204a,Sambisari/Trowulan,JAWA,Jawa Timur,Kab. Mojokerto,112.3972,-7.5589,30,54.3482
35161301a,Gemekan/Sambiroto,JAWA,Jawa Timur,Kab. Mojokerto,112.4019,-7.5286,32,45.767
35161401a,Gedeg,JAWA,Jawa Timur,Kab. Mojokerto,112.3928,-7.4561,2,66.882
35161402a,Terusan,JAWA,Jawa Timur,Kab. Mojokerto,112.4322,-7.4608,8,44.4076
35161403a,Sumbernongko/Mernung,JAWA,Jawa Timur,Kab. Mojokerto,112.3622,-7.4271,0,66.882
35161601a,Ngabat/Wates,JAWA,Jawa Timur,Kab. Mojokerto,112.4322,-7.4114,5.5,44.4076
35161801a,Jabon/Pasinan,JAWA,Jawa Timur,Kab. Mojokerto,112.4589,-7.4931,1,44.4076
35170101a,Tanggungan,JAWA,Jawa Timur,Kab. Jombang,112.1853,-7.59,61,29.5672
35170102a,Perak,JAWA,Jawa Timur,Kab. Jombang,112.1575,-7.58,38,29.5672
35170201a,Blimbing,JAWA,Jawa Timur,Kab. Jombang,112.2294,-7.6392,35,54.7698
35170301a,Sidowarek/Cangakan,JAWA,Jawa Timur,Kab. Jombang,112.2372,-7.6611,27,54.7698
35170302a,Rejoagung,JAWA,Jawa Timur,Kab. Jombang,112.28,-7.71,60,67.8701
35170401a,Bareng,JAWA,Jawa Timur,Kab. Jombang,112.3044,-7.6889,53,59.7298
35170501a,Wonosalam,JAWA,Jawa Timur,Kab. Jombang,112.3725,-7.7067,106,57.4187
35170502a,Galengdowo/Pengajaran,JAWA,Jawa Timur,Kab. Jombang,112.3461,-7.7469,50,57.4187
35170601a,Mojotrisno/Mojoagung,JAWA,Jawa Timur,Kab. Jombang,112.3558,-7.5694,72,54.3482
35170602a,Penanggalan,JAWA,Jawa Timur,Kab. Jombang,112.3631,-7.5628,64,54.3482
35170701a,Selorejo,JAWA,Jawa Timur,Kab. Jombang,112.3144,-7.5989,80,54.3482
35170702a,Mojowangi/Mojowarno,JAWA,Jawa Timur,Kab. Jombang,112.3036,-7.63,99,59.7298
35170801a,Kayangan/Cukir,JAWA,Jawa Timur,Kab. Jombang,112.2381,-7.6239,102,54.7698
35170802a,PG.Cukir,JAWA,Jawa Timur,Kab. Jombang,112.2392,-7.6086,109,54.7698
35170803a,Diwek/Ceweng,JAWA,Jawa Timur,Kab. Jombang,112.2353,-7.5903,157,46.1612
35170901a,Denanyar/Jombang,JAWA,Jawa Timur,Kab. Jombang,112.2211,-7.5414,88,46.1612
35170902a,Pulo Lor/PG. Jombang Baru,JAWA,Jawa Timur,Kab. Jombang,112.2311,-7.5378,101,46.1612
35171001a,Keplaksari/Keplak,JAWA,Jawa Timur,Kab. Jombang,112.2622,-7.5375,84,46.1612
35171002a,Peterongan,JAWA,Jawa Timur,Kab. Jombang,112.2847,-7.5433,98,46.1612
35171003a,Bongkot/Sentulan,JAWA,Jawa Timur,Kab. Jombang,112.2753,-7.5081,94,46.1612
35171004a,Randu Lor/ Krandegan,JAWA,Jawa Timur,Kab. Jombang,112.2933,-7.4981,77,40.1521
35171101a,Sumobito,JAWA,Jawa Timur,Kab. Jombang,112.3428,-7.5381,116,54.3482
35171102a,Talunkidul/Balongsono,JAWA,Jawa Timur,Kab. Jombang,112.3494,-7.5111,107,54.3482
35171103a,Madyopuro/Tenggor,JAWA,Jawa Timur,Kab. Jombang,112.3419,-7.505,88,54.3482
35171201a,Jombok,JAWA,Jawa Timur,Kab. Jombang,112.3761,-7.495,41,66.882
35171202a,Kesamben,JAWA,Jawa Timur,Kab. Jombang,112.3369,-7.4636,4,66.882
35171203a,Kedungbetik/Sapon,JAWA,Jawa Timur,Kab. Jombang,112.2983,-7.4703,12,40.1521
35171204a,Wuluh,JAWA,Jawa Timur,Kab. Jombang,112.3572,-7.4603,9,66.882
35171301a,Bedah Lawak/Ponen,JAWA,Jawa Timur,Kab. Jombang,112.2286,-7.46,86,40.1521
35171302a,Jatiwates/Jatisari,JAWA,Jawa Timur,Kab. Jombang,112.2625,-7.4556,11,40.1521
35171303a,Kedungotok/Kedungboto,JAWA,Jawa Timur,Kab. Jombang,112.2539,-7.4861,19,40.1521
35171401a,Rejoagung/Ploso,JAWA,Jawa Timur,Kab. Jombang,112.2272,-7.4581,12,40.1521
35171601a,Kabuh,JAWA,Jawa Timur,Kab. Jombang,112.2133,-7.3931,27,27.2302
35171602a,Tanjungwadung/Tanjung,JAWA,Jawa Timur,Kab. Jombang,112.1861,-7.4047,43,24.5783
35171603a,Karangpakis/Waduk Sempal,JAWA,Jawa Timur,Kab. Jombang,112.2211,-7.3992,7,27.2302
35171604a,Mangunan,JAWA,Jawa Timur,Kab. Jombang,112.1875,-7.4067,42,24.5783
35171701a,Tapen,JAWA,Jawa Timur,Kab. Jombang,112.2819,-7.4339,6,40.1521
35171901a,Jogoroto/Sumber Penganten,JAWA,Jawa Timur,Kab. Jombang,112.2775,-7.6083,124,54.7698
35172001a,Kedungrejo/Kedung,JAWA,Jawa Timur,Kab. Jombang,112.2219,-7.4656,83,40.1521
35180101a,Sawahan PU,JAWA,Jawa Timur,Kab. Nganjuk,111.77,-7.7239,41,26.5519
35180102a,Stageof. Sawahan,JAWA,Jawa Timur,Kab. Nganjuk,111.7731,-7.7244,48.1,26.5519
35180103a,Kebonagung/Palu Ombo,JAWA,Jawa Timur,Kab. Nganjuk,111.8,-7.6922,38,33.2042
35180201a,Blongko/Klodan,JAWA,Jawa Timur,Kab. Nganjuk,111.8281,-7.7439,78,129.022
35180202a,Badong,JAWA,Jawa Timur,Kab. Nganjuk,111.8608,-7.6706,50.1,135.1043
35180301a,Kacangan,JAWA,Jawa Timur,Kab. Nganjuk,111.8642,-7.6625,50,135.1043
35180302a,Sengkut / Mlilir,JAWA,Jawa Timur,Kab. Nganjuk,111.8736,-7.6611,54.3,135.1043
35180401a,Patihan,JAWA,Jawa Timur,Kab. Nganjuk,111.9028,-7.65,29,107.0057
35180402a,Macanan/Genjeng,JAWA,Jawa Timur,Kab. Nganjuk,111.8792,-7.7217,52,129.022
35180403a,Jatirejo,JAWA,Jawa Timur,Kab. Nganjuk,111.8919,-7.6472,29,135.1043
35180501a,Cerme/Pace,JAWA,Jawa Timur,Kab. Nganjuk,111.9164,-7.6775,34,107.0057
35180502a,Kecubung/Banaran,JAWA,Jawa Timur,Kab. Nganjuk,111.9406,-7.6558,20,107.0057
35180601a,Tegaron/Prambon,JAWA,Jawa Timur,Kab. Nganjuk,112.0228,-7.7264,46,44.7522
35180701a,Kelurahan/Dingin,JAWA,Jawa Timur,Kab. Nganjuk,112.0564,-7.6631,35,32.7442
35180801a,Kutorejo / Kertosono,JAWA,Jawa Timur,Kab. Nganjuk,112.1081,-7.5953,32,29.5672
35181101a,Kedungrejo/Baron,JAWA,Jawa Timur,Kab. Nganjuk,112.0267,-7.6003,26,32.7442
35181102a,Warujayeng,JAWA,Jawa Timur,Kab. Nganjuk,112.015,-7.6381,37,32.7442
35181103a,Mal;Angsari/Kedung Soko,JAWA,Jawa Timur,Kab. Nganjuk,111.9698,-7.6561,70,107.0057
35181301a,Begadung/Nganjuk,JAWA,Jawa Timur,Kab. Nganjuk,111.9044,-7.5869,76,105.7635
35181401a,Ngumpul/Sumber Soko,JAWA,Jawa Timur,Kab. Nganjuk,111.8422,-7.5753,91,128.511
35181501a,Ngadipiro/Tunglur,JAWA,Jawa Timur,Kab. Nganjuk,111.7881,-7.6711,19,33.2042
35181502a,Ngudikan,JAWA,Jawa Timur,Kab. Nganjuk,111.8394,-7.5553,104,128.511
35181503a,Mancon/Glatik,JAWA,Jawa Timur,Kab. Nganjuk,111.8269,-7.5453,57,128.511
35181601a,Sambikerep/Kedung Pingit,JAWA,Jawa Timur,Kab. Nganjuk,111.9039,-7.5075,83,105.7635
35181602a,Ngadiboyo/Kedung Maron,JAWA,Jawa Timur,Kab. Nganjuk,111.8636,-7.5294,47,128.511
35181603a,Wangkal/'Matokan,JAWA,Jawa Timur,Kab. Nganjuk,111.9256,-7.5039,52,105.7635
35181604a,Rejoso,JAWA,Jawa Timur,Kab. Nganjuk,111.9081,-7.5219,53,105.7635
35181605a,Tritik,JAWA,Jawa Timur,Kab. Nganjuk,111.849,-7.48,21.4,141.9036
35181701a,Songgowar/Gondang,JAWA,Jawa Timur,Kab. Nganjuk,111.9564,-7.5158,92,105.7635
35181703a,Campur/Ngrambek,JAWA,Jawa Timur,Kab. Nganjuk,111.9592,-7.5447,47,105.7635
35181801a,Tempuran,JAWA,Jawa Timur,Kab. Nganjuk,111.9589,-7.4469,77,50.3792
35181901a,Bangle,JAWA,Jawa Timur,Kab. Nganjuk,112.0617,-7.5092,36,44.9162
35181902a,Sumber Kepuh,JAWA,Jawa Timur,Kab. Nganjuk,112.0631,-7.4956,55,41.8089
35181904a,Lengkong,JAWA,Jawa Timur,Kab. Nganjuk,112.0758,-7.535,51,44.9162
35181906a,Sumberkepuh I /Lohgawe,JAWA,Jawa Timur,Kab. Nganjuk,112.0789,-7.4989,26,41.8089
35181907a,Sumber Sono I,JAWA,Jawa Timur,Kab. Nganjuk,112.0881,-7.5031,33,44.9162
35181908a,Sumbersono Ii  /Kedung Lumbung,JAWA,Jawa Timur,Kab. Nganjuk,112.0831,-7.5011,36,44.9162
35181909a,Sumbersono  Iii /Sumber Padas,JAWA,Jawa Timur,Kab. Nganjuk,112.0894,-7.5025,30,44.9162
35181910a,Sumberkepuh Ii /Sekar Pudak,JAWA,Jawa Timur,Kab. Nganjuk,112.0822,-7.4953,28,41.8089
35181911a,Perning/Ngasem,JAWA,Jawa Timur,Kab. Nganjuk,112.1125,-7.5094,18,29.5672
35182001a,Lumpangkuwik/Sumber Kemiri,JAWA,Jawa Timur,Kab. Nganjuk,112.1303,-7.5058,18,29.5672
35190201a,Dolopo,JAWA,Jawa Timur,Kab. Madiun,111.5289,-7.7511,43,20.1792
35190202a,Mlilir/DAM Gombal,JAWA,Jawa Timur,Kab. Madiun,111.5211,-7.7983,66,20.1792
35190301a,PG Pagotan,JAWA,Jawa Timur,Kab. Madiun,111.5369,-7.7028,52,20.1792
35190302a,DAM Sareng,JAWA,Jawa Timur,Kab. Madiun,111.5542,-7.7464,29,20.1792
35190303a,Kartobanyon,JAWA,Jawa Timur,Kab. Madiun,111.5317,-7.6722,26,23.025
35190501a,Cermo,JAWA,Jawa Timur,Kab. Madiun,111.7008,-7.6931,48,33.2042
35190502a,Kare,JAWA,Jawa Timur,Kab. Madiun,111.6883,-7.7189,5,16.1788
35190503a,Kandangan,JAWA,Jawa Timur,Kab. Madiun,111.6992,-7.7586,111,16.1788
35190504a,Kepel  I /Giringan,JAWA,Jawa Timur,Kab. Madiun,111.6742,-7.7211,32,16.1788
35190505a,Kepel II /Catur,JAWA,Jawa Timur,Kab. Madiun,111.6828,-7.7367,83,16.1788
35190601a,Gemarang,JAWA,Jawa Timur,Kab. Madiun,111.7397,-7.63,13,33.2042
35190701a,Wungu I /Dungus,JAWA,Jawa Timur,Kab. Madiun,111.6108,-7.6864,6,20.5147
35190702a,Wungu II /Cau,JAWA,Jawa Timur,Kab. Madiun,111.6347,-7.6953,21,20.5147
35190801a,Banjarejo/PG.Kanigoro,JAWA,Jawa Timur,Kab. Madiun,111.5361,-7.6597,21,23.025
35190802a,Sarapan/Babatan,JAWA,Jawa Timur,Kab. Madiun,111.5922,-7.6014,32,23.025
35191002a,Kuwu,JAWA,Jawa Timur,Kab. Madiun,111.6164,-7.5186,45,40.8511
35191003a,Pulehrejo/Sogo,JAWA,Jawa Timur,Kab. Madiun,111.5956,-7.5361,22.5,31.8884
35191101a,Krajan/Caruban,JAWA,Jawa Timur,Kab. Madiun,111.6531,-7.5478,30,40.8511
35191201a,Sumber Bendo,JAWA,Jawa Timur,Kab. Madiun,111.7546,-7.4684,73.5,94.3119
35191202a,Tulung,JAWA,Jawa Timur,Kab. Madiun,111.7019,-7.5061,54,57.9717
35191204a,Sugihwaras/Saradan,JAWA,Jawa Timur,Kab. Madiun,111.7503,-7.5533,38,57.9717
35191206a,Bendungan/Kedungrejo,JAWA,Jawa Timur,Kab. Madiun,111.8342,-7.5456,60,128.511
35191301a,Kenongorejo/Pilang Kenceng,JAWA,Jawa Timur,Kab. Madiun,111.66,-7.4844,113.5,58.5747
35191302a,Duren/Notopuro,JAWA,Jawa Timur,Kab. Madiun,111.6914,-7.4844,59,58.5747
35191304a,Kedung Banteng,JAWA,Jawa Timur,Kab. Madiun,111.6317,-7.4747,95,58.5747
35191305a,Wonoayu/Kedungrejo,JAWA,Jawa Timur,Kab. Madiun,111.6556,-7.52,49,40.8511
35191306a,Pulerejo/Muneng,JAWA,Jawa Timur,Kab. Madiun,111.6161,-7.4989,72,58.5747
35191401a,Pucangrejo/Karang Anyar,JAWA,Jawa Timur,Kab. Madiun,111.5258,-7.5767,101,31.8884
35191501a,Sidomulyo I /Dawuan,JAWA,Jawa Timur,Kab. Madiun,111.6275,-7.5947,77.7,40.8511
35191502a,Sidomulyo II /Sarangan,JAWA,Jawa Timur,Kab. Madiun,111.6256,-7.5897,75,40.8511
35200101a,Poncol,JAWA,Jawa Timur,Kab. Magetan,111.2656,-7.7306,173,88.6311
35200201a,Bungkuk/Parang,JAWA,Jawa Timur,Kab. Magetan,111.33,-7.7472,153,16.1428
35200301a,Lembeyankulon,JAWA,Jawa Timur,Kab. Magetan,111.4028,-7.7614,63,21.2599
35200401a,Kerik/Gondang Kerik,JAWA,Jawa Timur,Kab. Magetan,111.4575,-7.66,52,20.3012
35200501a,Kawedanan,JAWA,Jawa Timur,Kab. Magetan,111.4175,-7.6953,43,20.3012
35200502a,Bogem/Bogemrejosari,JAWA,Jawa Timur,Kab. Magetan,111.4131,-7.68,52,20.3012
35200601a,Candirejo/Jejeruk,JAWA,Jawa Timur,Kab. Magetan,111.315,-7.6622,125,21.1057
35200701a,Sarangan,JAWA,Jawa Timur,Kab. Magetan,111.2164,-7.6794,48,80.5221
35200702a,Sidorejo/Slagreng,JAWA,Jawa Timur,Kab. Magetan,111.2781,-7.6583,109,80.5221
35200703a,Nitikan,JAWA,Jawa Timur,Kab. Magetan,111.2967,-7.675,159,80.5221
35200801a,Sumberdodol,JAWA,Jawa Timur,Kab. Magetan,111.2833,-7.6306,92,80.5221
35201001a,Bendo,JAWA,Jawa Timur,Kab. Magetan,111.355,-7.6442,63,21.1057
35201101a,Sugihwaras/Tinap,JAWA,Jawa Timur,Kab. Magetan,111.4133,-7.6042,90,20.3012
35201102e,Lanud. Iswahyudi,JAWA,Jawa Timur,Kab. Magetan,111.44,-7.62,64,20.3012
35201201a,Karangsono/Kantor Pengairan Barat,JAWA,Jawa Timur,Kab. Magetan,111.4497,-7.5619,43,28.3298
35201301a,Karangrejo/Purwodadi,JAWA,Jawa Timur,Kab. Magetan,111.4258,-7.5586,45,28.3298
35201401a,Geplak/Jungke,JAWA,Jawa Timur,Kab. Magetan,111.4042,-7.5689,40,28.3298
35201402a,Taji,JAWA,Jawa Timur,Kab. Magetan,111.3683,-7.5825,46,35.816
35201501a,Karangmojo,JAWA,Jawa Timur,Kab. Magetan,111.4619,-7.5233,39,28.3298
35201502a,Jajar/Lemi,JAWA,Jawa Timur,Kab. Magetan,111.4867,-7.5253,52,28.3298
35201701a,Goranggareng/Jati,JAWA,Jawa Timur,Kab. Magetan,111.4597,-7.7219,96,21.2599
35210101a,Banyubiru/Tretes,JAWA,Jawa Timur,Kab. Ngawi,111.1719,-7.4533,20,27.1022
35210203a,Babadan,JAWA,Jawa Timur,Kab. Ngawi,111.22,-7.5042,19,52.7977
35210301a,Dawung/Jogorogo,JAWA,Jawa Timur,Kab. Ngawi,111.2606,-7.4992,64,27.9399
35210401a,Kendal,JAWA,Jawa Timur,Kab. Ngawi,111.2886,-7.5603,106,52.7977
35210501a,Tepas/Pg Sudhono,JAWA,Jawa Timur,Kab. Ngawi,111.4215,-7.4951,84,29.4639
35210601a,Budug,JAWA,Jawa Timur,Kab. Ngawi,111.5356,-7.5444,126,31.8884
35210701a,Legundi/Karangjati,JAWA,Jawa Timur,Kab. Ngawi,111.6128,-7.4608,83,58.5747
35210703a,Sangiran,JAWA,Jawa Timur,Kab. Ngawi,111.61,-7.42,112,58.5747
35211003e,Ngale,JAWA,Jawa Timur,Kab. Ngawi,111.372,-7.409,65.8,40.1522
35211101a,Begal,JAWA,Jawa Timur,Kab. Ngawi,111.2706,-7.4694,75,27.9399
35211102a,Kedung Galar,JAWA,Jawa Timur,Kab. Ngawi,111.3122,-7.4081,69,40.1522
35211103a,Gemarang/Sokongadirejo,JAWA,Jawa Timur,Kab. Ngawi,111.3658,-7.3964,53.5,35.3661
35211104a,Kricak,JAWA,Jawa Timur,Kab. Ngawi,111.3442,-7.3944,46,35.3661
35211201a,Widodaren/Wali Kukun,JAWA,Jawa Timur,Kab. Ngawi,111.2232,-7.4021,22,27.9399
35211301a,Kedungharjo/Mantingan,JAWA,Jawa Timur,Kab. Ngawi,111.1497,-7.3858,45,24.0223
35211601a,Ngancar/Papungan,JAWA,Jawa Timur,Kab. Ngawi,111.3692,-7.3833,51.5,35.3661
35211801a,Guyung,JAWA,Jawa Timur,Kab. Ngawi,111.4103,-7.5058,51,28.3298
35211902a,Cangaan/Padas,JAWA,Jawa Timur,Kab. Ngawi,111.5042,-7.42,138,30.552
35220101a,Luwihaji/Karang Nongko,JAWA,Jawa Timur,Kab. Bojonegoro,111.4875,-7.2517,44.5,17.8398
35220401a,Setren,JAWA,Jawa Timur,Kab. Bojonegoro,111.7269,-7.2456,70,22.7734
35220601a,Jatiblimbing,JAWA,Jawa Timur,Kab. Bojonegoro,111.8722,-7.2447,0,10.8236
35220602a,Dander,JAWA,Jawa Timur,Kab. Bojonegoro,111.8431,-7.2494,2,10.8236
35220603a,Ngempak Dalem / Leran,JAWA,Jawa Timur,Kab. Bojonegoro,111.8206,-7.1881,43,10.6523
35220801a,Kedungadem,JAWA,Jawa Timur,Kab. Bojonegoro,112.0501,-7.3307,48,24.1252
35220901a,Simorejo/Cawak,JAWA,Jawa Timur,Kab. Bojonegoro,112.1089,-7.2206,61,33.1674
35220902a,Tlogorejo,JAWA,Jawa Timur,Kab. Bojonegoro,112.0936,-7.1567,18.5,18.8994
35220903a,Brangkal/Kerjo,JAWA,Jawa Timur,Kab. Bojonegoro,112.0869,-7.1981,41,18.8994
35221001a,Trojalu/Baureno,JAWA,Jawa Timur,Kab. Bojonegoro,112.1114,-7.1264,27,34.7058
35221101a,Kanor,JAWA,Jawa Timur,Kab. Bojonegoro,112.0192,-7.0953,17,10.4678
35221102a,Bungur/Simorejo/Medalem,JAWA,Jawa Timur,Kab. Bojonegoro,112.0419,-7.1311,8,18.8994
35221201a,Sumberejo,JAWA,Jawa Timur,Kab. Bojonegoro,112.0003,-7.1758,15,18.8994
35221202a,Pekuwon / Kebun Pakuwon,JAWA,Jawa Timur,Kab. Bojonegoro,112.0019,-7.1925,12,18.8994
35221203a,Mlinjeng/Mekuris,JAWA,Jawa Timur,Kab. Bojonegoro,112.0308,-7.2308,59.5,19.2245
35221301a,Balen,JAWA,Jawa Timur,Kab. Bojonegoro,111.9539,-7.1944,44,12.2074
35221401a,Kedaton/Kapas,JAWA,Jawa Timur,Kab. Bojonegoro,111.9283,-7.1981,7,12.2074
35221501a,Mulyoagung/Bojonegoro,JAWA,Jawa Timur,Kab. Bojonegoro,111.8906,-7.1656,0,10.6523
35222101a,Kedung Sumber 1/Sugihan,JAWA,Jawa Timur,Kab. Bojonegoro,111.8753,-7.3986,54,29.1133
35222102a,Kedung Sumber 2 /Tretes,JAWA,Jawa Timur,Kab. Bojonegoro,111.8706,-7.3622,40.2,29.1133
35222401a,Klepek,JAWA,Jawa Timur,Kab. Bojonegoro,111.9283,-7.2572,9,15.7318
35222601a,Sambungrejo/Sukun,JAWA,Jawa Timur,Kab. Bojonegoro,111.8411,-7.4169,54,141.9036
35222602a,Gondang,JAWA,Jawa Timur,Kab. Bojonegoro,111.8489,-7.3964,44,29.1133
35230201a,Pasean/Kebonharjo,JAWA,Jawa Timur,Kab. Tuban,111.645,-6.8758,62,5.3676
35230301a,Sidodadi/Mundri,JAWA,Jawa Timur,Kab. Tuban,111.7025,-6.9525,48,11.2776
35230302a,Kedungharjo/Bangilan,JAWA,Jawa Timur,Kab. Tuban,111.7169,-6.9739,39,11.2776
35230303a,Sidotentrem/Kejuron,JAWA,Jawa Timur,Kab. Tuban,111.6869,-6.9711,55.5,9.1895
35230401a,Sukoharjo/Simo,JAWA,Jawa Timur,Kab. Tuban,111.7767,-6.8219,105,5.1818
35230501a,Sendang,JAWA,Jawa Timur,Kab. Tuban,111.7269,-7.0069,19,9.0972
35230502a,Medalem,JAWA,Jawa Timur,Kab. Tuban,111.7192,-7,19,9.0972
35230601a,Belikanget,JAWA,Jawa Timur,Kab. Tuban,111.8103,-6.8272,22,1.7628
35230701a,Laju Kidul,JAWA,Jawa Timur,Kab. Tuban,111.74,-6.9769,19,11.2776
35230702a,Mulyoagung/Jojogan,JAWA,Jawa Timur,Kab. Tuban,111.7939,-6.9678,17,11.2776
35230703a,Kedungjambe/Ngabongan,JAWA,Jawa Timur,Kab. Tuban,111.7972,-7.0075,35,9.0972
35230801a,Jenurejo/Kerek,JAWA,Jawa Timur,Kab. Tuban,111.8833,-6.9,19,1.7628
35231002a,Sumurgung,JAWA,Jawa Timur,Kab. Tuban,111.9067,-6.9569,0,3.679
35231101a,Mentoro/Sooko,JAWA,Jawa Timur,Kab. Tuban,111.9372,-7.1103,8,12.2074
35231201a,Beji/Jenu,JAWA,Jawa Timur,Kab. Tuban,111.995,-6.83,7,1.5774
35231203a,Stamet Tuban,JAWA,Jawa Timur,Kab. Tuban,111.99,-6.82,10,1.5774
35231301a,Bogorejo,JAWA,Jawa Timur,Kab. Tuban,112.0147,-6.8828,3,1.8597
35231302a,Tegalrejo,JAWA,Jawa Timur,Kab. Tuban,112.0275,-6.9014,4,4.6743
35231304a,Silowo,JAWA,Jawa Timur,Kab. Tuban,111.99,-6.87,10.5,1.5774
35231401a,Bulurejo/Maibit,JAWA,Jawa Timur,Kab. Tuban,111.9803,-7.0903,4,8.3258
35231402a,Rangel,JAWA,Jawa Timur,Kab. Tuban,112.0106,-7.0583,6,10.4678
35231501a,Prungahanwetan/Semanding (Kepet),JAWA,Jawa Timur,Kab. Tuban,112.055,-6.9253,0,4.6743
35231601a,Latsari/Tuban,JAWA,Jawa Timur,Kab. Tuban,112.0469,-6.8939,0,1.8597
35231701a,Sumberrejo/Klotok,JAWA,Jawa Timur,Kab. Tuban,112.0872,-7.0664,66,10.4678
35231801a,Dawung/Palang,JAWA,Jawa Timur,Kab. Tuban,112.1142,-6.9286,1.5,3.9842
35231802a,Ngimbang,JAWA,Jawa Timur,Kab. Tuban,112.1442,-6.9644,4,3.9842
35231901a,Widang,JAWA,Jawa Timur,Kab. Tuban,112.175,-7.0978,79,12.4874
35240201a,Bluluk,JAWA,Jawa Timur,Kab. Lamongan,112.1344,-7.2714,39,33.1674
35240301a,Mojorejo/Modo,JAWA,Jawa Timur,Kab. Lamongan,112.1494,-7.245,78,33.1674
35240401a,Kayen,JAWA,Jawa Timur,Kab. Lamongan,112.202,-7.3313,52,27.2302
35240402a,Ngunugrejo/Ngimbang,JAWA,Jawa Timur,Kab. Lamongan,112.2142,-7.3053,18,27.2302
35240403a,Girik I /Baru,JAWA,Jawa Timur,Kab. Lamongan,112.2058,-7.2597,61,49.2444
35240404a,Girik Ii /Gandang,JAWA,Jawa Timur,Kab. Lamongan,112.2156,-7.2525,29,49.2444
35240501a,Babat,JAWA,Jawa Timur,Kab. Lamongan,112.1664,-7.1014,39,34.7058
35240601a,Kandangrejo/Kedung Pring,JAWA,Jawa Timur,Kab. Lamongan,112.1922,-7.1869,26,34.7058
35240602a,Melati/Prijetan,JAWA,Jawa Timur,Kab. Lamongan,112.2078,-7.2158,28,49.2444
35240701a,Sedayu/Brondong,JAWA,Jawa Timur,Kab. Lamongan,112.2786,-6.8736,26,5.256
35240801a,Centini/Jabung,JAWA,Jawa Timur,Kab. Lamongan,112.2256,-7.0175,14,5.9139
35241001a,Parengan/Pangkatrejo,JAWA,Jawa Timur,Kab. Lamongan,112.2839,-6.9861,55,1.4027
35241201a,Gondang Lor,JAWA,Jawa Timur,Kab. Lamongan,112.2717,-7.2008,22,49.2444
35241301a,Waruwetan/Pucuk,JAWA,Jawa Timur,Kab. Lamongan,112.2847,-7.0972,7,5.9139
35241401a,Paciran,JAWA,Jawa Timur,Kab. Lamongan,112.3907,-6.8767,4,10.563
35241501a,Tenggulun/Bluri,JAWA,Jawa Timur,Kab. Lamongan,112.3375,-6.9342,2,0.61391
35241601a,Tugu/Mantup,JAWA,Jawa Timur,Kab. Lamongan,112.365,-7.2694,30,28.8749
35241701a,Sukodadi,JAWA,Jawa Timur,Kab. Lamongan,112.3297,-7.0939,18,2.2131
35241801a,Karang Geneng,JAWA,Jawa Timur,Kab. Lamongan,112.3714,-6.9908,12,0.61391
35241901a,Tlogoagung/Kembang Bahu,JAWA,Jawa Timur,Kab. Lamongan,112.3267,-7.1806,14,31.5267
35242201a,Jetis/Lamongan,JAWA,Jawa Timur,Kab. Lamongan,112.4172,-7.1203,14,3.1168
35242301a,Genreng/Takeran,JAWA,Jawa Timur,Kab. Lamongan,112.3986,-7.1881,23,31.5267
35242401a,Morowindu/Karang Binangun,JAWA,Jawa Timur,Kab. Lamongan,112.495,-7.0269,0,0
35242402a,Kuro,JAWA,Jawa Timur,Kab. Lamongan,112.5136,-7.0464,15,2.1785
35242601a,Sokomulyo/Blawi,JAWA,Jawa Timur,Kab. Lamongan,112.4558,-7.0506,1,0
35250101a,Lowayu,JAWA,Jawa Timur,Kab. Gresik,112.4186,-6.9861,10,0.69282
35250102a,Mentaras,JAWA,Jawa Timur,Kab. Gresik,112.4517,-6.9725,5,0.69282
35250201a,Balong Panggang,JAWA,Jawa Timur,Kab. Gresik,112.419,-7.291,59,7.8721
35250301a,Prupuh/Panceng,JAWA,Jawa Timur,Kab. Gresik,112.4633,-6.9217,17,0.69282
35250501a,Sumari/Duduk Sampeyan,JAWA,Jawa Timur,Kab. Gresik,112.5214,-7.1639,20,0.7892
35250601a,Sumberrame/Wringinanom,JAWA,Jawa Timur,Kab. Gresik,112.525,-7.3967,34,8.2727
35250901a,Sambungan Anyar Lasem/Sidayu,JAWA,Jawa Timur,Kab. Gresik,112.5156,-7.0086,7,2.1785
35251001a,Suci,JAWA,Jawa Timur,Kab. Gresik,112.6031,-7.1497,21,0
35251002a,Sembayat/Tambak Ombo,JAWA,Jawa Timur,Kab. Gresik,112.5775,-7.0847,19,2.1785
35251101a,Ngabetan/Cerme,JAWA,Jawa Timur,Kab. Gresik,112.5594,-7.2214,8,6.2039
35251301a,Menganti,JAWA,Jawa Timur,Kab. Gresik,112.5831,-7.2944,13,6.2039
35251501a,Krikilan/ Driyorejo,JAWA,Jawa Timur,Kab. Gresik,112.5861,-7.3706,59,8.2727
35251601a,Banjarsari/Bunder/Gresik,JAWA,Jawa Timur,Kab. Gresik,112.5831,-7.175,20,0.7892
35260101a,Kraton/Bangkalan,JAWA,Jawa Timur,Kab. Bangkalan,112.7503,-7.0294,34,5.5104
35260201a,Kaleyan/Socah,JAWA,Jawa Timur,Kab. Bangkalan,112.7089,-7.0881,99,5.5104
35260301a,Dam Tunjung,JAWA,Jawa Timur,Kab. Bangkalan,112.7861,-7.0472,50,5.5104
35260401a,Banyuajuh/Kamal,JAWA,Jawa Timur,Kab. Bangkalan,112.7161,-7.1528,6,5.7586
35260501a,Arosbaya,JAWA,Jawa Timur,Kab. Bangkalan,112.8411,-6.9475,102,8.2335
35260701a,Klampis Barat,JAWA,Jawa Timur,Kab. Bangkalan,112.9033,-6.8944,35,10.0053
35260801a,Sepulu,JAWA,Jawa Timur,Kab. Bangkalan,112.9567,-6.8964,8,10.0053
35260901a,Tanjung Bumi,JAWA,Jawa Timur,Kab. Bangkalan,113.0744,-6.8908,54,11.3079
35261001a,Dupok/ Kokop,JAWA,Jawa Timur,Kab. Bangkalan,113.03,-6.9425,40,11.6145
35261101a,Dlemer/Kwanyar,JAWA,Jawa Timur,Kab. Bangkalan,112.8583,-7.1553,11,5.603
35261301a,Petrah/Tanah Merah,JAWA,Jawa Timur,Kab. Bangkalan,112.8894,-7.0917,28,6.0148
35261401a,Soket Lauk /Tragah,JAWA,Jawa Timur,Kab. Bangkalan,112.8303,-7.1025,12,5.603
35261501a,Blega,JAWA,Jawa Timur,Kab. Bangkalan,113.0614,-7.1289,28,6.9621
35261601a,Patereman/Kedundung,JAWA,Jawa Timur,Kab. Bangkalan,113.0314,-7.2108,0,2.7413
35270101a,Labuhan,JAWA,Jawa Timur,Kab. Sampang,113.0742,-7.2231,2,2.7413
35270201a,Torjun,JAWA,Jawa Timur,Kab. Sampang,113.1939,-7.1514,2,5.0098
35270202a,Tambaan / Camplong,JAWA,Jawa Timur,Kab. Sampang,113.3222,-7.2156,29,2.1003
35270302a,Gunungsekar/Sampang,JAWA,Jawa Timur,Kab. Sampang,113.2378,-7.1831,7,4.5246
35270501a,Omben Temoran,JAWA,Jawa Timur,Kab. Sampang,113.3325,-7.1175,11,3.0499
35270701a,Kotah/Jrengik,JAWA,Jawa Timur,Kab. Sampang,113.1431,-7.1256,36,5.0098
35270801a,Samaran/Tambelangan,JAWA,Jawa Timur,Kab. Sampang,113.1647,-7.0653,43,15.3208
35270901a,Kembang Jeruk/Banyuates,JAWA,Jawa Timur,Kab. Sampang,113.1439,-6.9203,11,14.1962
35271001a,Tragih/Robatal,JAWA,Jawa Timur,Kab. Sampang,113.2783,-7.0017,19,8.6
35271101a,Sokobanah Daya,JAWA,Jawa Timur,Kab. Sampang,113.4278,-6.8886,25,17.9518
35271201a,Ketapang Barat,JAWA,Jawa Timur,Kab. Sampang,113.2778,-6.8956,31.5,12.1441
35280101a,Cegul/Tlanakan,JAWA,Jawa Timur,Kab. Pamekasan,113.4839,-7.1919,14,2.4042
35280201a,Pademaru Timur,JAWA,Jawa Timur,Kab. Pamekasan,113.5311,-7.2042,25.3,0.71491
35280301a,Bulay/Galis,JAWA,Jawa Timur,Kab. Pamekasan,113.5484,-7.143,2,1.218
35280401a,Kowel /Toronan,JAWA,Jawa Timur,Kab. Pamekasan,113.4858,-7.135,19.2,2.4042
35280501a,Propo,JAWA,Jawa Timur,Kab. Pamekasan,113.4103,-7.1239,6.4,2.4042
35280502a,Klampar,JAWA,Jawa Timur,Kab. Pamekasan,113.4606,-7.1417,7,2.4042
35280503a,Samiran,JAWA,Jawa Timur,Kab. Pamekasan,113.4425,-7.1494,5.5,2.4042
35280601a,Palengaan Laok,JAWA,Jawa Timur,Kab. Pamekasan,113.4308,-7.0628,11,8.2866
35280701a,Pegantenan,JAWA,Jawa Timur,Kab. Pamekasan,113.4825,-7.0461,75,8.2866
35280801a,Larangan,JAWA,Jawa Timur,Kab. Pamekasan,113.559,-7.1217,11,1.218
35280901a,Pakong,JAWA,Jawa Timur,Kab. Pamekasan,113.5472,-7.0256,22,6.5532
35281001a,Waru Barat,JAWA,Jawa Timur,Kab. Pamekasan,113.5503,-6.9419,61,7.5576
35281301a,Batu Kerbui/Pasean,JAWA,Jawa Timur,Kab. Pamekasan,113.5875,-6.89,61.5,14.9333
35290101a,Kebon Agung,JAWA,Jawa Timur,Kab. Sumenep,113.8486,-7.0042,50.4,5.4355
35290102a,Parsanga,JAWA,Jawa Timur,Kab. Sumenep,113.8808,-7.0031,87,5.4355
35290103a,Pengarangan/Sumenep Pengairan,JAWA,Jawa Timur,Kab. Sumenep,113.8686,-7.0086,127,5.4355
35290202a,Stasiun Meteorologi Kalianget Madura,JAWA,Jawa Timur,Kab. Sumenep,113.9156,-7.0411,77.6,3.1361
35290301a,Manding Laok,JAWA,Jawa Timur,Kab. Sumenep,113.8722,-6.9508,217,4.2743
35290401a,Talango,JAWA,Jawa Timur,Kab. Sumenep,113.9449,-7.0657,5,3.1361
35290501a,Bumbungan/Bluto,JAWA,Jawa Timur,Kab. Sumenep,113.8114,-7.105,32.4,4.3234
35290601a,Tanah Merah/Saronggi,JAWA,Jawa Timur,Kab. Sumenep,113.8286,-7.0828,21.7,5.4355
35290701a,Elak Daya/Kec.Lenteng,JAWA,Jawa Timur,Kab. Sumenep,113.785,-7.0278,62,2.0457
35290702a,Banaresep Timur/Dam Jepun,JAWA,Jawa Timur,Kab. Sumenep,113.7761,-7.0389,43.5,2.0457
35290901a,Guluk-Guluk,JAWA,Jawa Timur,Kab. Sumenep,113.6761,-7.0544,20.1,3.1199
35291001a,Ketawang Larangan/Ganding,JAWA,Jawa Timur,Kab. Sumenep,113.69,-7.0411,21.6,3.1199
35291101a,Pragaan Laok,JAWA,Jawa Timur,Kab. Sumenep,113.6589,-7.1108,27.5,1.8717
35291301a,Panaongan/Pasongsongan,JAWA,Jawa Timur,Kab. Sumenep,113.6586,-6.8911,48.2,10.0683
35291401a,Kerta Timur/Dasuk,JAWA,Jawa Timur,Kab. Sumenep,113.8133,-6.9014,21.7,4.2743
35291501a,Rubaru,JAWA,Jawa Timur,Kab. Sumenep,113.7519,-6.9572,107,1.2411
35291701a,Batu Putih Laok,JAWA,Jawa Timur,Kab. Sumenep,113.9178,-6.9306,58,3.3242
35291801a,Dungkek,JAWA,Jawa Timur,Kab. Sumenep,114.0925,-6.9778,148.6,5.4168
35291901a,Gapura Barat,JAWA,Jawa Timur,Kab. Sumenep,113.9589,-6.9975,67,3.3242
35292001a,Pancor/Gayam,JAWA,Jawa Timur,Kab. Sumenep,114.3539,-7.1635,55,9.3499
35292402a,Abs P. Kangean/Arjasa,JAWA,Jawa Timur,Kab. Sumenep,115.2862,-6.8587,14,0
35292701a,Kangayan,JAWA,Jawa Timur,Kab. Sumenep,115.4628,-6.8797,2.3,0
35710101a,Kediri PU,JAWA,Jawa Timur,Kota Kediri,112.0039,-7.8056,19.5,53.3171
35720101a,Kepanjen Lor,JAWA,Jawa Timur,Kota Blitar,112.1717,-8.0861,27,32.3311
35720102a,Ngadirejo,JAWA,Jawa Timur,Kota Blitar,112.1814,-8.0639,44.5,32.3311
35720301a,Blitar PU,JAWA,Jawa Timur,Kota Blitar,112.1866,-8.0901,20,32.3311
35730302a,SAWOJAJAR,JAWA,Jawa Timur,Kota Malang,112.6615,-7.9723,30,37.3034
35730401a,Sukun,JAWA,Jawa Timur,Kota Malang,112.6211,-7.9944,72,37.3034
35740102a,Triwungkidul,JAWA,Jawa Timur,Kota Probolinggo,113.17,-7.775,0,138.7182
35750301e,P3GI,JAWA,Jawa Timur,Kota Pasuruan,112.9093,-7.6496,2,43.3345
35770101a,Kertoharjo II/Madiun PU,JAWA,Jawa Timur,Kota Madiun,111.5203,-7.6242,69,23.025
35770201a,Patihani/Pg Rejo Agung,JAWA,Jawa Timur,Kota Madiun,111.5289,-7.6083,59,23.025
35780101a,Gunungsari,JAWA,Jawa Timur,Kota Surabaya,112.7197,-7.3075,23,1.8056
35780301a,Wonorejo,JAWA,Jawa Timur,Kota Surabaya,112.8028,-7.3092,0,3.0307
35780401a,Ngagel/Wonokromo,JAWA,Jawa Timur,Kota Surabaya,112.7392,-7.3,1,2.2925
35780902a,Keputih,JAWA,Jawa Timur,Kota Surabaya,112.8044,-7.285,0,3.8757
35781001a,Gubeng,JAWA,Jawa Timur,Kota Surabaya,112.7502,-7.2674,7,2.2925
35781002a,Kapan Madya Baru/Kedung Cowek,JAWA,Jawa Timur,Kota Surabaya,112.7689,-7.2425,0,2.2925
35781202a,Stamet Perak II,JAWA,Jawa Timur,Kota Surabaya,112.7353,-7.2053,10.2,2.2925
35781501a,Stamet Perak I,JAWA,Jawa Timur,Kota Surabaya,112.7239,-7.2236,21.8,2.2925
35782701a,Simomulyo/Simo,JAWA,Jawa Timur,Kota Surabaya,112.6769,-7.2583,24,2.9103
35790101a,Ngaglik,JAWA,Jawa Timur,Kota Batu,112.5219,-7.8733,26,69.1899
35790102a,Temas,JAWA,Jawa Timur,Kota Batu,112.5439,-7.8761,42,69.1899
35790103a,Sidomulyo/Tinjumoyo,JAWA,Jawa Timur,Kota Batu,112.5281,-7.8431,28,69.1899
35790201a,Panderejo/Ngujung,JAWA,Jawa Timur,Kota Batu,112.5494,-7.8644,30,69.1899
35790203a,Junggo,JAWA,Jawa Timur,Kota Batu,112.53,-7.8117,26,69.1899
35790301a,Pendem,JAWA,Jawa Timur,Kota Batu,112.5806,-7.9017,29,41.0326
35790302a,Tlekung,JAWA,Jawa Timur,Kota Batu,112.5383,-7.9106,62,41.0326
31710601a,Angke Hulu,JAWA,Banten,Kota Tangerang,106.6943,-6.2183,114.5,47.9838
36010201a,Cimanggu,JAWA,Banten,Kab. Pandeglang,105.64,-6.66,216,106.4362
36010301a,Cibaliung,JAWA,Banten,Kab. Pandeglang,105.7056,-6.7157,87,137.4202
36010401a,Cikeusik,JAWA,Banten,Kab. Pandeglang,105.8728,-6.7254,43.4,227.2689
36010402a,Nanggala,JAWA,Banten,Kab. Pandeglang,105.8405,-6.7361,57,227.2689
36010601a,Mekarjaya,JAWA,Banten,Kab. Pandeglang,105.8147,-6.5042,80,227.9929
36010801a,Munjul,JAWA,Banten,Kab. Pandeglang,105.8712,-6.6091,54,208.2849
36011001a,Bojong,JAWA,Banten,Kab. Pandeglang,105.9999,-6.4713,101,281.5788
36011201a,Labuhan,JAWA,Banten,Kab. Pandeglang,105.8316,-6.3786,55,179.3698
36011301a,Menes,JAWA,Banten,Kab. Pandeglang,105.9199,-6.3767,107,149.4562
36011501a,Cipeucang,JAWA,Banten,Kab. Pandeglang,106.0269,-6.3615,86,154.846
36011601a,Jiput,JAWA,Banten,Kab. Pandeglang,105.8658,-6.3494,73,179.3698
36011801a,Cimanuk,JAWA,Banten,Kab. Pandeglang,106.0438,-6.3503,98,154.846
36012001a,Cilemer,JAWA,Banten,Kab. Pandeglang,106.0154,-6.4935,157,323.4709
36012002a,Bd Ciliman,JAWA,Banten,Kab. Pandeglang,105.99,-6.64,59,330.1566
36012101a,Bd. Bunut,JAWA,Banten,Kab. Pandeglang,106.11,-6.27,142.5,93.4805
36012102a,Bd. Cisangu Atas,JAWA,Banten,Kab. Pandeglang,106.14,-6.31,167,184.356
36012103a,Pandeglang,JAWA,Banten,Kab. Pandeglang,106.1056,-6.311,23,184.356
36013201a,Pulosari,JAWA,Banten,Kab. Pandeglang,105.9368,-6.3406,123,149.4562
36013501a,Bpp Teluk Loda Sobang,JAWA,Banten,Kab. Pandeglang,105.77,-6.56,105,152.6721
36020101a,Malingping Utara,JAWA,Banten,Kab. Lebak,106.0108,-6.7759,32.8,271.6173
36020103a,Bd Cilangkahan II/Malingping,JAWA,Banten,Kab. Lebak,106.0356,-6.7785,40,271.6173
36020201a,Panyaungan/Panggarangan,JAWA,Banten,Kab. Lebak,106.1734,-6.9079,73.5,244.504
36020202a,Pagelaran,JAWA,Banten,Kab. Lebak,106.0422,-6.8168,16,249.7376
36020203a,BPP Panggarangan,JAWA,Banten,Kab. Lebak,106.1734,-6.9081,82,244.504
36020301a,Bpp Bayah,JAWA,Banten,Kab. Lebak,106.2442,-6.9333,94,147.4907
36020401a,Kec. Cipanas,JAWA,Banten,Kab. Lebak,106.3828,-6.5312,141,199.4295
36020501a,Cilaki/Ciminyak,JAWA,Banten,Kab. Lebak,106.3023,-6.5398,79,199.4295
36020502a,Kec. Muncang,JAWA,Banten,Kab. Lebak,106.2895,-6.5459,90,213.7423
36020601a,Sampang Peundey,JAWA,Banten,Kab. Lebak,106.1873,-6.4951,106.5,268.409
36020602a,Bpp Leuwidamar,JAWA,Banten,Kab. Lebak,106.2038,-6.5089,100,213.7423
36020603a,Bantarjaya,JAWA,Banten,Kab. Lebak,106.2345,-6.4717,60,130.0111
36020607a,Lebak Parahiang/Leuwidamar,JAWA,Banten,Kab. Lebak,106.1887,-6.5059,89.1,235.9278
36020609a,Bojong Menteng,JAWA,Banten,Kab. Lebak,106.209,-6.584,134,213.7423
36020702a,Bojongmanik,JAWA,Banten,Kab. Lebak,106.1664,-6.5847,141,235.9278
36020802a,Bpp Gunung Kencana,JAWA,Banten,Kab. Lebak,106.0746,-6.5736,128.5,380.8768
36020901a,Banjarsari,JAWA,Banten,Kab. Lebak,105.988,-6.5573,21.7,309.1233
36020902a,Bpp Banjarsari,JAWA,Banten,Kab. Lebak,105.998,-6.546,158.5,309.1233
36021002a,Bpp Cileles,JAWA,Banten,Kab. Lebak,106.0846,-6.5054,176,380.8768
36021101a,Cimarga/Situ Palayangan,JAWA,Banten,Kab. Lebak,106.2319,-6.4097,125,130.0111
36021102a,Kecamatan Cimarga,JAWA,Banten,Kab. Lebak,106.2345,-6.4237,51,130.0111
36021202a,Kec. Sajira,JAWA,Banten,Kab. Lebak,106.3539,-6.4417,111,142.0078
36021301a,Cisalak Baru,JAWA,Banten,Kab. Lebak,106.3021,-6.3735,76,137.6016
36021401a,Cijaura/Cimesir,JAWA,Banten,Kab. Lebak,106.2614,-6.3614,102,207.3757
36021402a,Pasir Ona-Rangkas,JAWA,Banten,Kab. Lebak,106.2571,-6.3684,80,207.3757
36021501a,Warung Gunung,JAWA,Banten,Kab. Lebak,106.1717,-6.3416,50,184.356
36021601a,Cijaku,JAWA,Banten,Kab. Lebak,106.0702,-6.7047,142.5,271.6173
36021702a,Bpp Cikulur,JAWA,Banten,Kab. Lebak,106.1414,-6.3974,50.3,184.356
36021801a,Bojong Leles,JAWA,Banten,Kab. Lebak,106.2172,-6.3557,89,207.3757
36021902a,Bpp Cibeber,JAWA,Banten,Kab. Lebak,106.3044,-6.8605,81,169.2747
36022001a,Bpp Cilograng,JAWA,Banten,Kab. Lebak,106.3428,-6.9094,91.5,196.7318
36022101a,Bpp Wanasalam,JAWA,Banten,Kab. Lebak,105.9573,-6.7975,41,268.847
36022501a,Banjar Irigasi/Cipanas,JAWA,Banten,Kab. Lebak,106.4114,-6.5693,199,115.1157
36022601a,Bpp Cihara,JAWA,Banten,Kab. Lebak,106.1056,-6.8585,82,283.6327
36022701a,Bpp Cirinten,JAWA,Banten,Kab. Lebak,106.1558,-6.6286,195,299.0606
36030501a,Bpp Carenang,JAWA,Banten,Kab. Tangerang,106.389,-6.2669,70.1,184.4154
36030601a,UPTD Bobojong,JAWA,Banten,Kab. Tangerang,106.43,-6.045,31,90.2917
36030602a,Uptd Kresek,JAWA,Banten,Kab. Tangerang,106.3801,-6.1276,51,114.7577
36030701a,Bpp Kronjo,JAWA,Banten,Kab. Tangerang,106.39,-6.05,0,40.5552
36030801a,Bpp Tegalkunir/Mauk,JAWA,Banten,Kab. Tangerang,106.5321,-6.0647,55,113.7415
36030802a,Uptd Mauk,JAWA,Banten,Kab. Tangerang,106.5423,-6.0808,49,113.7415
36030901a,Uptd Rajeg/Banyawakan,JAWA,Banten,Kab. Tangerang,106.4609,-6.1283,44,145.7467
36031101a,Bpp Sukatani/Rajeg,JAWA,Banten,Kab. Tangerang,106.57,-6.09,29.5,113.7415
36031202a,Uptd Sindangjaya,JAWA,Banten,Kab. Tangerang,106.5053,-6.1666,55.5,60.1055
36031301a,BPP Kp MelayuTimur-Teluk Naga,JAWA,Banten,Kab. Tangerang,106.5673,-6.0668,108.5,113.7415
36031302a,Uptd Teluk Naga,JAWA,Banten,Kab. Tangerang,106.6465,-6.0709,106,54.1735
36031305a,Bpp Pakuhaji,JAWA,Banten,Kab. Tangerang,106.6064,-6.0872,151,54.1735
36031601a,Bpp Sepatan,JAWA,Banten,Kab. Tangerang,106.5838,-6.117,137,60.1055
36031602a,Uptd Sepatan,JAWA,Banten,Kab. Tangerang,106.5893,-6.129,124,60.1055
36032001a,Bpp Caringin,JAWA,Banten,Kab. Tangerang,106.5717,-6.3108,90,61.5265
36032002a,Stamet Curug,JAWA,Banten,Kab. Tangerang,106.546,-6.2867,31.1,55.1397
36032701a,Bpp Balaraja/Kaliasin,JAWA,Banten,Kab. Tangerang,106.4183,-6.1567,33,145.7467
36032702a,UPTD Benda Sukamulya,JAWA,Banten,Kab. Tangerang,106.4437,-6.1506,74,145.7467
36040501a,Kramatwatu/Pegadingan,JAWA,Banten,Kab. Serang,106.1309,-6.0607,37.5,27.7052
36040502a,Uptd Kramat Watu,JAWA,Banten,Kab. Serang,106.1081,-6.0547,38,27.7052
36040901a,Ciruas,JAWA,Banten,Kab. Serang,106.2356,-6.1219,24,53.1333
36041101a,Kragilan/Kalenpetung,JAWA,Banten,Kab. Serang,106.2742,-6.1324,37,53.1333
36041103a,Ragas Hilir,JAWA,Banten,Kab. Serang,106.3,-6.12,21,53.1333
36041201a,Pontang,JAWA,Banten,Kab. Serang,106.2767,-6.0339,44,24.1174
36041301a,Tirtayasa/Jeunjing,JAWA,Banten,Kab. Serang,106.3297,-6.0243,56,40.5552
36041401a,Tanara,JAWA,Banten,Kab. Serang,106.3458,-6.0284,24,40.5552
36041601a,Kibin,JAWA,Banten,Kab. Serang,106.3089,-6.1469,37,114.7577
36041701a,Carenang,JAWA,Banten,Kab. Serang,106.324,-6.09,28,40.5552
36042201a,Baros,JAWA,Banten,Kab. Serang,106.1328,-6.2155,120.5,93.4805
36042402a,Pamarayan,JAWA,Banten,Kab. Serang,106.2895,-6.2641,119.5,157.8488
36042501a,Cicinta/Kopo Maja-Pamarayan,JAWA,Banten,Kab. Serang,106.36,-6.28,56,184.4154
36042702a,Padarincang,JAWA,Banten,Kab. Serang,105.9331,-6.2202,92,66.5263
36042801a,Pabuaran,JAWA,Banten,Kab. Serang,106.0719,-6.2053,129,66.8808
36043001a,Anyer,JAWA,Banten,Kab. Serang,105.9361,-6.0692,9,44.3884
36043201a,Mancak,JAWA,Banten,Kab. Serang,105.9945,-6.0982,58,44.3884
36710402a,Stamet Soekarno Hatta,JAWA,Banten,Kota Tangerang,106.65,-6.12,73.2,44.918
36711001a,Uptd Holtikultura Neglasari,JAWA,Banten,Kota Tangerang,106.6219,-6.1387,63,44.918
36720301a,Pulo Merak,JAWA,Banten,Kota Cilegon,106.01,-5.96,66.5,36.68
36720501a,RPH Cilegon,JAWA,Banten,Kota Cilegon,106.085,-6.004,56,33.5401
36730202f,BPTPH Kasemen,JAWA,Banten,Kota Serang,106.2038,-6.0416,25,24.1174
36730302a,Walantaka/Pipitan,JAWA,Banten,Kota Serang,106.2323,-6.1471,32,53.1333
36740101a,Bpp Cisauk,JAWA,Banten,Kota Tangerang Selatan,106.64,-6.33,177,43.5252
36740102a,Uptd Serpong,JAWA,Banten,Kota Tangerang Selatan,106.6584,-6.312,234,43.5252
36740305a,Staklim Tangerang Selatan,JAWA,Banten,Kota Tangerang Selatan,106.7512,-6.2612,175.7,36.3023
51010101a,Berangbang,BALI,Bali,Kab. Jembrana,114.6171,-8.3098,62,4.8637
51010102a,Staklim Jembrana,BALI,Bali,Kab. Jembrana,114.6168,-8.3406,63,4.8637
51010201a,Pohsanten,BALI,Bali,Kab. Jembrana,114.6721,-8.3688,1,4.8637
51010202a,Yehembang Kangin,BALI,Bali,Kab. Jembrana,114.771,-8.4014,0,5.9408
51010203a,Tegal Cangkring,BALI,Bali,Kab. Jembrana,114.7,-8.3816,1,4.8637
51010204a,Penyaringan,BALI,Bali,Kab. Jembrana,114.7271,-8.3239,8,2.6554
51010301a,Gumrih,BALI,Bali,Kab. Jembrana,114.8775,-8.4417,6,15.2458
51010302a,Pulukan,BALI,Bali,Kab. Jembrana,114.8296,-8.4116,1,15.2458
51010401a,Melaya 1,BALI,Bali,Kab. Jembrana,114.5001,-8.2774,19.5,8.236
51010402a,Gilimanuk,BALI,Bali,Kab. Jembrana,114.4408,-8.1888,3.5,3.6232
51010403a,Ekasari,BALI,Bali,Kab. Jembrana,114.5389,-8.2548,21,8.236
51010404a,Nusasari,BALI,Bali,Kab. Jembrana,114.5064,-8.2864,11,8.236
51010405a,Tetelan,BALI,Bali,Kab. Jembrana,114.5418,-8.3237,86,3.6961
51010406a,Melaya 2,BALI,Bali,Kab. Jembrana,114.478,-8.2546,19,7.3276
51020101a,Bajera,BALI,Bali,Kab. Tabanan,115.0247,-8.5074,59,11.3319
51020102a,Tiying Gading,BALI,Bali,Kab. Tabanan,115.0241,-8.4487,9,18.4771
51020201a,Megati 1,BALI,Bali,Kab. Tabanan,115.0535,-8.4975,55.2,18.4771
51020202a,Megati 2,BALI,Bali,Kab. Tabanan,115.0526,-8.5085,39,11.3319
51020301a,Lalang Linggah,BALI,Bali,Kab. Tabanan,114.953,-8.4898,5.5,20.7145
51020401a,Meliling 1,BALI,Bali,Kab. Tabanan,115.0833,-8.5053,18,11.3319
51020501a,Bongan,BALI,Bali,Kab. Tabanan,115.1162,-8.557,73,6.6868
51020601a,Sudimara,BALI,Bali,Kab. Tabanan,115.087,-8.5759,3.4,11.3319
51020602a,Banjar Sanggulan,BALI,Bali,Kab. Tabanan,115.136,-8.5525,63,6.6868
51020701a,Kuwum,BALI,Bali,Kab. Tabanan,115.1702,-8.4804,16.8,15.3011
51020801a,Rejasa,BALI,Bali,Kab. Tabanan,115.1185,-8.447,10.5,15.3011
51020802a,Jatiluwih,BALI,Bali,Kab. Tabanan,115.1261,-8.3683,35.9,4.2281
51020803d,Buruan,BALI,Bali,Kab. Tabanan,115.1384,-8.461,15,15.3011
51020901a,Baturiti,BALI,Bali,Kab. Tabanan,115.1864,-8.3309,50.9,4.2281
51020902a,Luwus,BALI,Bali,Kab. Tabanan,115.1983,-8.4109,21,15.3011
51020903f,Candi Kuning,BALI,Bali,Kab. Tabanan,115.16,-8.26,37,3.9786
51021001a,Pajahan,BALI,Bali,Kab. Tabanan,115.0006,-8.3237,9,3.6899
51021002a,Batungsel,BALI,Bali,Kab. Tabanan,115.0265,-8.3439,56,3.6899
51030101a,Bawil III,BALI,Bali,Kab. Badung,115.1786,-8.7388,39.8,1.4434
51030102a,Stamet Ngurah Rai,BALI,Bali,Kab. Badung,115.1771,-8.7495,49.7,1.4434
51030201a,Mengwi Gede,BALI,Bali,Kab. Badung,115.1883,-8.4846,24,15.3011
51030202a,Kapal,BALI,Bali,Kab. Badung,115.1754,-8.5781,24.5,6.6868
51030301a,Blahkiuh,BALI,Bali,Kab. Badung,115.2081,-8.5182,23,3.9774
51030401a,Pelaga,BALI,Bali,Kab. Badung,115.227,-8.2956,6,5.6497
51030402a,Petang,BALI,Bali,Kab. Badung,115.2187,-8.3916,25.5,5.3163
51030501a,Jimbaran,BALI,Bali,Kab. Badung,115.1818,-8.7851,8,1.4434
51030502a,Pecatu,BALI,Bali,Kab. Badung,115.1057,-8.8256,27,0.61524
51030503a,Nusa Dua,BALI,Bali,Kab. Badung,115.2194,-8.8029,5,1.0978
51030601a,Tibubeneng,BALI,Bali,Kab. Badung,115.1586,-8.6376,14,1.7456
51040101a,Kemenuh,BALI,Bali,Kab. Gianyar,115.287,-8.5649,12,3.9774
51040102e,Celuk,BALI,Bali,Kab. Gianyar,115.2651,-8.6017,3,2.5906
51040201a,Medahan,BALI,Bali,Kab. Gianyar,115.3496,-8.5854,39.5,3.4908
51040301a,Abianbase,BALI,Bali,Kab. Gianyar,115.3257,-8.5491,27.5,3.4908
51040401a,Pejeng Kaja,BALI,Bali,Kab. Gianyar,115.2938,-8.4838,44,7.2554
51040501a,Peliatan,BALI,Bali,Kab. Gianyar,115.272,-8.5086,49,3.9774
51040601a,Tegallalang,BALI,Bali,Kab. Gianyar,115.259,-8.4643,37,7.2554
51040701a,Puhu Payangan,BALI,Bali,Kab. Gianyar,115.2585,-8.3913,22.5,5.3163
51040702a,Kerta,BALI,Bali,Kab. Gianyar,115.2842,-8.3364,33.5,5.3163
51050101a,Batu Kandik,BALI,Bali,Kab. Klungkung,115.5475,-8.7383,119,5.8362
51050102a,Batununggul,BALI,Bali,Kab. Klungkung,115.5588,-8.6727,62,6.7391
51050103a,Klumpu,BALI,Bali,Kab. Klungkung,115.5232,-8.7189,61.5,5.8362
51050104a,Penida 1,BALI,Bali,Kab. Klungkung,115.495,-8.683,21.5,5.8068
51050201a,Banjarangkan,BALI,Bali,Kab. Klungkung,115.3667,-8.5348,35,3.4908
51050301a,Semarapura Kangin,BALI,Bali,Kab. Klungkung,115.4065,-8.5433,37,2.6613
51050401e,Dawan Klod,BALI,Bali,Kab. Klungkung,115.4436,-8.5427,18.5,2.6613
51050403a,Kusamba,BALI,Bali,Kab. Klungkung,115.4446,-8.5676,16,2.6613
51060101a,Sulahan,BALI,Bali,Kab. Bangli,115.3469,-8.4123,50,3.6212
51060201a,Kawan,BALI,Bali,Kab. Bangli,115.3557,-8.4619,45,3.6212
51060202a,Pengotan,BALI,Bali,Kab. Bangli,115.3603,-8.3043,0,5.051
51060203a,Cempaga,BALI,Bali,Kab. Bangli,115.3726,-8.4486,69.5,3.6212
51060301a,Yangapi,BALI,Bali,Kab. Bangli,115.3898,-8.4465,85,3.6212
51060401a,Catur,BALI,Bali,Kab. Bangli,115.245,-8.2239,3,5.6497
51060402a,Satra,BALI,Bali,Kab. Bangli,115.2663,-8.1804,25,8.1962
51060403a,Kintamani 1,BALI,Bali,Kab. Bangli,115.3304,-8.2398,6,6.9866
51060405a,Penelokan,BALI,Bali,Kab. Bangli,115.3644,-8.284,6,6.9866
51060409a,Trunyan,BALI,Bali,Kab. Bangli,115.4216,-8.2653,13,5.2907
51070101a,Besakih,BALI,Bali,Kab. Karangasem,115.4473,-8.3781,12,5.4383
51070102a,Pempatan,BALI,Bali,Kab. Karangasem,115.4392,-8.324,0,5.4383
51070103e,Singarata 1,BALI,Bali,Kab. Karangasem,115.4201,-8.4159,34,3.4124
51070201a,Telaga Tawang,BALI,Bali,Kab. Karangasem,115.4449,-8.4835,121,3.4124
51070202a,Talibeng,BALI,Bali,Kab. Karangasem,115.4345,-8.4994,20,3.4124
51070301a,Ulakan,BALI,Bali,Kab. Karangasem,115.5146,-8.378,17,5.0524
51070401a,Seraya Tengah,BALI,Bali,Kab. Karangasem,115.6523,-8.4527,36.5,3.3939
51070402a,Jasri,BALI,Bali,Kab. Karangasem,115.597,-8.4518,30,2.328
51070403a,Seraya Timur,BALI,Bali,Kab. Karangasem,115.7047,-8.4006,3.5,4.0706
51070404a,Pertima,BALI,Bali,Kab. Karangasem,115.5992,-8.4864,13,2.328
51070405a,Subagan,BALI,Bali,Kab. Karangasem,115.5872,-8.4327,21.5,2.328
51070406a,Seraya Barat,BALI,Bali,Kab. Karangasem,115.6466,-8.4314,0,3.3939
51070501a,Abang,BALI,Bali,Kab. Karangasem,115.5995,-8.3907,1.5,5.0524
51070502a,Kahang-kahang,BALI,Bali,Kab. Karangasem,115.6113,-8.3653,3.2,4.8496
51070601a,Bebandem,BALI,Bali,Kab. Karangasem,115.5291,-8.4449,67,2.328
51070702a,Duda,BALI,Bali,Kab. Karangasem,115.4837,-8.4398,20,3.4124
51070801a,Kubu,BALI,Bali,Kab. Karangasem,115.5562,-8.2371,2,5.7793
51070802a,Tulamben,BALI,Bali,Kab. Karangasem,115.5933,-8.3194,1,5.0524
51070803a,Sukadana,BALI,Bali,Kab. Karangasem,115.5286,-8.2586,0,5.7793
51070804a,Tianyar,BALI,Bali,Kab. Karangasem,115.4561,-8.2138,32.5,5.2907
51080101a,Gerokgak,BALI,Bali,Kab. Buleleng,114.7914,-8.186,49,10.589
51080102a,Celukan Bawang,BALI,Bali,Kab. Buleleng,114.8706,-8.2042,43,30.6105
51080103a,Patas 1,BALI,Bali,Kab. Buleleng,114.7434,-8.1974,37.3,10.589
51080104a,Sumberkima,BALI,Bali,Kab. Buleleng,114.6038,-8.143,4,5.8136
51080105a,Sumber Klampok,BALI,Bali,Kab. Buleleng,114.4843,-8.1738,0,3.6232
51080106a,Banyupoh 1,BALI,Bali,Kab. Buleleng,114.6942,-8.1506,3,5.8136
51080201e,Tangguwisia,BALI,Bali,Kab. Buleleng,114.952,-8.191,9.6,4.6945
51080301a,Busungbiu,BALI,Bali,Kab. Buleleng,114.9705,-8.2602,6.5,3.3125
51080302a,Pucaksari,BALI,Bali,Kab. Buleleng,114.9466,-8.3155,43.7,4.9149
51080303a,Tista,BALI,Bali,Kab. Buleleng,114.9191,-8.3564,12.5,4.9149
51080401a,Munduk,BALI,Bali,Kab. Buleleng,115.0494,-8.264,34,4.7422
51080501a,Wanagiri,BALI,Bali,Kab. Buleleng,115.1392,-8.2371,11,3.9786
51080502a,Gitgit,BALI,Bali,Kab. Buleleng,115.1402,-8.193,0,10.1751
51080503a,Sukasada 1,BALI,Bali,Kab. Buleleng,115.0997,-8.1341,34,6.0061
51080601a,Tukad Mungga,BALI,Bali,Kab. Buleleng,115.0568,-8.1414,3,6.0061
51080701a,Kloncing,BALI,Bali,Kab. Buleleng,115.1279,-8.089,7,29.221
51080801a,Bengkala,BALI,Bali,Kab. Buleleng,115.1811,-8.1099,34,10.1751
51080802e,Kubutambahan,BALI,Bali,Kab. Buleleng,115.2068,-8.08,58.3,9.8868
51080901a,Sambirenteng 1,BALI,Bali,Kab. Buleleng,115.4155,-8.1528,25,5.5855
51080902a,Bondalem,BALI,Bali,Kab. Buleleng,115.3145,-8.1177,66.5,5.3134
51080903a,Les,BALI,Bali,Kab. Buleleng,115.3726,-8.1411,62,5.3134
51080904a,BPP Tejakula,BALI,Bali,Kab. Buleleng,115.3581,-8.1334,55.5,5.3134
51710101a,Suwung Kangin,BALI,Bali,Kota Denpasar,115.2321,-8.7109,0.5,1.2467
51710201a,Sumerta,BALI,Bali,Kota Denpasar,115.2313,-8.6476,10,2.5906
51710301a,Padang Sumbu,BALI,Bali,Kota Denpasar,115.1758,-8.6806,18,1.7456
51710302a,Stageof Sanglah,BALI,Bali,Kota Denpasar,115.2097,-8.6774,4.3,2.5906
51710401a,Peguyangan Kaja,BALI,Bali,Kota Denpasar,115.2227,-8.5968,0,3.9774
52010101a,Gerung,NTB,Nusa Tenggara Barat,Kab. Lombok Barat,116.1174,-8.6783,2.5,0.51446
52010102a,Banyu Urip/Banter,NTB,Nusa Tenggara Barat,Kab. Lombok Barat,116.1548,-8.7297,7.5,0.17
52010201a,Rumak,NTB,Nusa Tenggara Barat,Kab. Lombok Barat,116.4034,-8.6979,19,1.0648
52010202a,Staklim Lobar,NTB,Nusa Tenggara Barat,Kab. Lombok Barat,116.1707,-8.6364,6.7,0.51446
52010301a,Narmada,NTB,Nusa Tenggara Barat,Kab. Lombok Barat,116.2206,-8.597,5.5,1.2628
52010701a,Sekotong,NTB,Nusa Tenggara Barat,Kab. Lombok Barat,116.0528,-8.7729,9,1.3526
52010702a,Pelangan,NTB,Nusa Tenggara Barat,Kab. Lombok Barat,116.9338,-8.7939,48.5,4.952
52010703a,Buwun Mas,NTB,Nusa Tenggara Barat,Kab. Lombok Barat,116.0819,-8.8558,13,0
52010801a,Labuapi,NTB,Nusa Tenggara Barat,Kab. Lombok Barat,116.1222,-8.6276,0,0.51446
52010901a,Gunung Sari,NTB,Nusa Tenggara Barat,Kab. Lombok Barat,116.0986,-8.54,3,0.75722
52011201a,Sigerongan,NTB,Nusa Tenggara Barat,Kab. Lombok Barat,116.1634,-8.566,12,1.1151
52011301a,Lembar,NTB,Nusa Tenggara Barat,Kab. Lombok Barat,116.0876,-8.7344,25,1.3526
52011401a,Batulayar,NTB,Nusa Tenggara Barat,Kab. Lombok Barat,116.0806,-8.54,11,0.75722
52020101a,Praya,NTB,Nusa Tenggara Barat,Kab. Lombok Tengah,116.2805,-8.696,0,0.67353
52020201a,Puyung,NTB,Nusa Tenggara Barat,Kab. Lombok Tengah,116.2356,-8.681,0,0.67353
52020301a,Mantang,NTB,Nusa Tenggara Barat,Kab. Lombok Tengah,116.3063,-8.6264,0,0.22752
52020401a,Pujut,NTB,Nusa Tenggara Barat,Kab. Lombok Tengah,116.292,-8.8131,8,0
52020402a,Mertak,NTB,Nusa Tenggara Barat,Kab. Lombok Tengah,116.388,-8.885,5,0
52020403a,Stamet BIL,NTB,Nusa Tenggara Barat,Kab. Lombok Tengah,116.0939,-8.5606,2.9,0.75722
52020501a,Penujak,NTB,Nusa Tenggara Barat,Kab. Lombok Tengah,116.2408,-8.7421,42,0.19852
52020502a,Selong Belanak,NTB,Nusa Tenggara Barat,Kab. Lombok Tengah,116.1543,-8.8567,5,0
52020503a,Kateng,NTB,Nusa Tenggara Barat,Kab. Lombok Tengah,116.2336,-8.8264,8.5,0
52020601a,Mujur,NTB,Nusa Tenggara Barat,Kab. Lombok Tengah,116.3118,-8.7315,0,0.07165
52020602a,Mujur2/Bilelando,NTB,Nusa Tenggara Barat,Kab. Lombok Tengah,116.394,-8.818,11,0
52020701a,Janapria,NTB,Nusa Tenggara Barat,Kab. Lombok Tengah,116.4,-8.69,2,0.22752
52020801a,Pringgarata,NTB,Nusa Tenggara Barat,Kab. Lombok Tengah,116.2415,-8.614,18,0.67353
52020901a,Kopang,NTB,Nusa Tenggara Barat,Kab. Lombok Tengah,116.3723,-8.636,2,0.22752
52021001a,Batu Nyala,NTB,Nusa Tenggara Barat,Kab. Lombok Tengah,116.3117,-8.7315,42.5,0.07165
52021101a,Darek,NTB,Nusa Tenggara Barat,Kab. Lombok Tengah,116.2032,-8.7349,28.2,0.19852
52021201a,Batukliang Utara,NTB,Nusa Tenggara Barat,Kab. Lombok Tengah,116.3286,-8.5767,1,3.042
52030101a,Keruak,NTB,Nusa Tenggara Barat,Kab. Lombok Timur,116.4525,-8.7325,0,0.047666
52030301a,Terara,NTB,Nusa Tenggara Barat,Kab. Lombok Timur,116.4239,-8.657,3,1.0648
52030302a,Rarang Selatan,NTB,Nusa Tenggara Barat,Kab. Lombok Timur,116.3892,-8.662,2,0.22752
52030401a,Sikur,NTB,Nusa Tenggara Barat,Kab. Lombok Timur,116.4265,-8.637,0,1.0648
52030501a,Masbagik,NTB,Nusa Tenggara Barat,Kab. Lombok Timur,116.4873,-8.6164,6,1.0648
52030601a,Sukamulia/Dasan Lekong,NTB,Nusa Tenggara Barat,Kab. Lombok Timur,116.491,-8.6385,0,1.0648
52030801a,Pringgabaya,NTB,Nusa Tenggara Barat,Kab. Lombok Timur,116.6378,-8.5305,0,3.0209
52030901a,Aikmel,NTB,Nusa Tenggara Barat,Kab. Lombok Timur,116.51,-8.5847,7,3.8348
52030902a,Lenek Duren,NTB,Nusa Tenggara Barat,Kab. Lombok Timur,116.4814,-8.5331,25,2.8828
52031001a,Sambelia,NTB,Nusa Tenggara Barat,Kab. Lombok Timur,116.7056,-8.3883,16,7.0031
52031002a,Labuhan Pandan,NTB,Nusa Tenggara Barat,Kab. Lombok Timur,116.6398,-8.3066,15,10.6997
52031101a,Kotaraja/Montong Gading,NTB,Nusa Tenggara Barat,Kab. Lombok Timur,116.4076,-8.5954,0,2.8828
52031201a,Pringgasela,NTB,Nusa Tenggara Barat,Kab. Lombok Timur,116.4547,-8.5758,5,2.8828
52031401a,Kr Baru Timur/Wanasaba,NTB,Nusa Tenggara Barat,Kab. Lombok Timur,116.5453,-8.5296,0,3.8348
52031501a,Sembalun,NTB,Nusa Tenggara Barat,Kab. Lombok Timur,116.5331,-8.3606,5,21.9517
52031601a,Swela,NTB,Nusa Tenggara Barat,Kab. Lombok Timur,116.5775,-8.525,0,3.8348
52031602a,Perigi,NTB,Nusa Tenggara Barat,Kab. Lombok Timur,116.615,-8.5093,0,3.0209
52031701a,Labuhan Haji,NTB,Nusa Tenggara Barat,Kab. Lombok Timur,116.5694,-8.6944,0,1.1074
52031901a,Rensing Sakra Barat,NTB,Nusa Tenggara Barat,Kab. Lombok Timur,116.4654,-8.7257,6,0.047666
52032001a,Jerowaru/Sepapan,NTB,Nusa Tenggara Barat,Kab. Lombok Timur,116.4771,-8.7742,31,0.047666
52040201a,Lunyuk ,NTB,Nusa Tenggara Barat,Kab. Sumbawa,117.2036,-8.995,29,1.2069
52040501a,Alas,NTB,Nusa Tenggara Barat,Kab. Sumbawa,116.9933,-8.5142,7,4.5606
52040701a,Unter Iwes,NTB,Nusa Tenggara Barat,Kab. Sumbawa,117.4016,-8.5041,8,0.09084
52040702a,Semongkat,NTB,Nusa Tenggara Barat,Kab. Sumbawa,117.3195,-8.5727,3,0
52040801a,Diperta Sumbawa,NTB,Nusa Tenggara Barat,Kab. Sumbawa,117.4205,-8.4909,4,0
52040802a,Stamet Sumbawa,NTB,Nusa Tenggara Barat,Kab. Sumbawa,117.4119,-8.4883,5.1,0
52040901a,Moyo hilir,NTB,Nusa Tenggara Barat,Kab. Sumbawa,117.5001,-8.5263,0,0.072472
52041001a,Moyo hulu,NTB,Nusa Tenggara Barat,Kab. Sumbawa,117.4404,-8.6422,0,0.50129
52041201a,Lape,NTB,Nusa Tenggara Barat,Kab. Sumbawa,117.6172,-8.6253,0,0.083967
52041301a,Plampang,NTB,Nusa Tenggara Barat,Kab. Sumbawa,117.7586,-8.777,11,0.80981
52041401a,Empang,NTB,Nusa Tenggara Barat,Kab. Sumbawa,118.0001,-8.7701,0,0
52041701a,Alas Barat,NTB,Nusa Tenggara Barat,Kab. Sumbawa,116.9653,-8.535,31,4.5606
52041801a,Lab. Badas,NTB,Nusa Tenggara Barat,Kab. Sumbawa,117.3784,-8.4712,7,0
52041901a,Sukadamai/Labangka,NTB,Nusa Tenggara Barat,Kab. Sumbawa,117.7399,-8.9065,17,0.62283
52042001a,Buer,NTB,Nusa Tenggara Barat,Kab. Sumbawa,117.0356,-8.466,45,0
52042101a,Rhee,NTB,Nusa Tenggara Barat,Kab. Sumbawa,117.2476,-8.4196,0,0
52042301a,Sebewe/Moyo Utara,NTB,Nusa Tenggara Barat,Kab. Sumbawa,117.4743,-8.4829,0,0
52042501a,Tarano,NTB,Nusa Tenggara Barat,Kab. Sumbawa,117.9945,-8.7465,0,0
52042701a,Lenangguar,NTB,Nusa Tenggara Barat,Kab. Sumbawa,117.3731,-8.7305,16,0.67382
52050101a,Dompu,NTB,Nusa Tenggara Barat,Kab. Dompu,118.4654,-8.5191,7,0
52050201a,Kempo,NTB,Nusa Tenggara Barat,Kab. Dompu,118.24,-8.5,1,0
52050301a,Huu,NTB,Nusa Tenggara Barat,Kab. Dompu,118.4398,-8.7378,8,0.031759
52050401a,Kilo,NTB,Nusa Tenggara Barat,Kab. Dompu,118.3983,-8.3111,2,0.23431
52050501a,Saneo Woja,NTB,Nusa Tenggara Barat,Kab. Dompu,118.4505,-8.4522,0,0
52050601a,Pekat/Calabai,NTB,Nusa Tenggara Barat,Kab. Dompu,117.7233,-8.2267,7,4.0373
52050701a,Manggalewa,NTB,Nusa Tenggara Barat,Kab. Dompu,118.2993,-8.4814,1.5,0
52050801a,Pajo,NTB,Nusa Tenggara Barat,Kab. Dompu,118.51,-8.64,2,0
52060101a,Monta,NTB,Nusa Tenggara Barat,Kab. Bima,118.6934,-8.6397,0,0.49258
52060201a,Bolo,NTB,Nusa Tenggara Barat,Kab. Bima,118.57,-8.49,0,0
52060401a,Belo,NTB,Nusa Tenggara Barat,Kab. Bima,118.422,-8.36,0,0
52060501a,Wawo,NTB,Nusa Tenggara Barat,Kab. Bima,118.8556,-8.5523,4,0
52060601a,Sape,NTB,Nusa Tenggara Barat,Kab. Bima,118.99,-8.59,0,0
52060602a,Sape 2,NTB,Nusa Tenggara Barat,Kab. Bima,118.89,-8.59,0,0
52060701a,Wera,NTB,Nusa Tenggara Barat,Kab. Bima,118.9174,-8.3489,0,0
52060801a,Donggo,NTB,Nusa Tenggara Barat,Kab. Bima,118.604,-8.43,0,0
52060802a,Donggo2/Ndano,NTB,Nusa Tenggara Barat,Kab. Bima,118.54,-8.5,23,0
52060901a,Sanggar,NTB,Nusa Tenggara Barat,Kab. Bima,118.3105,-8.3767,0,0.23431
52061101a,Doro O'o,NTB,Nusa Tenggara Barat,Kab. Bima,118.76,-8.69,1,0.37347
52061201a,Lambu,NTB,Nusa Tenggara Barat,Kab. Bima,119.09,-8.66,1,0
52061301a,Madapangga,NTB,Nusa Tenggara Barat,Kab. Bima,118.578,-8.5107,0,0
52061302a,Madapangga 2,NTB,Nusa Tenggara Barat,Kab. Bima,118.6005,-8.5191,0,0.37605
52061401a,Tambora,NTB,Nusa Tenggara Barat,Kab. Bima,118,-8.16,24.5,5.1384
52061501a,Soromandi,NTB,Nusa Tenggara Barat,Kab. Bima,118.6962,-8.3898,0,0
52061701a,Lambitu,NTB,Nusa Tenggara Barat,Kab. Bima,118.825,-8.6611,0,0
52061801a,Palibelo Panda,NTB,Nusa Tenggara Barat,Kab. Bima,118.6944,-8.5188,1.6,0.37605
52061802a,Palibelo Teke,NTB,Nusa Tenggara Barat,Kab. Bima,118.7351,-8.5404,0,0.27951
52061803a,Stamet Bima,NTB,Nusa Tenggara Barat,Kab. Bima,118.6919,-8.5417,1.6,0.37605
52070101a,Jereweh,NTB,Nusa Tenggara Barat,Kab. Sumbawa Barat,116.8228,-8.8668,19,2.798
52070202a,Taliwang,NTB,Nusa Tenggara Barat,Kab. Sumbawa Barat,116.8542,-8.7559,4,15.6392
52070301a,Tapir/Seteluk,NTB,Nusa Tenggara Barat,Kab. Sumbawa Barat,116.8589,-8.6333,35,20.7245
52070401a,Sekongkang,NTB,Nusa Tenggara Barat,Kab. Sumbawa Barat,116.7456,-8.9674,9,0.06183
52070501a,Brang Rea,NTB,Nusa Tenggara Barat,Kab. Sumbawa Barat,116.9911,-8.6965,12,4.2732
52070601a,Tano,NTB,Nusa Tenggara Barat,Kab. Sumbawa Barat,116.8447,-8.5834,3.5,8.7109
52070701a,Brang Ene,NTB,Nusa Tenggara Barat,Kab. Sumbawa Barat,116.8692,-8.773,73,15.6392
52070801a,Maluk,NTB,Nusa Tenggara Barat,Kab. Sumbawa Barat,116.7618,-8.9109,0,0.06183
52080101a,Tanjung,NTB,Nusa Tenggara Barat,Kab. Lombok Utara,116.1508,-8.356,115,92.6832
52080201a,Gangga,NTB,Nusa Tenggara Barat,Kab. Lombok Utara,116.4321,-8.349,86,7.8643
52080202a,Sambik Bangkol,NTB,Nusa Tenggara Barat,Kab. Lombok Utara,116.2623,-8.323,34,8.4545
52080301a,Santong,NTB,Nusa Tenggara Barat,Kab. Lombok Utara,116.2852,-8.318,32,8.4545
52080401a,Bayan,NTB,Nusa Tenggara Barat,Kab. Lombok Utara,116.4321,-8.245,7.5,12.3269
52080402a,Senaru,NTB,Nusa Tenggara Barat,Kab. Lombok Utara,116.4321,-8.291,47,12.3269
52080501a,Pemenang,NTB,Nusa Tenggara Barat,Kab. Lombok Utara,116.1011,-8.4,67,92.6832
52080502a,Pemenang Timur,NTB,Nusa Tenggara Barat,Kab. Lombok Utara,116.2356,-8.4608,84.5,5.501
52710301a,Cakranegara,NTB,Nusa Tenggara Barat,Kota Mataram,116.134,-8.567,47,1.1151
52710401a,Ampenan,NTB,Nusa Tenggara Barat,Kota Mataram,116.083,-8.618,19,0.90558
52710501a,Majeluk,NTB,Nusa Tenggara Barat,Kota Mataram,116.121,-8.58,14,1.1151
52710502a,Selaparang,NTB,Nusa Tenggara Barat,Kota Mataram,116.107,-8.559,15.5,1.1151
52720302a,Asakota/Kolo,NTB,Nusa Tenggara Barat,Kota Bima,118.7249,-8.3782,0,0
52720401a,Raba,NTB,Nusa Tenggara Barat,Kota Bima,118.755,-8.4716,0,0
53010502a,Oenesu,NTT,Nusa Tenggara Timur,Kab. Kupang,123.503,-10.262,0,0
53010503a,Batuliti,NTT,Nusa Tenggara Timur,Kab. Kupang,123.5521,-10.3267,8,0
53010701a,Sulamu,NTT,Nusa Tenggara Timur,Kab. Kupang,123.6014,-10.0283,0,0
53010802a,Oelnasi,NTT,Nusa Tenggara Timur,Kab. Kupang,123.7,-10.14,0,0
53010901a,Oekabiti,NTT,Nusa Tenggara Timur,Kab. Kupang,123.8289,-10.2167,2,0.079513
53011001a,Camplong II,NTT,Nusa Tenggara Timur,Kab. Kupang,123.9744,-10.0236,0,0
53011102a,Takari/Hueknutu,NTT,Nusa Tenggara Timur,Kab. Kupang,123.6197,-10.3185,0,0
53011201a,Lelogama,NTT,Nusa Tenggara Timur,Kab. Kupang,123.9539,-9.7072,31,0
53011701a,Baun,NTT,Nusa Tenggara Timur,Kab. Kupang,123.7233,-10.2944,7.5,0
53012001a,Oemofa,NTT,Nusa Tenggara Timur,Kab. Kupang,124.1,-10.07,0,0.082661
53012401a,Baumata,NTT,Nusa Tenggara Timur,Kab. Kupang,123.6819,-10.2046,0,0
53020204a,Kesetnana,NTT,Nusa Tenggara Timur,Kab. Timor Tengah Selatan,124.2583,-9.8597,0,0
53020301a,Netpala,NTT,Nusa Tenggara Timur,Kab. Timor Tengah Selatan,124.2653,-9.7444,3,0
53020602a,Panite,NTT,Nusa Tenggara Timur,Kab. Timor Tengah Selatan,124.2264,-10.0725,7,0.1623
53020603a,Oebelo,NTT,Nusa Tenggara Timur,Kab. Timor Tengah Selatan,124.3142,-10.1583,0,0.33285
53020701a,Nule,NTT,Nusa Tenggara Timur,Kab. Timor Tengah Selatan,124.3367,-9.8739,0,0
53020801a,Oinlasi,NTT,Nusa Tenggara Timur,Kab. Timor Tengah Selatan,124.56,-9.85,7,0
53021301a,Polen,NTT,Nusa Tenggara Timur,Kab. Timor Tengah Selatan,124.3738,-9.657,12,0.074989
53021401a,Boentuka,NTT,Nusa Tenggara Timur,Kab. Timor Tengah Selatan,124.1625,-9.9469,0,0.59047
53022101a,Kualin,NTT,Nusa Tenggara Timur,Kab. Timor Tengah Selatan,124.465,-9.799,40,0.074016
53022701a,Kuatnana,NTT,Nusa Tenggara Timur,Kab. Timor Tengah Selatan,124.248,-9.916,3,0.13392
53030101a,Oenenu,NTT,Nusa Tenggara Timur,Kab. Timor Tengah Utara,124.4389,-9.4394,7,0
53030201a,Eban,NTT,Nusa Tenggara Timur,Kab. Timor Tengah Utara,124.3122,-9.5464,221,0
53030401a,Noemuti,NTT,Nusa Tenggara Timur,Kab. Timor Tengah Utara,124.4,-9.43,2,0
53030501a,Oeninaat,NTT,Nusa Tenggara Timur,Kab. Timor Tengah Utara,124.48,-9.48,0,0
53030602a,Lurasik,NTT,Nusa Tenggara Timur,Kab. Timor Tengah Utara,124.8353,-9.2883,0,0
53030802a,Sap'An,NTT,Nusa Tenggara Timur,Kab. Timor Tengah Utara,124.7016,-9.4563,7,0
53030803a,Insana,NTT,Nusa Tenggara Timur,Kab. Timor Tengah Utara,124.69,-9.44,0,0
53032002a,Mamsena,NTT,Nusa Tenggara Timur,Kab. Timor Tengah Utara,124.6007,-9.4888,4,0
53040101a,Weluli,NTT,Nusa Tenggara Timur,Kab. Belu,125.0904,-9.1146,0,0.435
53040201a,Wedomu,NTT,Nusa Tenggara Timur,Kab. Belu,124.9823,-9.1276,0,0
53040202a,Fatulotu,NTT,Nusa Tenggara Timur,Kab. Belu,124.9796,-9.1198,10,0
53040501a,Umarese,NTT,Nusa Tenggara Timur,Kab. Belu,124.8319,-9.0394,0,0.15
53040502a,Fatukmetan,NTT,Nusa Tenggara Timur,Kab. Belu,124.9228,-8.9739,0,0.4509
53040802a,Betun,NTT,Nusa Tenggara Timur,Kab. Malaka,124.9,-9.55,8,0
53040901a,Kaputu,NTT,Nusa Tenggara Timur,Kab. Malaka,124.8637,-9.5537,0,0
53041101a,Biudukfoho,NTT,Nusa Tenggara Timur,Kab. Malaka,124.7409,-9.6099,14,0
53041102a,Haekesak,NTT,Nusa Tenggara Timur,Kab. Belu,124.741,-9.6054,0,0
53041201a,Fatubenao,NTT,Nusa Tenggara Timur,Kab. Belu,124.91,-9.1,0,0
53041202a,Pos Met Atambua,NTT,Nusa Tenggara Timur,Kab. Belu,124.9083,-9.0747,1.3,0
53042201a,Atambua,NTT,Nusa Tenggara Timur,Kab. Belu,124.81,-9.03,0,0.15
53050102a,Kalabahi,NTT,Nusa Tenggara Timur,Kab. Alor,124.656,-8.191,0,0
53050701a,Mebung,NTT,Nusa Tenggara Timur,Kab. Alor,124.594,-8.2011,4,0.10907
53051002a,Stamet Mali Alor,NTT,Nusa Tenggara Timur,Kab. Alor,124.5925,-8.1369,0.4,0
53060102a,Boru,NTT,Nusa Tenggara Timur,Kab. Flores Timur,122.7119,-8.5275,0,0
53060304a,Stamet Larantuka,NTT,Nusa Tenggara Timur,Kab. Flores Timur,123.0006,-8.275,0.4,0
53070101a,Paga,NTT,Nusa Tenggara Timur,Kab. Sikka,122.0564,-8.7644,2.5,1.2589
53070202a,Nangablo,NTT,Nusa Tenggara Timur,Kab. Sikka,122.01,-8.68,1,0.66118
53070301a,Lela,NTT,Nusa Tenggara Timur,Kab. Sikka,122.1697,-8.7294,5,0.16872
53070401a,Ledalero,NTT,Nusa Tenggara Timur,Kab. Sikka,122.1867,-8.6658,1.5,0.28957
53070402a,Magepanda,NTT,Nusa Tenggara Timur,Kab. Sikka,122.07,-8.55,0,0
53070504a,Stamet Maumere,NTT,Nusa Tenggara Timur,Kab. Sikka,122.2375,-8.6356,0,0
53070801a,Waigete,NTT,Nusa Tenggara Timur,Kab. Sikka,122.4256,-8.6125,0,0
53071101a,Bola,NTT,Nusa Tenggara Timur,Kab. Sikka,122.2804,-8.7295,0,0
53080303a,Pos Meteorologi Ende,NTT,Nusa Tenggara Timur,Kab. Ende,121.6603,-8.8497,0.4,0.45355
53080601a,Detusoko,NTT,Nusa Tenggara Timur,Kab. Ende,121.7467,-8.7214,0,2.3658
53080701a,Welamosa,NTT,Nusa Tenggara Timur,Kab. Ende,121.7157,-8.6028,0,1.5929
53080801a,Bokasape,NTT,Nusa Tenggara Timur,Kab. Ende,121.8853,-8.7836,0,3.1817
53080901a,Wolojita,NTT,Nusa Tenggara Timur,Kab. Ende,121.8385,-8.8312,40,0.96613
53081001a,Nanganio,NTT,Nusa Tenggara Timur,Kab. Ende,121.8111,-8.7214,0,3.1817
53081101a,Sokoria,NTT,Nusa Tenggara Timur,Kab. Ende,121.5534,-8.64,0,0.28185
53081201a,Watuneso,NTT,Nusa Tenggara Timur,Kab. Ende,121.5444,-8.7697,5,0.12907
53081401a,Kelimutu,NTT,Nusa Tenggara Timur,Kab. Ende,121.8378,-8.7601,58,3.1817
53090101a,Aimere,NTT,Nusa Tenggara Timur,Kab. Ngada,120.8581,-8.8108,0,0.041089
53090201a,Mataloko,NTT,Nusa Tenggara Timur,Kab. Ngada,121.0617,-8.8419,28,3.2705
53090601a,Bomari,NTT,Nusa Tenggara Timur,Kab. Ngada,120.9648,-8.8233,0,4.6862
53090602a,Bajawa,NTT,Nusa Tenggara Timur,Kab. Ngada,120.9711,-8.7973,3,1.4548
53090701a,Waepana,NTT,Nusa Tenggara Timur,Kab. Ngada,121.05,-8.52,0,0.04
53091401a,Wolomeze,NTT,Nusa Tenggara Timur,Kab. Ngada,121.0576,-8.6056,0,0
53091501a,Watukapu,NTT,Nusa Tenggara Timur,Kab. Ngada,120.9489,-8.677,0,0
53100502a,Iteng SPARC,NTT,Nusa Tenggara Timur,Kab. Manggarai,120.4132,-8.8159,32.5,0.49544
53100601a,Pagal,NTT,Nusa Tenggara Timur,Kab. Manggarai,120.4931,-8.5103,17,1.2337
53100602a,Gapong,NTT,Nusa Tenggara Timur,Kab. Manggarai,120.53,-8.53,10.5,1.0201
53101203a,Stamet Ruteng,NTT,Nusa Tenggara Timur,Kab. Manggarai,120.4775,-8.5975,83.6,1.2337
53110201a,Rambangaru,NTT,Nusa Tenggara Timur,Kab. Sumba Timur,120.0481,-9.4492,0,0.074858
53110501a,Malahar,NTT,Nusa Tenggara Timur,Kab. Sumba Timur,120.0703,-9.9486,0,0.281
53110801a,Melolo,NTT,Nusa Tenggara Timur,Kab. Sumba Timur,120.58,-9.79,5,0.20797
53110802a,Wanga,NTT,Nusa Tenggara Timur,Kab. Sumba Timur,120.5917,-9.7736,0,0.20797
53111002a,Palanggay,NTT,Nusa Tenggara Timur,Kab. Sumba Timur,120.64,-10.09,3.7,0
53111201a,Kananggar,NTT,Nusa Tenggara Timur,Kab. Sumba Timur,120.3711,-10.0439,0,0
53111301a,Nggongi,NTT,Nusa Tenggara Timur,Kab. Sumba Timur,120.2172,-10.1939,0,0.13678
53111401a,Kamanggih,NTT,Nusa Tenggara Timur,Kab. Sumba Timur,120.4806,-9.8947,0,0
53111501a,Tanarara,NTT,Nusa Tenggara Timur,Kab. Sumba Timur,120.2911,-10.0231,0,0
53111601a,Lambanapu,NTT,Nusa Tenggara Timur,Kab. Sumba Timur,120.2797,-9.7069,3.5,0
53111603a,Stamet Waingapu,NTT,Nusa Tenggara Timur,Kab. Sumba Timur,120.3,-9.6697,3.5,0.036651
53112001a,Kanatang,NTT,Nusa Tenggara Timur,Kab. Sumba Timur,120.1078,-9.4847,3,0.090877
53112101a,Praiwitu,NTT,Nusa Tenggara Timur,Kab. Sumba Timur,120.3503,-10.1772,8,0.12866
53121201a,Kabukarudi,NTT,Nusa Tenggara Timur,Kab. Sumba Barat,119.3672,-9.7258,15,0.052143
53121501a,Waikabubak,NTT,Nusa Tenggara Timur,Kab. Sumba Barat,119.45,-9.55,15,0.36088
53130102a,Nagawutung,NTT,Nusa Tenggara Timur,Kab. Lembata,123.3,-8.47,0,0
53130301a,Waipukang,NTT,Nusa Tenggara Timur,Kab. Lembata,123.5059,-8.4468,0,0
53130401a,Hadakewa,NTT,Nusa Tenggara Timur,Kab. Lembata,123.5516,-8.3709,0,0
53130501a,Lewoleba,NTT,Nusa Tenggara Timur,Kab. Lembata,123.4387,-8.4255,0,0
53130701a,Wairiang,NTT,Nusa Tenggara Timur,Kab. Lembata,123.8113,-8.2239,0,0
53130801a,Wulandoni,NTT,Nusa Tenggara Timur,Kab. Lembata,123.3819,-8.5102,0,0
53140101a,Batutua,NTT,Nusa Tenggara Timur,Kab. Rote Ndao,122.9798,-10.8619,15,0.11012
53140201a,Busalangga,NTT,Nusa Tenggara Timur,Kab. Rote Ndao,122.9979,-10.7995,0,0.097478
53140305a,Stamet Lekunik Rote,NTT,Nusa Tenggara Timur,Kab. Rote Ndao,123.0739,-10.7664,3.2,0.13593
53140403a,Feapopi,NTT,Nusa Tenggara Timur,Kab. Rote Ndao,123.1104,-10.6734,0,0
53140501a,Olafulihaa,NTT,Nusa Tenggara Timur,Kab. Rote Ndao,123.2298,-10.6467,7,0.037608
53140601a,Papela,NTT,Nusa Tenggara Timur,Kab. Rote Ndao,123.377,-10.6054,0,0.036783
53150201a,Ranggu,NTT,Nusa Tenggara Timur,Kab. Manggarai Barat,120.3108,-8.5683,21,2.0171
53150401a,Werang,NTT,Nusa Tenggara Timur,Kab. Manggarai Barat,120.0103,-8.6522,0,0.12907
53150503a,Stamet Komodo,NTT,Nusa Tenggara Timur,Kab. Manggarai Barat,119.8869,-8.4867,0,0
53160101a,Danga,NTT,Nusa Tenggara Timur,Kab. Nagekeo,121.275,-8.5569,0,0.032174
53160602a,Keo Tengah,NTT,Nusa Tenggara Timur,Kab. Nagekeo,121.29,-8.85,78,0.57831
53160701a,Rendu,NTT,Nusa Tenggara Timur,Kab. Nagekeo,121.174,-8.598,0,0.035327
53170101a,Waitabula,NTT,Nusa Tenggara Timur,Kab. Sumba Barat Daya,119.5447,-9.5957,0,0.37559
53180904a,Pos Met Tambolaka,NTT,Nusa Tenggara Timur,Kab. Sumba Barat Daya,119.2478,-9.4114,0.7,8.865
53190101a,Borong,NTT,Nusa Tenggara Timur,Kab. Manggarai Timur,120.6144,-8.8175,30.5,0.058204
53190201a,Mano,NTT,Nusa Tenggara Timur,Kab. Manggarai Timur,120.61,-8.48,10,0.82694
53190301a,Benteng Jawa,NTT,Nusa Tenggara Timur,Kab. Manggarai Timur,120.5736,-8.4556,40,0.68584
53190302a,Dampek/Lambaleda,NTT,Nusa Tenggara Timur,Kab. Manggarai Timur,120.522,-8.315,0,0.047505
53190603a,Po'ongruan,NTT,Nusa Tenggara Timur,Kab. Manggarai Timur,120.6722,-8.7584,7,0.60456
53190701a,Ranamese,NTT,Nusa Tenggara Timur,Kab. Manggarai Timur,120.523,-8.604,69,1.8947
53200104a,Stamet Tardamu Sabu,NTT,Nusa Tenggara Timur,Kab. Sabu Raijua,121.8458,-10.4922,0.8,0.066601
53200501a,Daieko,NTT,Nusa Tenggara Timur,Kab. Sabu Raijua,121.7594,-10.5419,13,0.20123
53211201a,Sulit Kereana,NTT,Nusa Tenggara Timur,Kab. Malaka,124.89,-9.49,14,0
53710102a,Manulai II,NTT,Nusa Tenggara Timur,Kota Kupang,123.5714,-10.2129,0,0
53710201a,Sikumana,NTT,Nusa Tenggara Timur,Kota Kupang,123.6125,-10.2183,0,0
53710202a,Fatubena,NTT,Nusa Tenggara Timur,Kota Kupang,123.65,-10.2,0,0
53710203a,Stamet El Tari,NTT,Nusa Tenggara Timur,Kota Kupang,123.6703,-10.1675,4.6,0
53710302a,Staklim Lasiana,NTT,Nusa Tenggara Timur,Kota Kupang,123.6669,-10.1389,1,0
53710401a,Bakunase,NTT,Nusa Tenggara Timur,Kota Kupang,123.5872,-10.1875,0,0
53710402a,Oepoi,NTT,Nusa Tenggara Timur,Kota Kupang,123.61,-10.32,0,0
53710501a,Mapoli,NTT,Nusa Tenggara Timur,Kota Kupang,123.5831,-10.1831,0,0
53710601a,Fatubesi,NTT,Nusa Tenggara Timur,Kota Kupang,123.5943,-10.1547,0,0
61010101a,Diperta Sambas,KALIMANTAN,Kalimantan Barat,Kab. Sambas,109.33,1.4407,186,87.4552
61010102a,Bpp Sambas,KALIMANTAN,Kalimantan Barat,Kab. Sambas,109.2691,1.3032,93,123.126
61010201a,Sekura,KALIMANTAN,Kalimantan Barat,Kab. Sambas,109.22,1.4698,137,99.0451
61010202a,Matang Segantar,KALIMANTAN,Kalimantan Barat,Kab. Sambas,109.21,1.5964,93,74.2067
61010301a,Jawai,KALIMANTAN,Kalimantan Barat,Kab. Sambas,109.05,1.3257,30,153.8725
61010401a,Tebas,KALIMANTAN,Kalimantan Barat,Kab. Sambas,109.1664,1.2014,106,144.7733
61010402a,Citrus Centre,KALIMANTAN,Kalimantan Barat,Kab. Sambas,109.0967,1.1941,195,220.4327
61010501a,Pemangkat,KALIMANTAN,Kalimantan Barat,Kab. Sambas,108.9837,1.1573,219,258.3442
61010601a,Sejangkung,KALIMANTAN,Kalimantan Barat,Kab. Sambas,109.3185,1.4189,192,87.4552
61010701a,Selakau,KALIMANTAN,Kalimantan Barat,Kab. Sambas,108.9694,1.0771,99.2,307.8978
61010702a,Semelagi,KALIMANTAN,Kalimantan Barat,Kab. Sambas,109.0559,0.92733,240,188.9791
61010801a,Stamet Paloh,KALIMANTAN,Kalimantan Barat,Kab. Sambas,109.3221,1.7374,151,57.4222
61011001a,Subah,KALIMANTAN,Kalimantan Barat,Kab. Sambas,109.5633,1.207,157,134.1614
61011201a,Tekarang,KALIMANTAN,Kalimantan Barat,Kab. Sambas,109.12,1.27,186,144.7733
61011301a,Semparuk,KALIMANTAN,Kalimantan Barat,Kab. Sambas,109.0753,1.1349,133,220.4327
61011501a,Sebawi,KALIMANTAN,Kalimantan Barat,Kab. Sambas,109.22,1.28,189,185.9007
61011601a,Jawai Selatan,KALIMANTAN,Kalimantan Barat,Kab. Sambas,109.0194,1.2667,106,200.3992
61011701a,Tangaran,KALIMANTAN,Kalimantan Barat,Kab. Sambas,109.1601,1.5443,167,76.8101
61011801a,Salatiga,KALIMANTAN,Kalimantan Barat,Kab. Sambas,109.0248,1.1162,163,220.4327
61020101a,Mempawah Hilir,KALIMANTAN,Kalimantan Barat,Kab. Mempawah,108.9553,0.36415,84,102.1061
61020701a,Peniraman,KALIMANTAN,Kalimantan Barat,Kab. Mempawah,109.1093,0.23106,119,85.9349
61020702a,Sei Pinyuh,KALIMANTAN,Kalimantan Barat,Kab. Mempawah,109.062,0.28307,188,77.454
61020801a,Staklim Mempawah,KALIMANTAN,Kalimantan Barat,Kab. Mempawah,109.1906,0.07528,126,103.4863
61021201a,Sei Kunyit,KALIMANTAN,Kalimantan Barat,Kab. Mempawah,108.9129,0.51403,114,104.8907
61021501a,Segedong,KALIMANTAN,Kalimantan Barat,Kab. Mempawah,109.1983,0.15779,125,110.5161
61021601a,Anjungan,KALIMANTAN,Kalimantan Barat,Kab. Mempawah,109.1691,0.36014,121,96.2636
61021701a,Sadaniang,KALIMANTAN,Kalimantan Barat,Kab. Mempawah,109.1385,0.5559,86,112.1062
61030101a,Sanggau Kapuas,KALIMANTAN,Kalimantan Barat,Kab. Sanggau,110.6215,0.12722,221,85.6527
61030102a,Penyeladi,KALIMANTAN,Kalimantan Barat,Kab. Sanggau,110.6953,0.06045,189,75.1274
61030401a,Jangkang,KALIMANTAN,Kalimantan Barat,Kab. Sanggau,111.1865,0.47017,203,31.7428
61030501a,Bonti,KALIMANTAN,Kalimantan Barat,Kab. Sanggau,110.6033,0.26833,145,104.1858
61030601a,Beduai,KALIMANTAN,Kalimantan Barat,Kab. Sanggau,110.39,0.70218,195,135.8106
61030801a,Kembayan,KALIMANTAN,Kalimantan Barat,Kab. Sanggau,110.3884,0.63416,156,134.5626
61030901a,Parindu,KALIMANTAN,Kalimantan Barat,Kab. Sanggau,110.3118,0.25597,268,93.3218
61030903a,Bodok,KALIMANTAN,Kalimantan Barat,Kab. Sanggau,110.4102,0.22817,182,107.5841
61031001a,Sosok,KALIMANTAN,Kalimantan Barat,Kab. Sanggau,110.2257,0.28877,286,93.8611
61031101a,Tayan Hilir,KALIMANTAN,Kalimantan Barat,Kab. Sanggau,110.1012,0.01698,112,90.2314
61031201a,Batang Tarang,KALIMANTAN,Kalimantan Barat,Kab. Sanggau,110.1197,0.1465,199,92.5763
61032101a,Entikong,KALIMANTAN,Kalimantan Barat,Kab. Sanggau,110.3985,0.88912,120,129.7788
61040101a,Tanjung Baik Budi,KALIMANTAN,Kalimantan Barat,Kab. Ketapang,110.0608,-1.4955,95,243.3293
61040201a,Marau,KALIMANTAN,Kalimantan Barat,Kab. Ketapang,110.6985,-2.135,111,75.9693
61040301a,Manis Mata,KALIMANTAN,Kalimantan Barat,Kab. Ketapang,111.0254,-2.4711,77,138.0171
61040401a,Kendawangan,KALIMANTAN,Kalimantan Barat,Kab. Ketapang,110.2168,-2.5162,86,105.0744
61040501a,Sandai,KALIMANTAN,Kalimantan Barat,Kab. Ketapang,110.5529,-1.2049,10,71.2968
61040701a,Sungai Laur,KALIMANTAN,Kalimantan Barat,Kab. Ketapang,110.4438,-0.952,76,47.5143
61040801a,Balai Berkuak,KALIMANTAN,Kalimantan Barat,Kab. Ketapang,110.4375,-0.6184,266,58.3719
61041101a,Nanga Tayap,KALIMANTAN,Kalimantan Barat,Kab. Ketapang,110.5667,-1.5602,86,73.2305
61041201a,Sei Besar,KALIMANTAN,Kalimantan Barat,Kab. Ketapang,110.0966,-1.962,32,61.2732
61041301a,Tumbang Titi,KALIMANTAN,Kalimantan Barat,Kab. Ketapang,110.6048,-1.8134,68,103.7718
61041601a,Diperta Ketapang (Delta Pawan),KALIMANTAN,Kalimantan Barat,Kab. Ketapang,109.9777,-1.8444,137,75.0387
61041602a,Stamet Rahadi Oesman,KALIMANTAN,Kalimantan Barat,Kab. Ketapang,109.9619,-1.8175,149,75.0387
61041701a,Muara Pawan,KALIMANTAN,Kalimantan Barat,Kab. Ketapang,109.9962,-1.7595,87,68.5431
61041901a,Hulu Sungai,KALIMANTAN,Kalimantan Barat,Kab. Ketapang,110.85,-0.952,127,78.3763
61050101a,Baning,KALIMANTAN,Kalimantan Barat,Kab. Sintang,111.5004,-0.06098,202,62.5604
61050201a,Paribang,KALIMANTAN,Kalimantan Barat,Kab. Sintang,111.3053,0.07612,142,49.3706
61050701a,Nanga Dedai,KALIMANTAN,Kalimantan Barat,Kab. Sintang,111.5667,-0.05,145,62.5604
61050801a,Nanga Mau,KALIMANTAN,Kalimantan Barat,Kab. Sintang,112.4863,0.05945,135,98.9916
61051401a,Nanga Serawai,KALIMANTAN,Kalimantan Barat,Kab. Sintang,112.3333,-0.05,164,154.6858
61051901a,Kelam Permai,KALIMANTAN,Kalimantan Barat,Kab. Sintang,111.653,0.05945,170,54.5554
61052001a,Sei Tabelian,KALIMANTAN,Kalimantan Barat,Kab. Sintang,111.4577,-0.11322,146,83.2631
61052002a,Stamet Susilo,KALIMANTAN,Kalimantan Barat,Kab. Sintang,111.4595,-0.04276,193,54.0172
61052101a,Mensiku Jaya,KALIMANTAN,Kalimantan Barat,Kab. Sintang,111.4704,0.20035,170,25.8862
61060301a,Jongkong,KALIMANTAN,Kalimantan Barat,Kab. Kapuas Hulu,112.28,0.66167,127,85.1904
61060401a,Benua Martinus,KALIMANTAN,Kalimantan Barat,Kab. Kapuas Hulu,112.4022,1.0975,201,119.2058
61060501a,Nanga Bunut,KALIMANTAN,Kalimantan Barat,Kab. Kapuas Hulu,112.5533,0.78917,270,92.9838
61060601a,Nanga Suruk,KALIMANTAN,Kalimantan Barat,Kab. Kapuas Hulu,112.6424,0.5029,75,73.5929
61060602a,Sungai Besar,KALIMANTAN,Kalimantan Barat,Kab. Kapuas Hulu,112.6329,0.46467,108,100.6715
61060801a,Nanga Tepuai,KALIMANTAN,Kalimantan Barat,Kab. Kapuas Hulu,112.29,0.38,131,24.8492
61060901a,Selimbau,KALIMANTAN,Kalimantan Barat,Kab. Kapuas Hulu,112.1208,0.59067,58,65.1109
61061001a,Semitau,KALIMANTAN,Kalimantan Barat,Kab. Kapuas Hulu,111.9983,0.49915,69,37.0079
61061101a,Sejiram,KALIMANTAN,Kalimantan Barat,Kab. Kapuas Hulu,112.0051,0.42662,202,46.6097
61061201a,Lanjak,KALIMANTAN,Kalimantan Barat,Kab. Kapuas Hulu,112.2284,0.0362,170,124.6411
61061601a,Silat Hulu,KALIMANTAN,Kalimantan Barat,Kab. Kapuas Hulu,111.9931,0.24806,67,16.9385
61061702a,Stamet Pangsuma,KALIMANTAN,Kalimantan Barat,Kab. Kapuas Hulu,112.9347,0.83895,242,122.1843
61062101a,Pengkadan,KALIMANTAN,Kalimantan Barat,Kab. Kapuas Hulu,112.3466,0.48859,204,37.8804
61070101a,Sungai Raya,KALIMANTAN,Kalimantan Barat,Kab. Bengkayang,108.9508,0.64663,118,117.4143
61070201a,Samalantan,KALIMANTAN,Kalimantan Barat,Kab. Bengkayang,109.2,0.8,296,171.4591
61070301a,Ledo,KALIMANTAN,Kalimantan Barat,Kab. Bengkayang,109.59,1.05,115,115.1865
61070401a,Bengkayang,KALIMANTAN,Kalimantan Barat,Kab. Bengkayang,109.49,0.82,177,137.6344
61070601a,Sanggau Ledo,KALIMANTAN,Kalimantan Barat,Kab. Bengkayang,109.6957,1.1376,80,124.4288
61070701a,Jagoi Babang,KALIMANTAN,Kalimantan Barat,Kab. Bengkayang,109.9346,1.3422,171,112.932
61070801a,Monterado,KALIMANTAN,Kalimantan Barat,Kab. Bengkayang,109.1174,0.8481,137,165.6747
61070901a,Teriak,KALIMANTAN,Kalimantan Barat,Kab. Bengkayang,109.5656,0.79,150,141.2878
61071601a,Kinande,KALIMANTAN,Kalimantan Barat,Kab. Bengkayang,109.2239,0.87405,233,160.7867
61080101a,Ngabang,KALIMANTAN,Kalimantan Barat,Kab. Landak,109.9578,0.38397,170,194.2793
61080201a,Karangan,KALIMANTAN,Kalimantan Barat,Kab. Landak,109.3839,0.57663,181,97.4831
61080301a,Menjalin,KALIMANTAN,Kalimantan Barat,Kab. Landak,109.3396,0.47276,155,99.889
61080401a,Mandor,KALIMANTAN,Kalimantan Barat,Kab. Landak,109.3373,0.31932,121,98.2454
61080501a,Serimbu,KALIMANTAN,Kalimantan Barat,Kab. Landak,110.1025,0.75246,154,123.4004
61080701a,Pahauman,KALIMANTAN,Kalimantan Barat,Kab. Landak,109.6642,0.3179,144,75.8185
61080702a,Senakin,KALIMANTAN,Kalimantan Barat,Kab. Landak,109.5609,0.3748,114,98.5823
61081301a,Sompak,KALIMANTAN,Kalimantan Barat,Kab. Landak,109.4858,0.49667,96,101.4485
61090101a,Sekadau Hilir,KALIMANTAN,Kalimantan Barat,Kab. Sekadau,110.8823,0.02058,167,63.5237
61090201a,Sekadau Hulu,KALIMANTAN,Kalimantan Barat,Kab. Sekadau,110.8805,-0.13187,161,69.6217
61090301a,Nanga Taman,KALIMANTAN,Kalimantan Barat,Kab. Sekadau,110.8219,-0.25992,163,72.7818
61090401a,Nanga Mahap,KALIMANTAN,Kalimantan Barat,Kab. Sekadau,110.763,-0.42663,163,90.3926
61090501a,Sei Ayak,KALIMANTAN,Kalimantan Barat,Kab. Sekadau,111.0701,0.10036,147,57.6673
61090601a,Balai Sepuak,KALIMANTAN,Kalimantan Barat,Kab. Sekadau,111.2074,0.4422,147,33.1365
61090701a,Belitang,KALIMANTAN,Kalimantan Barat,Kab. Sekadau,111.1832,0.25026,175,35.7927
61100201a,Sidomulyo,KALIMANTAN,Kalimantan Barat,Kab. Melawi,111.7409,-0.34109,180,135.8959
61100202a,Stamet Nanga Pinoh,KALIMANTAN,Kalimantan Barat,Kab. Melawi,111.7505,-0.34771,217,135.8959
61100301a,Ela Hilir,KALIMANTAN,Kalimantan Barat,Kab. Melawi,111.9863,-0.46243,171,160.7257
61100501a,Nanga Sayan,KALIMANTAN,Kalimantan Barat,Kab. Melawi,111.7058,-0.69087,391,94.778
61100601a,Kota Baru,KALIMANTAN,Kalimantan Barat,Kab. Melawi,111.5667,-0.81667,156,92.6997
61110101a,Sukadana,KALIMANTAN,Kalimantan Barat,Kab. Kayong Utara,110.07,-1.34,68,79.6279
61110201a,Teluk Melano,KALIMANTAN,Kalimantan Barat,Kab. Kayong Utara,109.9656,-1.1,194,79.4635
61110301a,Sei Paduan,KALIMANTAN,Kalimantan Barat,Kab. Kayong Utara,109.7896,-1.0123,134,130.3712
61110401a,Tanjung Satai,KALIMANTAN,Kalimantan Barat,Kab. Kayong Utara,109.6855,-1.1877,106,110.9957
61110501a,Seponti,KALIMANTAN,Kalimantan Barat,Kab. Kayong Utara,109.8935,-0.8847,185,118.9593
61120101a,Sei Raya,KALIMANTAN,Kalimantan Barat,Kab. Kubu Raya,109.3631,-0.09261,133,154.7176
61120102a,Stamet Supadio,KALIMANTAN,Kalimantan Barat,Kab. Kubu Raya,109.4027,-0.14201,139,168.3951
61120201a,Kuala Mandor,KALIMANTAN,Kalimantan Barat,Kab. Kubu Raya,109.5217,-0.02676,455,148.6091
61120301a,Sei Ambawang,KALIMANTAN,Kalimantan Barat,Kab. Kubu Raya,109.4657,-0.04083,141,133.4405
61120401a,Terentang,KALIMANTAN,Kalimantan Barat,Kab. Kubu Raya,109.6312,-0.40909,146,218.3341
61120601a,Kubu,KALIMANTAN,Kalimantan Barat,Kab. Kubu Raya,109.3912,-0.47077,250,235.8298
61120701a,Rasau Jaya,KALIMANTAN,Kalimantan Barat,Kab. Kubu Raya,109.3554,-0.24233,126,237.8484
61120801a,Teluk Pakedai,KALIMANTAN,Kalimantan Barat,Kab. Kubu Raya,109.2414,-0.26077,57,198.2513
61120902a,Lab Sei Kakap,KALIMANTAN,Kalimantan Barat,Kab. Kubu Raya,109.2301,-0.06377,147,134.9612
61710401a,Siantan Hulu,KALIMANTAN,Kalimantan Barat,Kota Pontianak,109.2743,0.01665,140,121.7023
61710501a,Stamar Pontianak,KALIMANTAN,Kalimantan Barat,Kota Pontianak,109.3378,-0.02028,102,154.7176
61720101a,Singkawang Tengah,KALIMANTAN,Kalimantan Barat,Kota Singkawang,108.9958,0.93043,134,198.2015
61720201a,Singkawang Barat,KALIMANTAN,Kalimantan Barat,Kota Singkawang,108.9677,0.89202,162,126.2838
61720301a,Singkawang Timur,KALIMANTAN,Kalimantan Barat,Kota Singkawang,109.0515,0.87818,150,145.0952
61720401a,Singkawang Utara,KALIMANTAN,Kalimantan Barat,Kota Singkawang,109.0159,0.94418,89,188.9791
61720501a,Singkawang Selatan,KALIMANTAN,Kalimantan Barat,Kota Singkawang,108.9567,0.87878,175,126.2838
62010103a,Kumai Seberang,KALIMANTAN,Kalimantan Tengah,Kab. Kotawaringin Barat,111.7152,-2.7599,97,137.1437
62010201a,Pasir Panjang POPT,KALIMANTAN,Kalimantan Tengah,Kab. Kotawaringin Barat,111.6737,-2.6666,83,142.2194
62010203a,Pasir Panjang BPP,KALIMANTAN,Kalimantan Tengah,Kab. Kotawaringin Barat,111.6711,-2.6665,128,142.2194
62010204a,Stamet Iskandar,KALIMANTAN,Kalimantan Tengah,Kab. Kotawaringin Barat,111.6697,-2.7044,97.6,132.831
62010301a,Riam Durian,KALIMANTAN,Kalimantan Tengah,Kab. Kotawaringin Barat,111.336,-2.4258,69,181.1217
62010401a,Pangkut,KALIMANTAN,Kalimantan Tengah,Kab. Kotawaringin Barat,111.9422,-2.1956,120.4,125.2055
62010501a,Sumber Agung,KALIMANTAN,Kalimantan Tengah,Kab. Kotawaringin Barat,111.7377,-2.5754,43,110.7893
62010601a,Karang Mulya,KALIMANTAN,Kalimantan Tengah,Kab. Kotawaringin Barat,111.9041,-2.4921,154,88.7017
62010603a,Berambai Makmur,KALIMANTAN,Kalimantan Tengah,Kab. Kotawaringin Barat,111.7377,-2.5326,116,110.7893
62020101a,Kota Besi,KALIMANTAN,Kalimantan Tengah,Kab. Kotawaringin Timur,112.9901,-2.3955,219,85.7827
62020201a,Lubuk Bunter,KALIMANTAN,Kalimantan Tengah,Kab. Kotawaringin Timur,113.0067,-2.3115,174,65.35
62020301a,Kuala Kuayan,KALIMANTAN,Kalimantan Tengah,Kab. Kotawaringin Timur,112.509,-1.9651,144,111.2198
62020501a,Baamang Tengah,KALIMANTAN,Kalimantan Tengah,Kab. Kotawaringin Timur,112.8882,-2.5347,184,121.8814
62020504a,Stamet H. Asan,KALIMANTAN,Kalimantan Tengah,Kab. Kotawaringin Timur,112.93,-2.55,186.2,96.8095
62020601a,Pelangsian,KALIMANTAN,Kalimantan Tengah,Kab. Kotawaringin Timur,112.9551,-2.6058,155,106.8917
62020801a,Perumnas Km. 2,KALIMANTAN,Kalimantan Tengah,Kab. Kotawaringin Timur,112.9509,-2.8638,85,89.4964
62020901a,Bapinang Hulu,KALIMANTAN,Kalimantan Tengah,Kab. Kotawaringin Timur,112.9667,-2.8128,53,89.4964
62021102a,Teluk Sampit,KALIMANTAN,Kalimantan Tengah,Kab. Kotawaringin Timur,112.9254,-3.0114,355,85.7508
62030102a,Selat Tengah,KALIMANTAN,Kalimantan Tengah,Kab. Kapuas,114.3925,-2.9992,111,81.4334
62030201a,Mambulau,KALIMANTAN,Kalimantan Tengah,Kab. Kapuas,114.4042,-3.0272,130.7,82.025
62030302a,Kapuas Timur,KALIMANTAN,Kalimantan Tengah,Kab. Kapuas,114.4416,-3.0772,105,82.025
62030402a,Tamban Lupak,KALIMANTAN,Kalimantan Tengah,Kab. Kapuas,114.3254,-3.2973,26,48.5858
62030502a,Sei Pitung,KALIMANTAN,Kalimantan Tengah,Kab. Kapuas,114.3608,-2.835,21,87.2634
62030601a,Pulau Petak,KALIMANTAN,Kalimantan Tengah,Kab. Kapuas,114.4853,-2.9099,251,113.1655
62030603a,Anjir Palambang,KALIMANTAN,Kalimantan Tengah,Kab. Kapuas,114.5034,-2.8574,117,77.49
62030701a,Dadahup,KALIMANTAN,Kalimantan Tengah,Kab. Kapuas,114.669,-2.6748,59,45.4046
62030704a,Mampai,KALIMANTAN,Kalimantan Tengah,Kab. Kapuas,114.561,-2.8112,39,77.49
62030801a,Basarang,KALIMANTAN,Kalimantan Tengah,Kab. Kapuas,114.3334,-2.9801,64,81.4334
62030802a,Bataguh,KALIMANTAN,Kalimantan Tengah,Kab. Kapuas,114.2333,-3.2408,62,46.6155
62031301a,Tamban Catur,KALIMANTAN,Kalimantan Tengah,Kab. Kapuas,114.504,-2.6347,77,46.4996
62040201a,Dusun Hilir,KALIMANTAN,Kalimantan Tengah,Kab. Barito Selatan,114.8486,-2.2142,67,61.7246
62040301a,Bangkuang,KALIMANTAN,Kalimantan Tengah,Kab. Barito Selatan,114.8982,-2.0346,60,73.9688
62040302a,Karau Kuala,KALIMANTAN,Kalimantan Tengah,Kab. Barito Selatan,114.8497,-1.9983,27,66.9304
62040401a,Dusun Utara,KALIMANTAN,Kalimantan Tengah,Kab. Barito Selatan,114.8723,-1.5108,74,26.8262
62040501a,Tabak Kanilan,KALIMANTAN,Kalimantan Tengah,Kab. Barito Selatan,115.0527,-1.5536,31,48.3955
62040601a,Buntok,KALIMANTAN,Kalimantan Tengah,Kab. Barito Selatan,114.8458,-1.7098,33,54.3665
62040603a,Dusun Selatan,KALIMANTAN,Kalimantan Tengah,Kab. Barito Selatan,114.8169,-1.6098,29,49.8308
62040604a,Mabuan,KALIMANTAN,Kalimantan Tengah,Kab. Barito Selatan,114.8135,-1.6708,56,49.8308
62040605a,Stamet Sanggu,KALIMANTAN,Kalimantan Tengah,Kab. Barito Selatan,114.8969,-1.6692,66.3,49.8308
62050101a,Montallat,KALIMANTAN,Kalimantan Tengah,Kab. Barito Utara,114.9169,-1.3167,79.5,32.4757
62050201a,Kandui,KALIMANTAN,Kalimantan Tengah,Kab. Barito Utara,115.1206,-1.2565,17,121.9665
62050501a,Teweh Tengah,KALIMANTAN,Kalimantan Tengah,Kab. Barito Utara,114.8937,-0.96193,89,46.3313
62050502a,Stamet Beringin,KALIMANTAN,Kalimantan Tengah,Kab. Barito Utara,114.8961,-0.94167,104,46.3313
62060201a,Kasongan,KALIMANTAN,Kalimantan Tengah,Kab. Katingan,113.3804,-1.915,79.7,106.1746
62060301a,Pendahara,KALIMANTAN,Kalimantan Tengah,Kab. Katingan,113.2912,-1.7657,99.7,81.782
62060401a,Pulau Malan,KALIMANTAN,Kalimantan Tengah,Kab. Katingan,113.2489,-1.679,124,71.0353
62060502a,Tumbang Samba,KALIMANTAN,Kalimantan Tengah,Kab. Katingan,113.0749,-1.4202,105,105.0955
62061001a,Pagatan,KALIMANTAN,Kalimantan Tengah,Kab. Katingan,113.3448,-3.1797,0,21.923
62070101a,Seruyan Hilir,KALIMANTAN,Kalimantan Tengah,Kab. Seruyan,112.5442,-3.4075,105.5,109.6687
62070102a,Hanau,KALIMANTAN,Kalimantan Tengah,Kab. Seruyan,112.0953,-2.5373,340,94.6355
62070202a,Rantau Pulut,KALIMANTAN,Kalimantan Tengah,Kab. Seruyan,112.114,-1.9212,234.2,159.2382
62080101a,Sukamara,KALIMANTAN,Kalimantan Tengah,Kab. Sukamara,111.2368,-2.6267,36,131.6553
62080102a,Jelai,KALIMANTAN,Kalimantan Tengah,Kab. Sukamara,110.8601,-2.9019,328,59.9925
62080301a,Balai Riam,KALIMANTAN,Kalimantan Tengah,Kab. Sukamara,111.2119,-2.3522,21.5,207.1685
62090301a,Bumi Agung,KALIMANTAN,Kalimantan Tengah,Kab. Lamandau,111.43,-2.1605,95.5,191.5577
62090302a,Bulik,KALIMANTAN,Kalimantan Tengah,Kab. Lamandau,111.4159,-2.1847,105,191.5577
62090601a,Sematu Jaya,KALIMANTAN,Kalimantan Tengah,Kab. Lamandau,111.53,-2.2075,221.3,148.5628
62100201a,Kuala Kurun,KALIMANTAN,Kalimantan Tengah,Kab. Gunung Mas,113.8783,-1.1058,444,174.1653
62100301a,Tewah,KALIMANTAN,Kalimantan Tengah,Kab. Gunung Mas,113.7,-1.0788,121,178.9545
62100501a,Jakatan Raya,KALIMANTAN,Kalimantan Tengah,Kab. Gunung Mas,113.57,-1.2981,227,193.7447
62100601a,Takaras,KALIMANTAN,Kalimantan Tengah,Kab. Gunung Mas,113.045,-1.3614,62.8,237.4984
62100701a,Kampuri,KALIMANTAN,Kalimantan Tengah,Kab. Gunung Mas,113.9189,-1.3633,241,208.9572
62110101a,Blanti Siam,KALIMANTAN,Kalimantan Tengah,Kab. Pulang Pisau,114.1922,-3.1347,16,62.548
62110102a,Jabiren,KALIMANTAN,Kalimantan Tengah,Kab. Pulang Pisau,114.192,-2.5524,20,57.3367
62110103a,Talio Hulu,KALIMANTAN,Kalimantan Tengah,Kab. Pulang Pisau,114.0902,-3.0873,30,72.2551
62110301a,Tuwung,KALIMANTAN,Kalimantan Tengah,Kab. Pulang Pisau,113.9417,-2.0486,56,86.1026
62110501a,Pulang Pisau,KALIMANTAN,Kalimantan Tengah,Kab. Pulang Pisau,114.2692,-2.7984,36,64.9891
62110502a,Buntoi,KALIMANTAN,Kalimantan Tengah,Kab. Pulang Pisau,114.2006,-2.8064,32,86.6928
62110601a,Tahai Baru,KALIMANTAN,Kalimantan Tengah,Kab. Pulang Pisau,114.1454,-2.935,42,74.7617
62120101a,Beriwit,KALIMANTAN,Kalimantan Tengah,Kab. Murung Raya,114.5679,-0.63985,329,92.4704
62120401a,Tumbang Lahung,KALIMANTAN,Kalimantan Tengah,Kab. Murung Raya,114.2953,-0.69962,220,99.9432
62130201a,Benua Lima,KALIMANTAN,Kalimantan Tengah,Kab. Barito Timur,115.1178,-2.246,4,57.0016
62130301a,Bentot,KALIMANTAN,Kalimantan Tengah,Kab. Barito Timur,115.3361,-2.0616,43.5,28.9022
62130401a,Hayaping,KALIMANTAN,Kalimantan Tengah,Kab. Barito Timur,115.245,-1.9769,65,41.7459
62130502a,Ampah,KALIMANTAN,Kalimantan Tengah,Kab. Barito Timur,115.1648,-1.8102,43,118.311
62130601a,Bambulung,KALIMANTAN,Kalimantan Tengah,Kab. Barito Timur,115.0574,-1.8024,26,121.1617
62130801a,Raren Batuah,KALIMANTAN,Kalimantan Tengah,Kab. Barito Timur,115.1875,-1.72,29,98.7538
62130901a,Paku,KALIMANTAN,Kalimantan Tengah,Kab. Barito Timur,115.1315,-1.9148,97.6,51.3822
62710103a,Stamet Tjilik Riwut,KALIMANTAN,Kalimantan Tengah,Kota Palangkaraya,113.9461,-2.2269,43.2,68.8097
62710202a,Tangkiling,KALIMANTAN,Kalimantan Tengah,Kota Palangkaraya,113.7605,-2.0041,225.4,85.2985
62710301a,Bukit Tunggal,KALIMANTAN,Kalimantan Tengah,Kota Palangkaraya,113.8736,-2.1717,58.5,72.4759
62710401a,Kalampangan,KALIMANTAN,Kalimantan Tengah,Kota Palangkaraya,114.01,-2.279,17,70.1402
62710501a,Rakumpit,KALIMANTAN,Kalimantan Tengah,Kota Palangkaraya,113.6759,-1.7174,88,109.4884
63010101a,Gunung Makmur,KALIMANTAN,Kalimantan Selatan,Kab. Tanah Laut,114.6446,-3.8864,93.5,167.2782
63010201a,Jorong,KALIMANTAN,Kalimantan Selatan,Kab. Tanah Laut,114.9232,-3.9628,192,127.5788
63010301f,SMPK Pelaihari,KALIMANTAN,Kalimantan Selatan,Kab. Tanah Laut,114.781,-3.798,140,303.4289
63010302a,Pabahanan,KALIMANTAN,Kalimantan Selatan,Kab. Tanah Laut,114.7687,-3.7709,152.5,303.4289
63010303f,SMPK Telaga,KALIMANTAN,Kalimantan Selatan,Kab. Tanah Laut,114.7189,-3.8342,82.5,211.7043
63010401a,Maluka Baulin,KALIMANTAN,Kalimantan Selatan,Kab. Tanah Laut,114.646,-3.683,31,254.8114
63010501a,Ujung,KALIMANTAN,Kalimantan Selatan,Kab. Tanah Laut,114.7043,-3.5971,116.9,518.031
63010601a,Suka Ramah,KALIMANTAN,Kalimantan Selatan,Kab. Tanah Laut,114.7719,-3.9465,240,197.5807
63010701a,Kebun Raya,KALIMANTAN,Kalimantan Selatan,Kab. Tanah Laut,115.2898,-3.862,215,67.097
63010801a,Pulau Sari,KALIMANTAN,Kalimantan Selatan,Kab. Tanah Laut,114.7079,-3.6675,90,313.1116
63010901a,Batu Ampar,KALIMANTAN,Kalimantan Selatan,Kab. Tanah Laut,114.8236,-3.886,242.5,325.8425
63011001a,Bajuin,KALIMANTAN,Kalimantan Selatan,Kab. Tanah Laut,114.8359,-3.7535,73.8,364.9333
63011101a,Handil Gayam,KALIMANTAN,Kalimantan Selatan,Kab. Tanah Laut,114.6231,-3.5684,59.5,557.7191
63020201a,Lontar,KALIMANTAN,Kalimantan Selatan,Kab. Kotabaru,116.069,-3.95,133.5,37.5729
63020301a,Tanjung Seloka,KALIMANTAN,Kalimantan Selatan,Kab. Kotabaru,116.2947,-3.8696,39,35.7884
63020401a,Langkang Lama,KALIMANTAN,Kalimantan Selatan,Kab. Kotabaru,116.238,-3.384,84.5,68.8162
63020601a,Gunung Ulin,KALIMANTAN,Kalimantan Selatan,Kab. Kotabaru,116.216,-3.252,154.5,66.8352
63020602a,Stamet Stagen,KALIMANTAN,Kalimantan Selatan,Kab. Kotabaru,116.167,-3.299,215,59.8126
63020701a,Pantai,KALIMANTAN,Kalimantan Selatan,Kab. Kotabaru,116.1339,-3.1385,37,71.1
63020702a,Bumi Asih,KALIMANTAN,Kalimantan Selatan,Kab. Kotabaru,116.183,-3.1154,66.5,71.1
63020802a,Karang Payau,KALIMANTAN,Kalimantan Selatan,Kab. Kotabaru,116.0085,-3.034,106.5,71.4229
63020901a,Senakin,KALIMANTAN,Kalimantan Selatan,Kab. Kotabaru,116.2833,-2.9667,172,52.0138
63021001a,Pudi Seberang,KALIMANTAN,Kalimantan Selatan,Kab. Kotabaru,116.34,-2.88,121,40.9636
63021101a,Sekandis,KALIMANTAN,Kalimantan Selatan,Kab. Kotabaru,116.34,-2.75,67,30.4327
63021201a,Sampanahan,KALIMANTAN,Kalimantan Selatan,Kab. Kotabaru,116.27,-2.56,71.5,30.4426
63021301a,Bakau,KALIMANTAN,Kalimantan Selatan,Kab. Kotabaru,116.2557,-2.3866,98,18.3819
63021401a,Hampang,KALIMANTAN,Kalimantan Selatan,Kab. Kotabaru,115.8374,-2.9205,5,136.3446
63021501a,Manunggal Lama,KALIMANTAN,Kalimantan Selatan,Kab. Kotabaru,116.1622,-2.5116,61,26.1503
63021601a,Tanjung Serdang,KALIMANTAN,Kalimantan Selatan,Kab. Kotabaru,116.0326,-3.2871,81.5,67.4366
63021701a,Serongga,KALIMANTAN,Kalimantan Selatan,Kab. Kotabaru,115.9821,-3.1813,124.9,53.9843
63021801a,Siayuh,KALIMANTAN,Kalimantan Selatan,Kab. Kotabaru,116.0748,-2.7881,62,64.812
63021901a,Sengayam,KALIMANTAN,Kalimantan Selatan,Kab. Kotabaru,116.0105,-2.3389,37,44.5737
63022001a,Tanjung Lala,KALIMANTAN,Kalimantan Selatan,Kab. Kotabaru,116.193,-3.981,151,26.717
63022101a,Bangun Rejo,KALIMANTAN,Kalimantan Selatan,Kab. Kotabaru,116.1116,-3.963,120,26.717
63030201a,Manarap Baru,KALIMANTAN,Kalimantan Selatan,Kab. Banjar,114.663,-3.366,59,130.4643
63030301a,Kayu Bawang,KALIMANTAN,Kalimantan Selatan,Kab. Banjar,114.6456,-3.4386,23,336.6062
63030401f,SMPK Sei Tabuk,KALIMANTAN,Kalimantan Selatan,Kab. Banjar,114.6818,-3.3265,79.1,130.4643
63030501a,Martapura Kota,KALIMANTAN,Kalimantan Selatan,Kab. Banjar,114.8512,-3.4143,106,562.6875
63030701a,Kelampaian Tengah,KALIMANTAN,Kalimantan Selatan,Kab. Banjar,114.8646,-3.3605,128,185.6483
63030702a,Atayo,KALIMANTAN,Kalimantan Selatan,Kab. Banjar,114.9362,-3.3809,102.5,156.5499
63030703a,Gunung Sari,KALIMANTAN,Kalimantan Selatan,Kab. Banjar,114.9674,-3.3493,137,156.5499
63030801a,Batu Balian,KALIMANTAN,Kalimantan Selatan,Kab. Banjar,115.0601,-3.2259,65,112.4581
63030901a,Pengaron,KALIMANTAN,Kalimantan Selatan,Kab. Banjar,115.0944,-3.2844,196.7,112.4581
63031001a,Rantau Nangka,KALIMANTAN,Kalimantan Selatan,Kab. Banjar,115.2212,-3.2062,84,119.5883
63031201a,Mataraman,KALIMANTAN,Kalimantan Selatan,Kab. Banjar,114.9743,-3.3262,41,156.5499
63031203a,Atanik,KALIMANTAN,Kalimantan Selatan,Kab. Banjar,114.9483,-3.3,102,156.5499
63031204a,C.Kantor/ Bawahan Selan,KALIMANTAN,Kalimantan Selatan,Kab. Banjar,114.9496,-3.3199,119,156.5499
63031205a,Tanjung Baru,KALIMANTAN,Kalimantan Selatan,Kab. Banjar,115.0374,-3.3624,125,130.0465
63031208a,Umbul,KALIMANTAN,Kalimantan Selatan,Kab. Banjar,115.0019,-3.2873,132.1,112.4581
63031301a,Kampung Baru,KALIMANTAN,Kalimantan Selatan,Kab. Banjar,114.6225,-3.5009,14,557.7191
63031601a,Madurejo,KALIMANTAN,Kalimantan Selatan,Kab. Banjar,115.0972,-3.2529,45,112.4581
63031901a,Pandan Sari,KALIMANTAN,Kalimantan Selatan,Kab. Banjar,114.5776,-3.3887,77.5,72.441
63040101a,Tabunganen Pemurus,KALIMANTAN,Kalimantan Selatan,Kab. Barito Kuala,114.4837,-3.3716,7.5,64.0859
63040201a,Koanda,KALIMANTAN,Kalimantan Selatan,Kab. Barito Kuala,114.458,-3.3302,25.4,64.0859
63040301a,Anjir Pasar Kota,KALIMANTAN,Kalimantan Selatan,Kab. Barito Kuala,114.506,-3.149,54.1,70.6401
63040401a,Anjir Muara Kota Tengah,KALIMANTAN,Kalimantan Selatan,Kab. Barito Kuala,114.5357,-3.1883,19,70.6401
63040501a,Panca Karya,KALIMANTAN,Kalimantan Selatan,Kab. Barito Kuala,114.6208,-3.249,26,110.5855
63040601a,Karang Indah,KALIMANTAN,Kalimantan Selatan,Kab. Barito Kuala,114.6598,-3.1608,69,86.7983
63040701a,Sei Bamban,KALIMANTAN,Kalimantan Selatan,Kab. Barito Kuala,114.7135,-3.07,79.4,141.5949
63040801a,Karang Dukuh,KALIMANTAN,Kalimantan Selatan,Kab. Barito Kuala,114.633,-3.15,38.5,86.7983
63040901a,Sawahan,KALIMANTAN,Kalimantan Selatan,Kab. Barito Kuala,114.8171,-3.0419,109,145.4739
63041001a,Lepasan,KALIMANTAN,Kalimantan Selatan,Kab. Barito Kuala,114.767,-2.983,98,61.4796
63041201a,Karya Makmur,KALIMANTAN,Kalimantan Selatan,Kab. Barito Kuala,114.6456,-2.8203,33,60.6869
63041301a,Tamban Raya Baru,KALIMANTAN,Kalimantan Selatan,Kab. Barito Kuala,114.4398,-3.2903,62.1,54.03
63041401a,Kolam Kanan,KALIMANTAN,Kalimantan Selatan,Kab. Barito Kuala,114.6892,-3.0251,117,110.3838
63041501a,Marabahan Kota,KALIMANTAN,Kalimantan Selatan,Kab. Barito Kuala,114.7351,-2.9823,131.8,61.4796
63041601a,Kolam Kiri,KALIMANTAN,Kalimantan Selatan,Kab. Barito Kuala,114.6177,-3.0647,121,110.3838
63041701a,Sampurna,KALIMANTAN,Kalimantan Selatan,Kab. Barito Kuala,114.7328,-3.1797,73,117.9806
63050101a,Pulau Pinang,KALIMANTAN,Kalimantan Selatan,Kab. Tapin,115.0888,-3.0953,106,89.7335
63050201a,Crf Tambarangan,KALIMANTAN,Kalimantan Selatan,Kab. Tapin,115.1409,-3.0055,49,92.7337
63050202a,Harapan Masa,KALIMANTAN,Kalimantan Selatan,Kab. Tapin,115.147,-2.9876,40,111.074
63050301a,Andhika,KALIMANTAN,Kalimantan Selatan,Kab. Tapin,115.113,-2.978,14,111.074
63050401a,Rantau Kiwa,KALIMANTAN,Kalimantan Selatan,Kab. Tapin,115.1686,-2.9307,56,111.074
63050501a,Baringin,KALIMANTAN,Kalimantan Selatan,Kab. Tapin,114.9503,-2.8835,6,28.624
63050701a,Masta,KALIMANTAN,Kalimantan Selatan,Kab. Tapin,115.0894,-2.8592,19,49.3416
63050901a,Bungur,KALIMANTAN,Kalimantan Selatan,Kab. Tapin,115.1457,-2.9726,40,111.074
63051001a,Lok Paikat,KALIMANTAN,Kalimantan Selatan,Kab. Tapin,115.1868,-2.9102,96,111.074
63051201a,Hatungun,KALIMANTAN,Kalimantan Selatan,Kab. Tapin,115.1653,-3.1411,88.5,83.7691
63060101f,SMPK Sungai Raya,KALIMANTAN,Kalimantan Selatan,Kab. Hulu Sungai Selatan,115.2403,-2.8552,107.5,49.7641
63060103a,Asam,KALIMANTAN,Kalimantan Selatan,Kab. Hulu Sungai Selatan,115.1835,-2.8445,73,46.3654
63060201a,Durian Rabung,KALIMANTAN,Kalimantan Selatan,Kab. Hulu Sungai Selatan,115.2983,-2.823,86,49.7641
63060301a,Mandala,KALIMANTAN,Kalimantan Selatan,Kab. Hulu Sungai Selatan,115.3379,-2.7305,90,47.6817
63060302a,Gumbil,KALIMANTAN,Kalimantan Selatan,Kab. Hulu Sungai Selatan,115.3404,-2.7131,80,47.6817
63060401a,Bamban Selatan,KALIMANTAN,Kalimantan Selatan,Kab. Hulu Sungai Selatan,115.3007,-2.7122,100,47.6817
63060501a,Sungai Kupang,KALIMANTAN,Kalimantan Selatan,Kab. Hulu Sungai Selatan,115.2248,-2.7223,83,42.0419
63060601a,Wasah Hulu,KALIMANTAN,Kalimantan Selatan,Kab. Hulu Sungai Selatan,115.2273,-2.7957,153.9,42.0419
63060701a,Muning Tengah,KALIMANTAN,Kalimantan Selatan,Kab. Hulu Sungai Selatan,115.127,-2.6489,38,27.5456
63060801a,Taluk Labak,KALIMANTAN,Kalimantan Selatan,Kab. Hulu Sungai Selatan,115.1076,-2.5979,76,34.0723
63060901a,Tambingkar,KALIMANTAN,Kalimantan Selatan,Kab. Hulu Sungai Selatan,115.1661,-2.8203,24.5,46.3654
63061001a,Lumpangi,KALIMANTAN,Kalimantan Selatan,Kab. Hulu Sungai Selatan,115.4143,-2.8133,115,52.9654
63070201a,Pagat,KALIMANTAN,Kalimantan Selatan,Kab. Hulu Sungai Tengah,115.4335,-2.6361,101,59.2006
63070301f,SMPK Pantai Hambawang,KALIMANTAN,Kalimantan Selatan,Kab. Hulu Sungai Tengah,115.3367,-2.6379,91,50.7746
63070401a,Kasarangan,KALIMANTAN,Kalimantan Selatan,Kab. Hulu Sungai Tengah,115.2985,-2.6246,44,40.6237
63070402a,Samhurang,KALIMANTAN,Kalimantan Selatan,Kab. Hulu Sungai Tengah,115.2561,-2.6213,25,40.6237
63070501a,Pandawan,KALIMANTAN,Kalimantan Selatan,Kab. Hulu Sungai Tengah,115.3339,-2.538,87,46.0489
63070601a,Mandingin,KALIMANTAN,Kalimantan Selatan,Kab. Hulu Sungai Tengah,115.4076,-2.577,140,45.9712
63070701a,Kapar,KALIMANTAN,Kalimantan Selatan,Kab. Hulu Sungai Tengah,115.426,-2.552,73,45.9712
63070802f,SMPK Batang Alai Utara,KALIMANTAN,Kalimantan Selatan,Kab. Hulu Sungai Tengah,115.4165,-2.5025,68.5,45.9712
63070901a,Hantakan,KALIMANTAN,Kalimantan Selatan,Kab. Hulu Sungai Tengah,115.447,-2.642,99,59.2006
63071101a,Pauh,KALIMANTAN,Kalimantan Selatan,Kab. Hulu Sungai Tengah,115.4833,-2.4994,109,50.0777
63080101a,Danau Panggang,KALIMANTAN,Kalimantan Selatan,Kab. Hulu Sungai Utara,115.105,-2.463,28.5,41.855
63080201a,Babirik Hilir,KALIMANTAN,Kalimantan Selatan,Kab. Hulu Sungai Utara,115.1382,-2.5392,213,34.0723
63080301a,Banua Tajun Pangkalan,KALIMANTAN,Kalimantan Selatan,Kab. Hulu Sungai Utara,115.2215,-2.4592,18,47.3586
63080401a,Kotaraja,KALIMANTAN,Kalimantan Selatan,Kab. Hulu Sungai Utara,115.2389,-2.4306,26,47.3586
63080501a,Pasar Senin,KALIMANTAN,Kalimantan Selatan,Kab. Hulu Sungai Utara,115.2473,-2.454,35,47.3586
63080601a,Teluk Daun,KALIMANTAN,Kalimantan Selatan,Kab. Hulu Sungai Utara,115.2961,-2.3806,93,47.8826
63080701a,Banjang,KALIMANTAN,Kalimantan Selatan,Kab. Hulu Sungai Utara,115.3146,-2.4071,41,44.78
63081001a,Sungai Tabukan,KALIMANTAN,Kalimantan Selatan,Kab. Hulu Sungai Utara,115.2042,-2.4577,35,47.3586
63090101a,Banua Rantau,KALIMANTAN,Kalimantan Selatan,Kab. Tabalong,115.2754,-2.3131,40,47.8826
63090201a,Pulau,KALIMANTAN,Kalimantan Selatan,Kab. Tabalong,115.2978,-2.2724,71.5,51.5014
63090301a,Tanta,KALIMANTAN,Kalimantan Selatan,Kab. Tabalong,115.3321,-2.2082,60,43.022
63090302a,Tamiyang,KALIMANTAN,Kalimantan Selatan,Kab. Tabalong,116.3125,-2.3676,102,20.3239
63090401a,Hikun,KALIMANTAN,Kalimantan Selatan,Kab. Tabalong,115.3904,-2.1348,39,40.3241
63090501a,Kembang Kuning,KALIMANTAN,Kalimantan Selatan,Kab. Tabalong,115.518,-2.573,46,49.6737
63090601a,Maburai,KALIMANTAN,Kalimantan Selatan,Kab. Tabalong,115.4309,-2.1768,39,30.2011
63090602a,Pembataan,KALIMANTAN,Kalimantan Selatan,Kab. Tabalong,115.407,-2.1787,156.5,30.2011
63090701a,Muara Uya,KALIMANTAN,Kalimantan Selatan,Kab. Tabalong,115.587,-1.9089,38,17.3607
63090801a,Tantaringin,KALIMANTAN,Kalimantan Selatan,Kab. Tabalong,115.3196,-2.2506,82,43.022
63090901a,Halangan,KALIMANTAN,Kalimantan Selatan,Kab. Tabalong,115.3074,-2.3175,57,56.2873
63091001a,Masingai I,KALIMANTAN,Kalimantan Selatan,Kab. Tabalong,115.5528,-2.1029,58.5,18.6338
63091101a,Jaro,KALIMANTAN,Kalimantan Selatan,Kab. Tabalong,115.6369,-1.838,130.5,19.8544
63100101a,Segumbang,KALIMANTAN,Kalimantan Selatan,Kab. Tanah Bumbu,115.992,-3.5008,142.8,45.1314
63100201a,Mudalang,KALIMANTAN,Kalimantan Selatan,Kab. Tanah Bumbu,115.929,-3.586,73,45.1314
63100301a,Marga Mulya,KALIMANTAN,Kalimantan Selatan,Kab. Tanah Bumbu,115.7693,-3.6572,92.5,35.4776
63100501a,Sungai Rukam,KALIMANTAN,Kalimantan Selatan,Kab. Tanah Bumbu,115.9288,-3.4985,23.5,79.6581
63100702a,Manunggal,KALIMANTAN,Kalimantan Selatan,Kab. Tanah Bumbu,115.9271,-3.339,113.5,84.1117
63100901a,Angsana/ Karang Indah,KALIMANTAN,Kalimantan Selatan,Kab. Tanah Bumbu,115.5862,-3.7906,115.5,37.044
63101001a,Kuranji,KALIMANTAN,Kalimantan Selatan,Kab. Tanah Bumbu,115.7035,-3.519,92.6,45.591
63110101a,Mungkur Uyam,KALIMANTAN,Kalimantan Selatan,Kab. Balangan,115.5557,-2.2965,27,32.8543
63110201a,Binjai Punggal,KALIMANTAN,Kalimantan Selatan,Kab. Balangan,115.6285,-2.2881,37,33.2835
63110301a,Putat Basiun,KALIMANTAN,Kalimantan Selatan,Kab. Balangan,115.5214,-2.4146,163.7,61.7375
63110401a,Hamparaya,KALIMANTAN,Kalimantan Selatan,Kab. Balangan,115.4116,-2.4534,84.5,50.0777
63110501a,Batu Merah,KALIMANTAN,Kalimantan Selatan,Kab. Balangan,115.3939,-2.3601,82,56.2873
63110701a,Lingsir,KALIMANTAN,Kalimantan Selatan,Kab. Balangan,115.4649,-2.3744,83,51.0982
63710401a,Banua Anyar,KALIMANTAN,Kalimantan Selatan,Kota Banjarmasin,114.6015,-3.2899,46,110.5855
63720201a,Meka Tani,KALIMANTAN,Kalimantan Selatan,Kota Banjarbaru,114.788,-3.4528,233,623.4393
63720202a,Ulin Timur,KALIMANTAN,Kalimantan Selatan,Kota Banjarbaru,114.7552,-3.4596,187,623.4393
63720203a,Stamet Syamsudin Noor,KALIMANTAN,Kalimantan Selatan,Kota Banjarbaru,114.754,-3.442,163,623.4393
63720501a,Sei Besar,KALIMANTAN,Kalimantan Selatan,Kota Banjarbaru,114.8503,-3.4535,120,562.6875
63720502a,Staklim Banjarbaru,KALIMANTAN,Kalimantan Selatan,Kota Banjarbaru,114.84,-3.4623,161.2,562.6875
64010301a,Paser Balengkong,KALIMANTAN,Kalimantan Timur,Kab. Paser,116.17,-2.0029,84,38.9945
64010401a,Tanah Grogot,KALIMANTAN,Kalimantan Timur,Kab. Paser,116.1986,-1.9044,60,19.8855
64010403a,Batu Enggau ,KALIMANTAN,Kalimantan Timur,Kab. Paser,116.1257,-2.1301,127.5,81.6931
64010601a,Long Ikis,KALIMANTAN,Kalimantan Timur,Kab. Paser,116.2029,-1.5767,56.5,39.402
64010701a,Muara Komam,KALIMANTAN,Kalimantan Timur,Kab. Paser,115.7695,-1.6646,62,42.4001
64010801a,Long Kali,KALIMANTAN,Kalimantan Timur,Kab. Paser,116.315,-1.5176,86,32.693
64011001a,Muara Samu,KALIMANTAN,Kalimantan Timur,Kab. Paser,115.9015,-2.0918,62,120.4654
64020101a,Muara Muntai,KALIMANTAN,Kalimantan Timur,Kab. Kutai Kertanegara,116.3912,-0.35917,53,25.2917
64020201a,Tani Bakti,KALIMANTAN,Kalimantan Timur,Kab. Kutai Kertanegara,117.1312,-0.63105,120,43.1444
64020203a,Loa Kulu,KALIMANTAN,Kalimantan Timur,Kab. Kutai Kertanegara,117.0145,-0.5034,29,64.9103
64020401a,Anggana,KALIMANTAN,Kalimantan Timur,Kab. Kutai Kertanegara,117.272,-0.57514,70,22.0567
64020501a,Muara Badak,KALIMANTAN,Kalimantan Timur,Kab. Kutai Kertanegara,117.4267,-0.34694,81,26.9515
64020601a,Tenggarong,KALIMANTAN,Kalimantan Timur,Kab. Kutai Kertanegara,116.9913,-0.4251,45,59.4652
64020701a,Sebulu,KALIMANTAN,Kalimantan Timur,Kab. Kutai Kertanegara,117.0099,-0.27156,16,59.9076
64020801a,Kota Bangun,KALIMANTAN,Kalimantan Timur,Kab. Kutai Kertanegara,116.5924,-0.2563,26,25.5535
64020901a,Kahala/ Kenohan,KALIMANTAN,Kalimantan Timur,Kab. Kutai Kertanegara,116.3931,-0.00561,18,34.1819
64021001a,Kembang Janggut,KALIMANTAN,Kalimantan Timur,Kab. Kutai Kertanegara,116.3819,0.1331,65,37.963
64021101a,Muara Kaman,KALIMANTAN,Kalimantan Timur,Kab. Kutai Kertanegara,116.7186,-0.15986,10,60.5663
64021201a,Tabang,KALIMANTAN,Kalimantan Timur,Kab. Kutai Kertanegara,115.581,-0.3673,120,52.8004
64021301a,Samboja,KALIMANTAN,Kalimantan Timur,Kab. Kutai Kertanegara,117.1043,-1.0154,21,61.2676
64021401a,Muara Jawa,KALIMANTAN,Kalimantan Timur,Kab. Kutai Kertanegara,117.2371,-0.823,32,30.2648
64021501a,Sanga-Sanga,KALIMANTAN,Kalimantan Timur,Kab. Kutai Kertanegara,117.2387,-0.6454,88.5,30.7051
64021601a,Tenggarong Seberang ,KALIMANTAN,Kalimantan Timur,Kab. Kutai Kertanegara,117.1111,-0.37952,79,233.1958
64021701a,Marang Kayu,KALIMANTAN,Kalimantan Timur,Kab. Kutai Kertanegara,117.4256,-0.13055,29.5,26.3035
64021801a,Muara Wis,KALIMANTAN,Kalimantan Timur,Kab. Kutai Kertanegara,116.4839,-0.31611,49,21.6729
64030901a,Stamet Kalimarau,KALIMANTAN,Kalimantan Timur,Kab. Berau,117.4305,2.1439,37.2,8.9515
64030902a,Labanan Jaya,KALIMANTAN,Kalimantan Timur,Kab. Berau,117.2088,2.1796,6,10.2717
64070501a,Long Iram,KALIMANTAN,Kalimantan Timur,Kab. Kutai Barat,115.6228,0.0097,84.4,103.2041
64070701a,Barong Tongkok,KALIMANTAN,Kalimantan Timur,Kab. Kutai Barat,115.7017,0.2201,148,119.3993
64071501a,Linggang Bigung,KALIMANTAN,Kalimantan Timur,Kab. Kutai Barat,115.6228,0.14103,223.5,158.277
64080101a,Muara Ancalong,KALIMANTAN,Kalimantan Timur,Kab. Kutai Timur,116.6734,0.73333,41,92.7752
64080201a,Muara Wahau,KALIMANTAN,Kalimantan Timur,Kab. Kutai Timur,116.942,1.0596,149,72.788
64080301a,Muara Bengkal,KALIMANTAN,Kalimantan Timur,Kab. Kutai Timur,116.7173,0.45007,61,86.3065
64080401a,Sangata Utara,KALIMANTAN,Kalimantan Timur,Kab. Kutai Timur,117.0519,0.54022,42.5,94.0345
64080501a,Sangkulirang,KALIMANTAN,Kalimantan Timur,Kab. Kutai Timur,118.0032,1.0264,8,33.4505
64080801a,Kongbeng,KALIMANTAN,Kalimantan Timur,Kab. Kutai Timur,117.0275,1.2839,150.5,16.4186
64080901a,Bengalon,KALIMANTAN,Kalimantan Timur,Kab. Kutai Timur,117.5932,0.748,52,21.3944
64081001a,Kali Orang,KALIMANTAN,Kalimantan Timur,Kab. Kutai Timur,117.9201,0.9163,37,11.5138
64081201a,Sangata Selatan,KALIMANTAN,Kalimantan Timur,Kab. Kutai Timur,117.0172,0.46617,82.5,92.8685
64081301a,Teluk Pandan,KALIMANTAN,Kalimantan Timur,Kab. Kutai Timur,117.291,0.14753,46,47.9899
64081401a,Rantau Pulung,KALIMANTAN,Kalimantan Timur,Kab. Kutai Timur,117.2213,0.71753,82.5,73.4069
64081501a,Kaubun,KALIMANTAN,Kalimantan Timur,Kab. Kutai Timur,117.2722,2.0814,10.5,34.6565
64081601a,Karangan,KALIMANTAN,Kalimantan Timur,Kab. Kutai Timur,117.4074,1.322,35,39.7475
64081701a,Batu Ampar,KALIMANTAN,Kalimantan Timur,Kab. Kutai Timur,116.867,0.66363,40,91.0164
64090201a,Waru,KALIMANTAN,Kalimantan Timur,Kab. Penajam Paser Utara,116.6161,-1.3891,26,21.0248
64090301a,Babulu ,KALIMANTAN,Kalimantan Timur,Kab. Penajam Paser Utara,116.4485,-1.4926,82,21.9051
64090402a,Sepaku,KALIMANTAN,Kalimantan Timur,Kab. Penajam Paser Utara,116.6789,-1.0783,110.5,79.0165
64710101a,Teritip,KALIMANTAN,Kalimantan Timur,Kota Balikpapan,116.9733,-1.1403,4,36.4909
64710102a,StaGeof Balikpapan,KALIMANTAN,Kalimantan Timur,Kota Balikpapan,116.8811,-1.2553,8.2,30.5721
64710301a,Karang Joang,KALIMANTAN,Kalimantan Timur,Kota Balikpapan,116.8928,-1.1208,43,28.8152
64710502a,Stamet Balikpapan,KALIMANTAN,Kalimantan Timur,Kota Balikpapan,116.9,-1.2667,8.2,30.5721
64720101a,Palaran,KALIMANTAN,Kalimantan Timur,Kota Samarinda,117.1949,-0.57896,81,39.0569
64720201a,Samarinda Seberang,KALIMANTAN,Kalimantan Timur,Kota Samarinda,117.1333,-0.51667,42,39.0569
64720401a,Sambutan,KALIMANTAN,Kalimantan Timur,Kota Samarinda,117.1641,-0.49864,97,113.8781
64720501a,STAMET SAMARINDA TEMINDUNG,KALIMANTAN,Kalimantan Timur,Kota Samarinda,117.1564,-0.48278,66.8,113.8781
64720502a,Stamet Samarinda APT,KALIMANTAN,Kalimantan Timur,Kota Samarinda,117.25,-0.37,104.4,205.627
64720601a,Sungai Kunjang,KALIMANTAN,Kalimantan Timur,Kota Samarinda,117.0833,-0.53333,159,64.9103
64720801a,Samarinda Utara (Lempake),KALIMANTAN,Kalimantan Timur,Kota Samarinda,117.1253,-0.48457,39,113.8781
64740101a,Bontang Utara,KALIMANTAN,Kalimantan Timur,Kota Bontang,117.489,0.13817,44,54.5099
64050201a,Stamet Nunukan,KALIMANTAN,Kalimantan Utara,Kab. Nunukan,117.647,4.1428,23.4,5.3194
71010501a,BPP Sangtombolang,SULAWESI,Sulawesi Utara,Kab. Bolaang Mongondow,123.8922,0.83722,35.5,22.0208
71010502a,KC Sangtombolang,SULAWESI,Sulawesi Utara,Kab. Bolaang Mongondow,123.8286,0.84,9,22.0208
71010901a,BPP Dumoga Tengah,SULAWESI,Sulawesi Utara,Kab. Bolaang Mongondow,124.0283,0.54667,9,30.7711
71010902a,KC Dumoga Barat,SULAWESI,Sulawesi Utara,Kab. Bolaang Mongondow,123.9864,0.55389,12.3,25.1582
71011001a,BPP Dumoga Timur,SULAWESI,Sulawesi Utara,Kab. Bolaang Mongondow,124.0803,0.59528,33.4,30.7711
71011101a,BPP Dumoga Utara,SULAWESI,Sulawesi Utara,Kab. Bolaang Mongondow,123.9869,0.56694,11,25.1582
71011201a,KD Motabang Lolak,SULAWESI,Sulawesi Utara,Kab. Bolaang Mongondow,123.9997,0.88361,29,22.1031
71011202a,KD Labuhan Uki,SULAWESI,Sulawesi Utara,Kab. Bolaang Mongondow,123.945,0.86139,13.9,22.1031
71011203a,BPP Lolak,SULAWESI,Sulawesi Utara,Kab. Bolaang Mongondow,124.0356,0.88167,38,29.8177
71011301a,BPP Bolaang,SULAWESI,Sulawesi Utara,Kab. Bolaang Mongondow,124.1239,0.8675,0,21.3755
71011302a,KC Bolaang,SULAWESI,Sulawesi Utara,Kab. Bolaang Mongondow,124.0989,0.91889,3.5,24.8037
71011401a,BPP Lolayan,SULAWESI,Sulawesi Utara,Kab. Bolaang Mongondow,124.2692,0.67278,119,43.4912
71011901a,BPP Passi Barat,SULAWESI,Sulawesi Utara,Kab. Bolaang Mongondow,124.2989,0.76639,127.5,36.9059
71012001a,KC Poigar,SULAWESI,Sulawesi Utara,Kab. Bolaang Mongondow,124.2817,0.995,0,29.2181
71012002a,BPP Poigar,SULAWESI,Sulawesi Utara,Kab. Bolaang Mongondow,124.2603,0.98778,19,29.2181
71012201a,KD Pangian Barat,SULAWESI,Sulawesi Utara,Kab. Bolaang Mongondow,124.4033,0.80056,34.3,23.6194
71013101a,BPP Bolaang Timur,SULAWESI,Sulawesi Utara,Kab. Bolaang Mongondow,124.1231,0.91861,5,26.5872
71020101a,BPP Tondano Barat,SULAWESI,Sulawesi Utara,Kab. Minahasa,124.9042,1.3,139,8.411
71020201a,BPP Tondano Timur,SULAWESI,Sulawesi Utara,Kab. Minahasa,124.9369,1.2708,93.4,8.411
71020202a,Stageof Tondano,SULAWESI,Sulawesi Utara,Kab. Minahasa,124.925,1.295,114,8.411
71020301a,UPTD Eris,SULAWESI,Sulawesi Utara,Kab. Minahasa,124.8522,1.2281,131.5,47.8892
71020302a,BPP Eris,SULAWESI,Sulawesi Utara,Kab. Minahasa,124.9172,1.2278,84,8.411
71020401a,UPTD Kombi,SULAWESI,Sulawesi Utara,Kab. Minahasa,124.9731,1.24,169,8.411
71020501a,UPTD Lembean Timur,SULAWESI,Sulawesi Utara,Kab. Minahasa,124.9569,1.2183,127,8.411
71020502a,BPP Lembean Timur,SULAWESI,Sulawesi Utara,Kab. Minahasa,124.9611,1.2192,143,8.411
71020601a,BBU Wasian Kakas,SULAWESI,Sulawesi Utara,Kab. Minahasa,124.8728,1.1706,48.5,23.1388
71020701a,BPP Tompaso,SULAWESI,Sulawesi Utara,Kab. Minahasa,124.7919,1.1883,222.2,22.1192
71020801a,BPP Remboken,SULAWESI,Sulawesi Utara,Kab. Minahasa,124.8856,1.2433,170,47.8892
71020901a,KD Sumaraya,SULAWESI,Sulawesi Utara,Kab. Minahasa,124.8386,1.1806,154,23.1388
71021001a,BPP Langowan Barat,SULAWESI,Sulawesi Utara,Kab. Minahasa,124.8239,1.1411,93.5,23.1388
71021101a,KC Sonder,SULAWESI,Sulawesi Utara,Kab. Minahasa,124.7758,1.2583,72,43.7511
71021301a,SPP Kalasey,SULAWESI,Sulawesi Utara,Kab. Minahasa,124.7683,1.4464,0,58.1297
71021302a,KD Kali Pineleng,SULAWESI,Sulawesi Utara,Kab. Minahasa,124.8444,1.3997,4,92.8752
71021303a,BPP Pineleng,SULAWESI,Sulawesi Utara,Kab. Minahasa,124.7997,1.4258,0,58.1297
71021401a,BPP Tombulu,SULAWESI,Sulawesi Utara,Kab. Minahasa,124.8878,1.4472,46,25.9936
71021501a,KD Tambala, Tanawangko,SULAWESI,Sulawesi Utara,Kab. Minahasa,124.6853,1.4003,0,23.8312
71021601a,BPP Tondano Utara,SULAWESI,Sulawesi Utara,Kab. Minahasa,124.9147,1.3172,46.2,13.5188
71021602a,PLTA Tonsealama,SULAWESI,Sulawesi Utara,Kab. Minahasa,124.9225,1.3297,47.9,13.5188
71021701a,BPP Langowan Selatan,SULAWESI,Sulawesi Utara,Kab. Minahasa,124.845,1.1433,67.9,23.1388
71021801a,BPP Tondano Selatan,SULAWESI,Sulawesi Utara,Kab. Minahasa,124.8756,1.2886,178,47.8892
71021901a,BPP Langowan Utara,SULAWESI,Sulawesi Utara,Kab. Minahasa,124.8619,1.1769,167,23.1388
71030801a,KD Mala Tahuna,SULAWESI,Sulawesi Utara,Kab. Kepulauan Sangihe,125.5136,3.5567,0,0.51416
71031201a,BPP Tamako,SULAWESI,Sulawesi Utara,Kab. Kepulauan Sangihe,125.5625,3.4403,88,0.083921
71031301a,BPP Manganitu,SULAWESI,Sulawesi Utara,Kab. Kepulauan Sangihe,125.5222,3.5533,83.2,0.51416
71031401a,BPP Tabukan Tengah,SULAWESI,Sulawesi Utara,Kab. Kepulauan Sangihe,125.5792,3.5725,22,0.51416
71031501a,BPP Tabukan Selatan,SULAWESI,Sulawesi Utara,Kab. Kepulauan Sangihe,125.6111,3.4817,27,0.11015
71031601a,BPP Kendahe,SULAWESI,Sulawesi Utara,Kab. Kepulauan Sangihe,125.4042,3.6856,7,0.11703
71031701a,BPP Tahuna,SULAWESI,Sulawesi Utara,Kab. Kepulauan Sangihe,125.4739,3.625,63.5,0.11703
71040101a,Diperta Lirung,SULAWESI,Sulawesi Utara,Kab. Kepulauan Talaud,126.6953,3.9278,60,4.698
71040201a,BPP Beo,SULAWESI,Sulawesi Utara,Kab. Kepulauan Talaud,126.8111,4.2736,102.5,5.8617
71040701a,BPP Melonguane,SULAWESI,Sulawesi Utara,Kab. Kepulauan Talaud,126.7331,4.0331,35.5,17.2469
71040702a,Bandara Melonguane,SULAWESI,Sulawesi Utara,Kab. Kepulauan Talaud,126.7033,4.0197,21.5,17.2469
71050101a,UPTD Modoinding,SULAWESI,Sulawesi Utara,Kab. Minahasa Selatan,124.4519,0.79694,135.5,35.1338
71050201a,UPTD Tompaso Baru,SULAWESI,Sulawesi Utara,Kab. Minahasa Selatan,124.4719,0.9275,187.5,22.1054
71050301a,BPP Ranoyapo,SULAWESI,Sulawesi Utara,Kab. Minahasa Selatan,124.4961,0.99417,69.3,22.1054
71050701a,BPP Motoling,SULAWESI,Sulawesi Utara,Kab. Minahasa Selatan,124.4744,1.0389,84,24.692
71050901a,UPP Tenga,SULAWESI,Sulawesi Utara,Kab. Minahasa Selatan,124.435,1.1717,0,25.2997
71051001a,BPP Amurang,SULAWESI,Sulawesi Utara,Kab. Minahasa Selatan,124.57,1.1833,1,25.232
71051202a,BBTPH Tumpaan,SULAWESI,Sulawesi Utara,Kab. Minahasa Selatan,124.6153,1.2692,0,24.1762
71051203a,BPP Tumpaan,SULAWESI,Sulawesi Utara,Kab. Minahasa Selatan,124.615,1.2569,0,24.1762
71051301a,UPTD Tareran,SULAWESI,Sulawesi Utara,Kab. Minahasa Selatan,124.7347,1.2286,61.5,43.7511
71051601a,BPP Maesaan,SULAWESI,Sulawesi Utara,Kab. Minahasa Selatan,124.4753,0.88278,140,23.6194
71051701a,BPP Amurang Barat,SULAWESI,Sulawesi Utara,Kab. Minahasa Selatan,124.5106,1.1867,5,25.232
71051801a,BPP Amurang Timur,SULAWESI,Sulawesi Utara,Kab. Minahasa Selatan,124.5989,1.2106,19,20.3085
71051901a,BPP Tatapaan,SULAWESI,Sulawesi Utara,Kab. Minahasa Selatan,124.6131,1.2847,0,24.1762
71052201a,BPP Motoling Timur,SULAWESI,Sulawesi Utara,Kab. Minahasa Selatan,124.5042,1.075,20.5,29.0501
71052301a,BPP Suluun Tareran,SULAWESI,Sulawesi Utara,Kab. Minahasa Selatan,124.7039,1.2825,26,43.7511
71060101a,BPP Kema I,SULAWESI,Sulawesi Utara,Kab. Minahasa Utara,125.0681,1.3758,30.8,3.9184
71060102a,KD Makalisung,SULAWESI,Sulawesi Utara,Kab. Minahasa Utara,125.0356,1.2886,6,1.8202
71060201a,KC Kauditan,SULAWESI,Sulawesi Utara,Kab. Minahasa Utara,125.0506,1.3972,10.1,3.9184
71060202a,BPP Kauditan,SULAWESI,Sulawesi Utara,Kab. Minahasa Utara,125.0236,1.3914,43,3.9184
71060301a,UPP Airmadidi,SULAWESI,Sulawesi Utara,Kab. Minahasa Utara,124.9772,1.4303,68,8.883
71060302a,BPP Airmadidi,SULAWESI,Sulawesi Utara,Kab. Minahasa Utara,124.9672,1.4297,22,8.883
71060401a,BPP Wori,SULAWESI,Sulawesi Utara,Kab. Minahasa Utara,124.8614,1.5961,0,6.1365
71060502a,BPP Dimembe,SULAWESI,Sulawesi Utara,Kab. Minahasa Utara,124.9772,1.4972,95.7,8.883
71060503a,KD Klabat,SULAWESI,Sulawesi Utara,Kab. Minahasa Utara,125.0569,1.5028,23.1,7.9815
71060601a,KD Tarabitan Likupang Barat,SULAWESI,Sulawesi Utara,Kab. Minahasa Utara,124.9869,1.7444,0,0.69279
71060602a,BPP Likupang Barat,SULAWESI,Sulawesi Utara,Kab. Minahasa Utara,124.9953,1.7483,0,0.69279
71060701a,UPTD Likupang Timur,SULAWESI,Sulawesi Utara,Kab. Minahasa Utara,125.0617,1.6619,0,1.8671
71060702a,BPP Likupang Timur,SULAWESI,Sulawesi Utara,Kab. Minahasa Utara,125.1078,1.6556,0,0.34545
71060801a,BPP Kalawat,SULAWESI,Sulawesi Utara,Kab. Minahasa Utara,124.9253,1.4547,8,8.883
71060901a,KD Talawaan,SULAWESI,Sulawesi Utara,Kab. Minahasa Utara,124.9519,1.5392,25,9.5725
71060902a,BPP Talawaan,SULAWESI,Sulawesi Utara,Kab. Minahasa Utara,124.9469,1.5478,20,9.5725
71060904a,Staklim Minahasa Utara,SULAWESI,Sulawesi Utara,Kab. Minahasa Utara,124.8983,1.4983,71.6,25.9936
71061001a,BPP Likupang Selatan,SULAWESI,Sulawesi Utara,Kab. Minahasa Utara,125.0247,1.6075,3,1.8671
71070101a,UPTD Ratahan,SULAWESI,Sulawesi Utara,Kab. Minahasa Tenggara,124.8006,1.0497,99.5,6.9283
71070102a,Bp4K Ratahan,SULAWESI,Sulawesi Utara,Kab. Minahasa Tenggara,124.7939,1.0389,94,12.4271
71070103a,BPP Ratahan,SULAWESI,Sulawesi Utara,Kab. Minahasa Tenggara,124.7903,1.0225,38.8,12.4271
71070201a,BPP Pusomaen,SULAWESI,Sulawesi Utara,Kab. Minahasa Tenggara,124.8739,0.99028,48,1.4228
71070301a,BPP Belang,SULAWESI,Sulawesi Utara,Kab. Minahasa Tenggara,124.7878,0.94472,0,8.5953
71070401a,KC Ratatotok,SULAWESI,Sulawesi Utara,Kab. Minahasa Tenggara,124.7878,0.94444,22.3,8.5953
71070501a,TCSDP Tombatu,SULAWESI,Sulawesi Utara,Kab. Minahasa Tenggara,124.6836,1.0392,60,21.8949
71070502a,BPP Tombatu,SULAWESI,Sulawesi Utara,Kab. Minahasa Tenggara,124.6769,1.3681,91,75.029
71070601a,BPP Touluaan,SULAWESI,Sulawesi Utara,Kab. Minahasa Tenggara,124.6606,1.0489,60,21.8949
71080101a,BPP Sangkub,SULAWESI,Sulawesi Utara,Kab. Bolaang Mongondow Utara,123.6433,0.87111,0,22.8731
71080201a,BPP Bintauna,SULAWESI,Sulawesi Utara,Kab. Bolaang Mongondow Utara,123.5814,0.87889,43,25.2986
71080301a,BPP Bolangitang Timur,SULAWESI,Sulawesi Utara,Kab. Bolaang Mongondow Utara,123.4439,0.88,0,17.1273
71080401a,BPP Bolangitang Barat,SULAWESI,Sulawesi Utara,Kab. Bolaang Mongondow Utara,123.3242,0.9025,1.1,13.6464
71080501a,BPP Kaidipang,SULAWESI,Sulawesi Utara,Kab. Bolaang Mongondow Utara,123.2806,0.895,1,14.4237
71080601a,BPP Pinogaluman,SULAWESI,Sulawesi Utara,Kab. Bolaang Mongondow Utara,123.1258,0.91306,0,9.3932
71090301a,PGR Tagulandang,SULAWESI,Sulawesi Utara,Kab. Kep. Siau Tagulandang Biaro,125.1564,2.3167,5,0
71090501a,BPP Siau Barat Selatan,SULAWESI,Sulawesi Utara,Kab. Kep. Siau Tagulandang Biaro,125.3733,2.6733,0,0.72836
71090801a,BPP Siau Barat Utara,SULAWESI,Sulawesi Utara,Kab. Kep. Siau Tagulandang Biaro,125.3719,2.7853,2.4,0.45221
71090901a,BPP Siau Tengah,SULAWESI,Sulawesi Utara,Kab. Kep. Siau Tagulandang Biaro,125.3825,2.7494,31,0.45221
71100101a,BPP Tutuyan,SULAWESI,Sulawesi Utara,Kab. Bolaang Mongondow Timur,124.6086,0.74444,6.5,3.181
71100201a,UPP Kotabunan,SULAWESI,Sulawesi Utara,Kab. Bolaang Mongondow Timur,124.6583,0.81222,109.5,6.6793
71100202a,BPP/KC Kotabunan,SULAWESI,Sulawesi Utara,Kab. Bolaang Mongondow Timur,124.6564,0.80972,50,6.6793
71100301a,KD Molobog,SULAWESI,Sulawesi Utara,Kab. Bolaang Mongondow Timur,124.5361,0.65278,17.7,9.3759
71100401a,BPP Modayag,SULAWESI,Sulawesi Utara,Kab. Bolaang Mongondow Timur,124.3844,0.71444,81,62.7121
71100501a,BPP Modayag Barat,SULAWESI,Sulawesi Utara,Kab. Bolaang Mongondow Timur,124.3714,0.71556,225.5,62.7121
71110101a,KC Bolaang Uki,SULAWESI,Sulawesi Utara,Kab. Bolaang Mongondow Selatan,123.9822,0.38833,132,50.8779
71110201a,BPP Posigadan,SULAWESI,Sulawesi Utara,Kab. Bolaang Mongondow Selatan,123.62,0.3,0,71.458
71110301a,UPTD Pinolosian,SULAWESI,Sulawesi Utara,Kab. Bolaang Mongondow Selatan,124.1175,0.39417,81,50.2414
71110401a,BPP Pinolosian Tengah,SULAWESI,Sulawesi Utara,Kab. Bolaang Mongondow Selatan,124.2611,0.43694,85,57.8533
71710101a,KKel. Alung Banua,SULAWESI,Sulawesi Utara,Kota Manado,124.745,1.625,0,3.0709
71710102a,KKel. Tongkaina,SULAWESI,Sulawesi Utara,Kota Manado,124.8202,1.5806,0,6.1365
71710103a,KKel. Meras,SULAWESI,Sulawesi Utara,Kota Manado,124.8207,1.5509,1,6.1365
71710104a,KKel. Bailang,SULAWESI,Sulawesi Utara,Kota Manado,124.8522,1.5272,0,6.1365
71710201a,KC Tuminting,SULAWESI,Sulawesi Utara,Kota Manado,124.8483,1.5094,0,6.1365
71710202a,Bp4K Manado,SULAWESI,Sulawesi Utara,Kota Manado,124.8433,1.5047,38,6.1365
71710501a,KKel. Paal 4,SULAWESI,Sulawesi Utara,Kota Manado,124.8673,1.4727,15.4,25.9936
71710801a,BPP Mapanget,SULAWESI,Sulawesi Utara,Kota Manado,124.8583,1.5622,0,6.1365
71710802a,KP Pandu,SULAWESI,Sulawesi Utara,Kota Manado,124.8786,1.5758,0,6.1365
71710803a,KKel. Kairagi II,SULAWESI,Sulawesi Utara,Kota Manado,124.9,1.5,9,25.9936
71710804a,POLITEKNIK,SULAWESI,Sulawesi Utara,Kota Manado,124.8881,1.5104,24.5,6.1365
71710805a,Stamet Samrat,SULAWESI,Sulawesi Utara,Kota Manado,124.925,1.545,8.7,9.5725
71710901a,Stageof Winangun,SULAWESI,Sulawesi Utara,Kota Manado,124.84,1.45,0.6,25.9936
71710902a,KKel. Malalayang II,SULAWESI,Sulawesi Utara,Kota Manado,124.8029,1.4517,1,25.9936
71710903a,Faperta Unsrat,SULAWESI,Sulawesi Utara,Kota Manado,124.8295,1.4567,0,25.9936
71720201a,Stamar Bitung,SULAWESI,Sulawesi Utara,Kota Bitung,125.18,1.4431,14.4,1.714
71720301a,UPT Danowudu,SULAWESI,Sulawesi Utara,Kota Bitung,125.1272,1.4603,2,1.714
71720304a,KKel. Pinasungkulan,SULAWESI,Sulawesi Utara,Kota Bitung,125.1178,1.5508,9.3,1.8007
71720401a,BPP Aertembaga,SULAWESI,Sulawesi Utara,Kota Bitung,125.2122,1.4583,7.4,0.10825
71720501a,UPT Matuari,SULAWESI,Sulawesi Utara,Kota Bitung,125.1136,1.4339,48.4,1.714
71720502a,KKel. Tendeki,SULAWESI,Sulawesi Utara,Kota Bitung,125.0994,1.4481,23.5,6.4605
71720702a,KKel. Kakenturan II,SULAWESI,Sulawesi Utara,Kota Bitung,125.1975,1.4567,9,1.714
71720801a,BPP Lembeh Utara,SULAWESI,Sulawesi Utara,Kota Bitung,125.2469,1.4628,0,0.10825
71730101a,BPP/UPTD Tumatantang,SULAWESI,Sulawesi Utara,Kota Tomohon,124.8261,1.2967,98,47.8892
71730201a,BPP Tomohon Tengah,SULAWESI,Sulawesi Utara,Kota Tomohon,124.8431,1.3389,98,92.8752
71730301a,BPP Tomohon Utara,SULAWESI,Sulawesi Utara,Kota Tomohon,124.8233,1.3894,46.5,92.8752
71730401a,BPP Tomohon Barat,SULAWESI,Sulawesi Utara,Kota Tomohon,124.7825,1.3197,40,137.8763
71730501a,BPP Tomohon Timur,SULAWESI,Sulawesi Utara,Kota Tomohon,124.8519,1.3042,133.5,92.8752
71740201a,BPP Kotamobagu Timur,SULAWESI,Sulawesi Utara,Kota Kotamobagu,124.3197,0.71778,165.5,62.7121
71740301a,BPP Kotamobagu Selatan,SULAWESI,Sulawesi Utara,Kota Kotamobagu,124.2922,0.72028,129,36.9059
71740401a,BPP Mongkonai,SULAWESI,Sulawesi Utara,Kota Kotamobagu,124.2831,0.73889,149.5,36.9059
72010101a,Bakung,SULAWESI,Sulawesi Tengah,Kab. Banggai,122.523,-1.3037,75,154.2823
72010201a,Beringin,SULAWESI,Sulawesi Tengah,Kab. Banggai,122.219,-0.87286,14,86.2959
72010301a,Kintom,SULAWESI,Sulawesi Tengah,Kab. Banggai,122.66,-1.1573,60,60.7144
72010402a,Stamet Luwuk,SULAWESI,Sulawesi Tengah,Kab. Banggai,122.7944,-0.9407,4,24.9588
72010403a,Salodik,SULAWESI,Sulawesi Tengah,Kab. Banggai,122.869,-0.8165,50,13.4885
72010501a,Baruga,SULAWESI,Sulawesi Tengah,Kab. Banggai,123.1536,-0.89118,173.8,15.598
72010601a,Balantak,SULAWESI,Sulawesi Tengah,Kab. Banggai,123.3913,-0.88017,23.5,13.6463
72010701a,Pagimana,SULAWESI,Sulawesi Tengah,Kab. Banggai,122.64,-0.7879,52,15.3315
72010801a,Samaku,SULAWESI,Sulawesi Tengah,Kab. Banggai,123.056,-0.59606,2,25.0319
72010901a,Tolisu,SULAWESI,Sulawesi Tengah,Kab. Banggai,122.281,-1.436,86,263.7526
72010902a,Cendana Pura,SULAWESI,Sulawesi Tengah,Kab. Banggai,122.3451,-1.4388,102,230.7944
72011001a,Cemerlang,SULAWESI,Sulawesi Tengah,Kab. Banggai,123.141,-0.8586,108,15.598
72011101a,Luwuk Timur,SULAWESI,Sulawesi Tengah,Kab. Banggai,123.0412,-0.8561,135,10.4812
72011201a,Pandan Wangi,SULAWESI,Sulawesi Tengah,Kab. Banggai,122.2878,-1.5302,210.8,391.7878
72011301a,Nuhon,SULAWESI,Sulawesi Tengah,Kab. Banggai,122.108,-0.96418,76,114.1833
72011501a,Sinorang,SULAWESI,Sulawesi Tengah,Kab. Banggai,122.4493,-1.3941,99,170.795
72011601a,Lobu,SULAWESI,Sulawesi Tengah,Kab. Banggai,122.4886,-0.79801,24,32.4416
72011701a,Simpang Raya,SULAWESI,Sulawesi Tengah,Kab. Banggai,122.244,-0.93806,120,90.8507
72012101a,BTN Pepabri,SULAWESI,Sulawesi Tengah,Kab. Banggai,122.8435,-0.92006,1.5,25.6623
72020101a,Poso Kota,SULAWESI,Sulawesi Tengah,Kab. Poso,120.7393,-1.3832,76.5,134.8781
72020201a,Stamet Poso,SULAWESI,Sulawesi Tengah,Kab. Poso,120.6445,-1.3587,67,64.2285
72020301a,Maliwuko,SULAWESI,Sulawesi Tengah,Kab. Poso,120.77,-1.43,31.1,113.1296
72020501a,Pamona Timur,SULAWESI,Sulawesi Tengah,Kab. Poso,120.822,-1.8931,68,43.1754
72020502a,Tentena,SULAWESI,Sulawesi Tengah,Kab. Poso,120.652,-1.75,68,37.0668
72020601a,Pandayora,SULAWESI,Sulawesi Tengah,Kab. Poso,120.7,-2.1203,206.5,33.7081
72020701a,Lore Utara,SULAWESI,Sulawesi Tengah,Kab. Poso,120.32,-1.43,90,66.729
72020703a,Tambing,SULAWESI,Sulawesi Tengah,Kab. Poso,120.3076,-1.3253,148,93.5953
72020801a,Stasiun PAG Lore Lindu Bariri,SULAWESI,Sulawesi Tengah,Kab. Poso,120.2393,-1.7145,175,47.8408
72021801a,Kilo,SULAWESI,Sulawesi Tengah,Kab. Poso,120.59,-1.28,123,68.1184
72021803a,Tambarana,SULAWESI,Sulawesi Tengah,Kab. Poso,120.5593,-1.171,122.5,51.3931
72021901a,Tangkura,SULAWESI,Sulawesi Tengah,Kab. Poso,120.63,-1.493,105.5,48.0643
72022001a,Pamona Barat,SULAWESI,Sulawesi Tengah,Kab. Poso,120.5225,-1.8474,222,26.5888
72022201a,Tegal Rejo,SULAWESI,Sulawesi Tengah,Kab. Poso,120.7832,-1.3812,72,134.8781
72022301a,Lelio,SULAWESI,Sulawesi Tengah,Kab. Poso,120.2405,-1.8611,88,34.1249
72022401a,Maholo,SULAWESI,Sulawesi Tengah,Kab. Poso,120.38,-1.4792,131,66.729
72022501a,Lore Piore,SULAWESI,Sulawesi Tengah,Kab. Poso,120.33,-1.53,87,55.4362
72030401a,Lalundu,SULAWESI,Sulawesi Tengah,Kab. Donggala,119.5091,-1.2926,56,193.5307
72030601a,Karya Mukti,SULAWESI,Sulawesi Tengah,Kab. Donggala,119.93,0.17146,18,60.6378
72030901a,Labuan Salumbone,SULAWESI,Sulawesi Tengah,Kab. Donggala,119.819,-0.66868,6,58.4964
72031001a,Sindue,SULAWESI,Sulawesi Tengah,Kab. Donggala,119.85,-0.6,14,58.4964
72031002a,Lero,SULAWESI,Sulawesi Tengah,Kab. Donggala,119.8,-0.62,14.5,82.1924
72031101a,Lompio,SULAWESI,Sulawesi Tengah,Kab. Donggala,119.8471,-0.196,13.5,42.6993
72031201a,Balaesang,SULAWESI,Sulawesi Tengah,Kab. Donggala,119.89,-0.01867,17.5,47.393
72031401a,Siboang,SULAWESI,Sulawesi Tengah,Kab. Donggala,120.04,0.5,32.5,78.337
72031801a,Surumana,SULAWESI,Sulawesi Tengah,Kab. Donggala,119.5711,-0.86578,4,153.1726
72031802a,Tanamea,SULAWESI,Sulawesi Tengah,Kab. Donggala,119.62,-0.8315,5.5,144.8967
72031803a,Watatu,SULAWESI,Sulawesi Tengah,Kab. Donggala,119.59,-0.87203,24,153.1726
72031804a,Lumbumamara,SULAWESI,Sulawesi Tengah,Kab. Donggala,119.6795,-0.81592,53.5,144.8967
72031807a,Malino,SULAWESI,Sulawesi Tengah,Kab. Donggala,119.5977,-0.94911,45,96.271
72031808a,Salumpaku,SULAWESI,Sulawesi Tengah,Kab. Donggala,119.6582,-0.85337,59,144.8967
72031901a,Nupabomba,SULAWESI,Sulawesi Tengah,Kab. Donggala,119.96,-0.72,18,58.0582
72032401a,Tibo,SULAWESI,Sulawesi Tengah,Kab. Donggala,119.7634,-0.49,24,65.9714
72032501a,Sindue Tobata,SULAWESI,Sulawesi Tengah,Kab. Donggala,119.76,-0.34,30.4,47.6195
72032701a,Kola Kola,SULAWESI,Sulawesi Tengah,Kab. Donggala,119.71,-0.72,11,90.5775
72033001a,Ogoamas,SULAWESI,Sulawesi Tengah,Kab. Donggala,120.14,0.73,16.5,111.1687
72033101a,Kamonji,SULAWESI,Sulawesi Tengah,Kab. Donggala,119.6768,-0.10972,14,14.2109
72040101a,Lempe,SULAWESI,Sulawesi Tengah,Kab. Toli Toli,120.2122,0.77489,0,45.7435
72040201a,Bambapula,SULAWESI,Sulawesi Tengah,Kab. Toli Toli,120.2987,0.97803,0,16.1336
72040301a,Lais,SULAWESI,Sulawesi Tengah,Kab. Toli Toli,120.4493,0.77922,0.5,26.9911
72040401a,Kayu Lompa,SULAWESI,Sulawesi Tengah,Kab. Toli Toli,120.6735,0.74235,52.5,16.6842
72040501a,Bilo,SULAWESI,Sulawesi Tengah,Kab. Toli Toli,120.6429,0.91774,27,18.4251
72040601a,Tinading,SULAWESI,Sulawesi Tengah,Kab. Toli Toli,120.8003,0.92311,17.5,4.9384
72040701a,Buntuna,SULAWESI,Sulawesi Tengah,Kab. Toli Toli,120.7951,1.0167,17.5,6.2636
72040801a,Stamet Toli-Toli,SULAWESI,Sulawesi Tengah,Kab. Toli Toli,120.8769,1.133,11,23.3264
72040802a,Malangga,SULAWESI,Sulawesi Tengah,Kab. Toli Toli,120.8692,1.1263,47.5,23.3264
72040803a,Bombolayang,SULAWESI,Sulawesi Tengah,Kab. Toli Toli,120.8334,1.047,25,10.5868
72040901a,Salumpaga,SULAWESI,Sulawesi Tengah,Kab. Toli Toli,120.96,1.3194,3,8.4717
72041001a,Dungingis,SULAWESI,Sulawesi Tengah,Kab. Toli Toli,120.8229,1.2499,1.5,24.4811
72050102a,Momonu,SULAWESI,Sulawesi Tengah,Kab. Buol,121.3316,1.0938,47,17.5443
72050201a,Lakea,SULAWESI,Sulawesi Tengah,Kab. Buol,121.2382,1.2284,0,7.1841
72050401a,Lonu,SULAWESI,Sulawesi Tengah,Kab. Buol,121.5632,1.0312,0.5,10.2065
72050501a,Talaki,SULAWESI,Sulawesi Tengah,Kab. Buol,121.9977,1.0216,1,52.3678
72050701a,Boilan,SULAWESI,Sulawesi Tengah,Kab. Buol,121.2988,1.0786,81.5,11.065
72060201a,Wara'A,SULAWESI,Sulawesi Tengah,Kab. Morowali Utara,121.221,-2.16,118,77.019
72060301a,Petasia,SULAWESI,Sulawesi Tengah,Kab. Morowali Utara,121.34,-2.02,94,98.7451
72060501a,Bahomoleo,SULAWESI,Sulawesi Tengah,Kab. Morowali,121.91,-2.45,141.5,385.5652
72060801a,Umpanga,SULAWESI,Sulawesi Tengah,Kab. Morowali,121.812,-2.2922,108.5,302.653
72061001a,Bahodopi,SULAWESI,Sulawesi Tengah,Kab. Morowali,122.128,-2.79,28,576.8475
72061201a,Sampean Taba,SULAWESI,Sulawesi Tengah,Kab. Morowali,121.66,-2.2437,57.5,160.7715
72061401a,Mori Utara,SULAWESI,Sulawesi Tengah,Kab. Morowali Utara,120.98,-1.992,12,33.6283
72070501a,Liang,SULAWESI,Sulawesi Tengah,Kab. Banggai Kepulauan,123.2386,-1.5475,263,60.8239
72070601a,Bulagi,SULAWESI,Sulawesi Tengah,Kab. Banggai Kepulauan,123.1221,-1.2883,38,29.0275
72071101a,Tinangkung Selatan,SULAWESI,Sulawesi Tengah,Kab. Banggai Kepulauan,123.3372,-1.4754,136.3,38.3256
72071801a,Buko Selatan,SULAWESI,Sulawesi Tengah,Kab. Banggai Kepulauan,122.8013,-1.4595,250,114.773
72071901a,Tinangkung Utara,SULAWESI,Sulawesi Tengah,Kab. Banggai Kepulauan,123.414,-1.2594,38.5,30.7025
72080201a,Ampibabo,SULAWESI,Sulawesi Tengah,Kab. Parigi Moutong,120.0668,-0.45294,46,88.1684
72080401a,Pembuni,SULAWESI,Sulawesi Tengah,Kab. Parigi Moutong,121.2,0.47,15,75.9622
72080601a,Sausu,SULAWESI,Sulawesi Tengah,Kab. Parigi Moutong,120.45,-1.0464,42,72.187
72080701a,Anutapura,SULAWESI,Sulawesi Tengah,Kab. Parigi Moutong,120.97,0.502,67,55.3517
72080901a,Torue,SULAWESI,Sulawesi Tengah,Kab. Parigi Moutong,120.3205,-0.98269,98,112.1146
72081001a,Polly,SULAWESI,Sulawesi Tengah,Kab. Parigi Moutong,120.09,-0.02136,90,62.144
72081101a,Dolago,SULAWESI,Sulawesi Tengah,Kab. Parigi Moutong,120.2326,-0.90344,25,138.5237
72081501a,Suli,SULAWESI,Sulawesi Tengah,Kab. Parigi Moutong,120.4,-1.012,20,108.4474
72081701a,Siniu,SULAWESI,Sulawesi Tengah,Kab. Parigi Moutong,120.0473,-0.53983,76,96.6232
72081801a,Palasa,SULAWESI,Sulawesi Tengah,Kab. Parigi Moutong,120.4236,0.49698,67.3,79.1614
72082301a,Sidoan,SULAWESI,Sulawesi Tengah,Kab. Parigi Moutong,120.2024,0.27164,29.5,84.0634
72090101a,Tanimpo,SULAWESI,Sulawesi Tengah,Kab. Tojo Una Una,121.8608,-0.42771,13.5,59.3181
72090301a,Popolii,SULAWESI,Sulawesi Tengah,Kab. Tojo Una Una,122.1941,-0.23671,39,61.4147
72090401a,Ampana Tete,SULAWESI,Sulawesi Tengah,Kab. Tojo Una Una,121.656,-0.87004,79,105.6045
72090402a,Tampabatu,SULAWESI,Sulawesi Tengah,Kab. Tojo Una Una,-0.79801,0.97193,28,173.3765
72090501a,Ampana Kota,SULAWESI,Sulawesi Tengah,Kab. Tojo Una Una,121.57,-0.92,71.5,115.9768
72090601a,Kabelo,SULAWESI,Sulawesi Tengah,Kab. Tojo Una Una,121.048,-1.4434,70,105.2083
72090602a,Cempa,SULAWESI,Sulawesi Tengah,Kab. Tojo Una Una,121.461,-0.95741,23.5,93.5701
72090801a,Tayawa,SULAWESI,Sulawesi Tengah,Kab. Tojo Una Una,121.095,-1.4432,89,105.2083
72100101a,Biromaru,SULAWESI,Sulawesi Tengah,Kab. Sigi,119.92,-0.96,17,96.7684
72100201a,Bahagia,SULAWESI,Sulawesi Tengah,Kab. Sigi,120.1,-1.15,69,175.6812
72100202a,Makmur,SULAWESI,Sulawesi Tengah,Kab. Sigi,120.06,-1.14,146,175.6812
72100203a,Soulove,SULAWESI,Sulawesi Tengah,Kab. Sigi,119.9312,-1.0273,20,122.0482
72100401a,Lindu,SULAWESI,Sulawesi Tengah,Kab. Sigi,120.0501,-1.3259,68,52.0546
72100601a,Gimpu,SULAWESI,Sulawesi Tengah,Kab. Sigi,120.04,-1.62,91.5,54.3692
72100801a,Gumbasa,SULAWESI,Sulawesi Tengah,Kab. Sigi,119.94,-1.19,66.5,117.6967
72100901a,Baluase,SULAWESI,Sulawesi Tengah,Kab. Sigi,119.8941,-1.206,78,118.1001
72100902a,Mantikole,SULAWESI,Sulawesi Tengah,Kab. Sigi,119.87,-1.08,31,117.8773
72101201a,Sidondo,SULAWESI,Sulawesi Tengah,Kab. Sigi,119.91,-1.11,33.5,117.6967
72101202a,Tulo,SULAWESI,Sulawesi Tengah,Kab. Sigi,119.89,-1.02,4,117.8773
72101301a,Kinovaro,SULAWESI,Sulawesi Tengah,Kab. Sigi,119.8306,-0.96208,11,101.8651
72101401a,Sunju,SULAWESI,Sulawesi Tengah,Kab. Sigi,119.875,-0.95242,8,101.8651
72110101a,Banggai,SULAWESI,Sulawesi Tengah,Kab. Banggai Laut,123.5649,-1.6066,9.8,35.0216
72110601a,Banggai Selatan,SULAWESI,Sulawesi Tengah,Kab. Banggai Laut,123.5231,-1.6998,52.5,35.0216
72120701a,Soyo Jaya,SULAWESI,Sulawesi Tengah,Kab. Morowali Utara,121.2985,-1.7274,23,72.0012
72120801a,Womparigi,SULAWESI,Sulawesi Tengah,Kab. Morowali Utara,121.742,-1.7642,250.5,283.7161
72710101a,Layana Indah,SULAWESI,Sulawesi Tengah,Kota Palu,119.8969,-0.80983,9.5,76.8005
72710201a,Stageof Palu,SULAWESI,Sulawesi Tengah,Kota Palu,119.838,-0.905,50.1,101.8651
72710301a,Stamet Palu,SULAWESI,Sulawesi Tengah,Kota Palu,119.9019,-0.91878,7.6,96.7684
72710401a,Kayumalue,SULAWESI,Sulawesi Tengah,Kota Palu,119.8772,-0.7561,0,57.2584
73010101a,Benteng / Bontoharu,SULAWESI,Sulawesi Selatan,Kab. Kepulauan Selayar,120.4569,-6.1239,82,8.4845
73010201a,Mattalalang/Bontoharu,SULAWESI,Sulawesi Selatan,Kab. Kepulauan Selayar,120.4533,-6.15,71,8.4845
73010401a,Bontomanai/Polebungin,SULAWESI,Sulawesi Selatan,Kab. Kepulauan Selayar,120.4877,-6.0217,165,11.7448
73010501a,Pariangan / Bontosikuyu,SULAWESI,Sulawesi Selatan,Kab. Kepulauan Selayar,120.49,-6.27,47,4.9012
73010601a,Jampea / Pasimasunggu,SULAWESI,Sulawesi Selatan,Kab. Kepulauan Selayar,120.6332,-7.0603,3,1.4075
73010701a,Pasimarannu/Bonerate,SULAWESI,Sulawesi Selatan,Kab. Kepulauan Selayar,120.9702,-7.3091,4,0
73011001a,Pasimasunggu Timur,SULAWESI,Sulawesi Selatan,Kab. Kepulauan Selayar,120.7247,-7.0872,35,0.74544
73020201a,BPP Tanah Kongkong,SULAWESI,Sulawesi Selatan,Kab. Bulukumba,120.1814,-5.5639,95,16.204
73020301a,Bonto Bahari,SULAWESI,Sulawesi Selatan,Kab. Bulukumba,120.365,-5.5319,158,30.7999
73020401a,Bontotanga,SULAWESI,Sulawesi Selatan,Kab. Bulukumba,120.35,-5.44,108,42.5954
73020501a,Herlang,SULAWESI,Sulawesi Selatan,Kab. Bulukumba,120.3728,-5.3986,151,53.2859
73020601a,Tanajaya / Kajang,SULAWESI,Sulawesi Selatan,Kab. Bulukumba,120.3519,-5.3433,298,53.2859
73020801a,Bulo-Bulo / Tanete,SULAWESI,Sulawesi Selatan,Kab. Bulukumba,120.1436,-5.3589,115,50.7606
73020802a,Borong Rapoa,SULAWESI,Sulawesi Selatan,Kab. Bulukumba,120.0442,-5.3942,104,34.6319
73020901a,Bpp. Paruku/Ujung Loe,SULAWESI,Sulawesi Selatan,Kab. Bulukumba,120.2739,-5.3406,115,54.4906
73021001a,Ex SMPK Batukaropa,SULAWESI,Sulawesi Selatan,Kab. Bulukumba,120.2219,-5.4692,119,28.2218
73030101a,Campagaloe/ Bonto Jaya,SULAWESI,Sulawesi Selatan,Kab. Bantaeng,119.8744,-5.5342,23,3.5796
73030102a,Bonto Cinde,SULAWESI,Sulawesi Selatan,Kab. Bantaeng,119.8889,-5.5478,47,3.5796
73030201a,Bippl. Lamalaka,SULAWESI,Sulawesi Selatan,Kab. Bantaeng,119.9611,-5.5522,39,3.8136
73030202a,Allu/ Karatuang,SULAWESI,Sulawesi Selatan,Kab. Bantaeng,119.9619,-5.5256,24,3.8136
73030301a,Kampala / Eremerasa,SULAWESI,Sulawesi Selatan,Kab. Bantaeng,120.0044,-5.4825,93,13.6991
73030501a,Pa' Jukukang / Nipa - Nipa,SULAWESI,Sulawesi Selatan,Kab. Bantaeng,120.0175,-5.5614,116,6.5821
73030601a,Loka/Ulu Ere,SULAWESI,Sulawesi Selatan,Kab. Bantaeng,119.9128,-5.4453,197,11.4624
73030701a,Dampang,SULAWESI,Sulawesi Selatan,Kab. Bantaeng,120.0383,-5.4953,69,13.6991
73030702a,Baji Minasa,SULAWESI,Sulawesi Selatan,Kab. Bantaeng,120.0731,-5.4989,70,13.6991
73030703a,Layoa,SULAWESI,Sulawesi Selatan,Kab. Bantaeng,120.085,-5.535,57,6.5821
73030801a,Bonto Maccini,SULAWESI,Sulawesi Selatan,Kab. Bantaeng,119.9342,-5.5044,53,3.8136
73040101a,BPP Benteng,SULAWESI,Sulawesi Selatan,Kab. Jeneponto,119.5636,-5.5794,2,4.6834
73040301a,Ex Smpk Pakkaterang,SULAWESI,Sulawesi Selatan,Kab. Jeneponto,119.7333,-5.6714,0,0.95078
73040401a,Tarowang,SULAWESI,Sulawesi Selatan,Kab. Jeneponto,119.8614,-5.6019,2,2.5354
73040601a,Kantor Kelurahan Bulu Jaya,SULAWESI,Sulawesi Selatan,Kab. Jeneponto,119.5436,-5.4906,79,10.6309
73040702a,Bangkalaloe,SULAWESI,Sulawesi Selatan,Kab. Jeneponto,119.7236,-5.6008,0,0.95078
73040801a,Bontomatene,SULAWESI,Sulawesi Selatan,Kab. Jeneponto,119.775,-5.6144,0,0.95078
73040902a,Pattiroang,SULAWESI,Sulawesi Selatan,Kab. Jeneponto,119.8169,-5.6511,12,2.5354
73050101a,Bb Paddingin,SULAWESI,Sulawesi Selatan,Kab. Takalar,119.41,-5.4258,26,21.6692
73050301a,Cakura,SULAWESI,Sulawesi Selatan,Kab. Takalar,119.5108,-5.425,177,10.6309
73050401a,Bppk. Polobangkeng Utara,SULAWESI,Sulawesi Selatan,Kab. Takalar,119.4539,-5.3922,21,60.3628
73050402a,Ko'Mara,SULAWESI,Sulawesi Selatan,Kab. Takalar,119.551,-5.3918,112,13.9111
73050403a,ex SMPK PG. Takalar,SULAWESI,Sulawesi Selatan,Kab. Takalar,119.5011,-5.3575,59,13.9111
73050601a,Bonto Lebang,SULAWESI,Sulawesi Selatan,Kab. Takalar,119.3869,-5.4244,33,13.9602
73050701a,Pattalassang,SULAWESI,Sulawesi Selatan,Kab. Takalar,119.4317,-5.4247,71,21.6692
73051001a,Pulau Tanakeke,SULAWESI,Sulawesi Selatan,Kab. Takalar,119.2936,-5.5,1,2.6102
73060101a,Bontonompo / Barembeng,SULAWESI,Sulawesi Selatan,Kab. Gowa,119.4233,-5.3536,37,60.3628
73060201a,Kipp Limbung / Bpp. Limbung,SULAWESI,Sulawesi Selatan,Kab. Gowa,119.4378,-5.2906,14,31.7498
73060301a,Bb. Garing,SULAWESI,Sulawesi Selatan,Kab. Gowa,119.8414,-5.4422,37,11.3528
73060302a,Ex Smpk Bpp. Malakaji,SULAWESI,Sulawesi Selatan,Kab. Gowa,119.8481,-5.4342,0,11.3528
73060401a,Ex Smpk Bb. Malino/Bpp. Tinggi Moncong,SULAWESI,Sulawesi Selatan,Kab. Gowa,119.8536,-5.2528,63,39.6135
73060403a,Tinggimoncong/ Bbi Kentang,SULAWESI,Sulawesi Selatan,Kab. Gowa,119.9129,-5.2493,38,55.3571
73060502a,Bbi Horti / Bonto - Bonto,SULAWESI,Sulawesi Selatan,Kab. Gowa,119.5675,-5.2856,66,28.2561
73060802a,Stageof Gowa Pagentungan,SULAWESI,Sulawesi Selatan,Kab. Gowa,119.4756,-5.1998,9,47.0489
73060901a,Molonro / Bungaya,SULAWESI,Sulawesi Selatan,Kab. Gowa,119.7331,-5.3633,65,8.8684
73061501a,Paranglompoa / Paladingan,SULAWESI,Sulawesi Selatan,Kab. Gowa,119.8028,-5.3814,56,20.2971
73070101a,Manipi / S. Barat,SULAWESI,Sulawesi Selatan,Kab. Sinjai,120.0136,-5.2058,80,79.9876
73070201a,Aska / S. Selatan,SULAWESI,Sulawesi Selatan,Kab. Sinjai,120.2189,-5.2125,182,92.3444
73070301a,Panaikang,SULAWESI,Sulawesi Selatan,Kab. Sinjai,120.2544,-5.1539,216,123.9027
73070401a,Bpp. Lapadatta,SULAWESI,Sulawesi Selatan,Kab. Sinjai,120.1678,-5.1589,321,115.4686
73070501a,Biringere / S. Utara,SULAWESI,Sulawesi Selatan,Kab. Sinjai,120.2539,-5.1256,240,123.9027
73070701a,Pasir Putih,SULAWESI,Sulawesi Selatan,Kab. Sinjai,120.0658,-5.3242,132,34.6319
73080101a,Bontocani,SULAWESI,Sulawesi Selatan,Kab. Bone,120.0803,-5.0275,100,121.6324
73080201a,Bpp Kahu,SULAWESI,Sulawesi Selatan,Kab. Bone,120.1131,-4.9653,287,122.5488
73080301a,Bpp. Bontobulaeng/Kajuara,SULAWESI,Sulawesi Selatan,Kab. Bone,120.2484,-5.0869,263,169.0269
73080402a,Bpp Manera Salomekko,SULAWESI,Sulawesi Selatan,Kab. Bone,120.2669,-4.9822,327,181.2799
73080501a,Bpp Tonra,SULAWESI,Sulawesi Selatan,Kab. Bone,120.2725,-4.9556,349,181.2799
73080601f,SMPK PG Camming,SULAWESI,Sulawesi Selatan,Kab. Bone,120.0925,-4.8589,508,131.8165
73080701a,Bpp Mare,SULAWESI,Sulawesi Selatan,Kab. Bone,120.3431,-4.8028,302,240.9708
73080802a,Bpp. Sibulue,SULAWESI,Sulawesi Selatan,Kab. Bone,120.3608,-4.6633,393,224.0644
73080904a,Bpp Barebbo / Attabaja,SULAWESI,Sulawesi Selatan,Kab. Bone,120.3467,-4.6017,138,224.0644
73080905a,Talungeng/Desa Kading,SULAWESI,Sulawesi Selatan,Kab. Bone,120.3339,-4.587,290,167.3047
73081001a,ex SMPK PG. Arasoe,SULAWESI,Sulawesi Selatan,Kab. Bone,120.3189,-4.7225,309,214.8313
73081101a,Ponre,SULAWESI,Sulawesi Selatan,Kab. Bone,120.1886,-4.6497,427,161.2286
73081401a,Ulaweng,SULAWESI,Sulawesi Selatan,Kab. Bone,120.1375,-4.5247,261,151.0635
73081502a,Bpp Palakka,SULAWESI,Sulawesi Selatan,Kab. Bone,120.2628,-4.5658,279,152.0315
73081601a,Ma'Cope / Awangpone,SULAWESI,Sulawesi Selatan,Kab. Bone,120.3469,-4.4964,266.5,201.317
73081702a,Bpp. Lanca / Tellu Siattinge,SULAWESI,Sulawesi Selatan,Kab. Bone,120.2383,-4.3844,262,132.6063
73081801a,Bpp. Ajangale / Pompanua,SULAWESI,Sulawesi Selatan,Kab. Bone,120.1858,-4.2342,243,126.0806
73081902a,Bpp Dua Boccoe,SULAWESI,Sulawesi Selatan,Kab. Bone,120.2506,-4.3217,159,132.6063
73082001a,Cenrana,SULAWESI,Sulawesi Selatan,Kab. Bone,120.3206,-4.3303,53,179.9879
73082101a,Biru/Tanete Riatang,SULAWESI,Sulawesi Selatan,Kab. Bone,120.325,-4.5628,315,167.3047
73082301a,Cellu/Tanete Riatang Timur,SULAWESI,Sulawesi Selatan,Kab. Bone,120.3317,-4.5603,345,167.3047
73082401a,Bpp Amali,SULAWESI,Sulawesi Selatan,Kab. Bone,120.11,-4.4039,163,152.1717
73082501a,Bpp Tellulimpoe,SULAWESI,Sulawesi Selatan,Kab. Bone,120.2326,-5.2717,149,92.3444
73082601a,Bpp Bengo/ Selli,SULAWESI,Sulawesi Selatan,Kab. Bone,120.02,-4.6233,252,144.7094
73090102a,Stamet Hasanuddin,SULAWESI,Sulawesi Selatan,Kab. Maros,119.5417,-5.0583,59,23.9796
73090303a,Bpp. Bantimurung /Minasabaji,SULAWESI,Sulawesi Selatan,Kab. Maros,119.6339,-5.0094,59,27.8769
73090401a,Staklim Maros,SULAWESI,Sulawesi Selatan,Kab. Maros,119.5719,-4.9975,62,46.9656
73090701a,Bpp Tanralili,SULAWESI,Sulawesi Selatan,Kab. Maros,119.6124,-5.0658,74,27.8769
73090801a,Pattene Marusu,SULAWESI,Sulawesi Selatan,Kab. Maros,119.5117,-5.0589,0,23.9796
73091002a,Kappang,SULAWESI,Sulawesi Selatan,Kab. Maros,119.7522,-5.0142,33,42.6249
73091101a,Bpp Tompobulu,SULAWESI,Sulawesi Selatan,Kab. Maros,119.6531,-5.1447,87,21.5207
73091102a,Tombolo,SULAWESI,Sulawesi Selatan,Kab. Maros,119.6536,-5.1447,79,21.5207
73091301a,Bpp Moncongloe,SULAWESI,Sulawesi Selatan,Kab. Maros,119.5411,-5.1514,61,23.1665
73100401a,Jagong,SULAWESI,Sulawesi Selatan,Kab. Pangkajene Kepulauan,119.5325,-4.8353,124,116.8618
73100501a,Balocci,SULAWESI,Sulawesi Selatan,Kab. Pangkajene Kepulauan,119.7022,-4.9206,55,43.2402
73100701a,Labakkang / Gentung,SULAWESI,Sulawesi Selatan,Kab. Pangkajene Kepulauan,119.5453,-4.7517,23,104.5024
73100801a,Bpp Ma'Rang,SULAWESI,Sulawesi Selatan,Kab. Pangkajene Kepulauan,119.5708,-4.6719,37,82.4346
73100802a,Padang lampe,SULAWESI,Sulawesi Selatan,Kab. Pangkajene Kepulauan,119.6183,-4.7347,58,78.9646
73100901a,Segeri,SULAWESI,Sulawesi Selatan,Kab. Pangkajene Kepulauan,119.5772,-4.6628,39,82.4346
73101001a,Minasate'ne,SULAWESI,Sulawesi Selatan,Kab. Pangkajene Kepulauan,119.5739,-4.8317,39,116.8618
73101101a,Segeri / Mandale,SULAWESI,Sulawesi Selatan,Kab. Pangkajene Kepulauan,119.6006,-4.6083,34,105.3076
73110101a,Tompo Lemo-Lemo (Sdn. Menrong),SULAWESI,Sulawesi Selatan,Kab. Barru,119.7731,-4.5108,18,184.6017
73110201a,Bpp Tanete Rilau,SULAWESI,Sulawesi Selatan,Kab. Barru,119.6081,-4.4806,44,114.4549
73110301a,Ex. Smpk Bpp Jampue,SULAWESI,Sulawesi Selatan,Kab. Barru,119.6233,-4.3947,34,65.8615
73110302a,Sumpang Binangae,SULAWESI,Sulawesi Selatan,Kab. Barru,119.6186,-4.4092,17,114.4549
73110303a,Kaerange Palakka,SULAWESI,Sulawesi Selatan,Kab. Barru,119.7122,-4.4319,111,149.1142
73110501a,Bpp Palanro,SULAWESI,Sulawesi Selatan,Kab. Barru,119.6386,-4.1703,27,44.5942
73110502a,Bojo,SULAWESI,Sulawesi Selatan,Kab. Barru,119.6153,-4.0842,71,24.6472
73110601a,Bpp. Pujananting (Doi-Doi),SULAWESI,Sulawesi Selatan,Kab. Barru,119.7014,-4.5886,57,184.6017
73110701a,Bpp Balusu,SULAWESI,Sulawesi Selatan,Kab. Barru,119.6397,-4.3161,15,65.8615
73120101a,Bpp. Marioriwawo,SULAWESI,Sulawesi Selatan,Kab. Soppeng,119.9514,-4.4533,131,188.7904
73120201a,Bpp. Pattojo / Liliriaja,SULAWESI,Sulawesi Selatan,Kab. Soppeng,119.9447,-4.3969,186,119.481
73120301a,Pajalesang/BPP Lilirilau,SULAWESI,Sulawesi Selatan,Kab. Soppeng,119.9631,-4.3392,100,119.481
73120401a,Smpk Bpp. Malanroe / Bpp. Lalabata,SULAWESI,Sulawesi Selatan,Kab. Soppeng,119.9164,-4.345,93,119.481
73120402a,Watansoppeng,SULAWESI,Sulawesi Selatan,Kab. Soppeng,119.8834,-4.3616,42,122.1935
73120501a,Bpp. Panincong,SULAWESI,Sulawesi Selatan,Kab. Soppeng,119.8867,-4.2094,144,97.286
73120601a,Donri - Donri,SULAWESI,Sulawesi Selatan,Kab. Soppeng,119.8708,-4.2725,212,97.286
73120701a,BPP Ganra,SULAWESI,Sulawesi Selatan,Kab. Soppeng,119.9281,-4.2994,87,97.6848
73120801a,Citta,SULAWESI,Sulawesi Selatan,Kab. Soppeng,120.0219,-4.4283,135,182.6465
73130101a,Bbi. Canru,SULAWESI,Sulawesi Selatan,Kab. Wajo,120.0122,-4.2344,119,109.2998
73130201a,Bpp. Palaguna,SULAWESI,Sulawesi Selatan,Kab. Wajo,120.0378,-4.1703,218,114.0487
73130301a,BPP Takkalalla/Peneki,SULAWESI,Sulawesi Selatan,Kab. Wajo,120.285,-4.1786,242,139.2813
73130401a,ex. SMPK Sakkoli,SULAWESI,Sulawesi Selatan,Kab. Wajo,120.2217,-3.9572,284,132.3477
73130501a,Paria,SULAWESI,Sulawesi Selatan,Kab. Wajo,120.1261,-4.0306,186,120.0688
73130502a,Tosora / Majauleng,SULAWESI,Sulawesi Selatan,Kab. Wajo,120.0972,-4.1417,161,114.0487
73130601a,Tempe,SULAWESI,Sulawesi Selatan,Kab. Wajo,120.0381,-4.1375,172,114.0487
73130701a,Menge / Belawa,SULAWESI,Sulawesi Selatan,Kab. Wajo,119.9189,-3.9819,74,90.2188
73130801a,ex. SMPK. Bontouse,SULAWESI,Sulawesi Selatan,Kab. Wajo,120.0303,-4.0456,123,112.3562
73130901a,Anabanua,SULAWESI,Sulawesi Selatan,Kab. Wajo,120.0644,-3.9433,142,106.4928
73131001a,Siwa,SULAWESI,Sulawesi Selatan,Kab. Wajo,120.3636,-3.7497,330,204.4309
73131101a,Sanreseng Ade,SULAWESI,Sulawesi Selatan,Kab. Wajo,120.2647,-4.2306,260,126.281
73131401a,BPP Keera,SULAWESI,Sulawesi Selatan,Kab. Wajo,120.3419,-3.85,312,162.781
73140101a,Bilokka,SULAWESI,Sulawesi Selatan,Kab. Sidenreng Rappang,119.8367,-4.0617,58,66.7679
73140201a,Amparita,SULAWESI,Sulawesi Selatan,Kab. Sidenreng Rappang,119.81,-3.98,45,67.4938
73140301a,Bpp. Watan Pulu/Lawawoi,SULAWESI,Sulawesi Selatan,Kab. Sidenreng Rappang,119.7592,-3.88,45,41.2106
73140502a,Ex Smpk Lanrang,SULAWESI,Sulawesi Selatan,Kab. Sidenreng Rappang,119.8264,-3.8483,62,68.1057
73140702a,Sereang/Sidrap,SULAWESI,Sulawesi Selatan,Kab. Sidenreng Rappang,119.78,-3.94,54,41.3026
73140703a,Kompleks SKPD Sidrap,SULAWESI,Sulawesi Selatan,Kab. Sidenreng Rappang,119.7772,-3.9325,47,41.3026
73140901a,Bb. Tanrutedong/Dua Pitue,SULAWESI,Sulawesi Selatan,Kab. Sidenreng Rappang,119.9958,-3.8848,142,116.3423
73141001a,Bulu Cenrana/Pituriawa,SULAWESI,Sulawesi Selatan,Kab. Sidenreng Rappang,119.9539,-3.8495,72,116.3423
73150101a,Bpp. Langnga/Mattiro Sompe,SULAWESI,Sulawesi Selatan,Kab. Pinrang,119.5283,-3.8394,6,17.5282
73150302a,Bpp. Mananrang/Mattiro Bulu,SULAWESI,Sulawesi Selatan,Kab. Pinrang,119.6419,-3.8422,38,21.7118
73150401a,BB Awang-awang/Watang Sawitto,SULAWESI,Sulawesi Selatan,Kab. Pinrang,119.6408,-3.7881,43,25.9626
73150501a,BB Leppangen,SULAWESI,Sulawesi Selatan,Kab. Pinrang,119.6283,-3.7344,67,25.9626
73150601a,Lampa/Duampanua,SULAWESI,Sulawesi Selatan,Kab. Pinrang,119.5331,-3.6606,226,16.3688
73150602a,BPP Pekabatta/Bittoeng,SULAWESI,Sulawesi Selatan,Kab. Pinrang,119.5344,-3.6414,115,16.3688
73150702a,Bpp. Lemo Susu/Lembang,SULAWESI,Sulawesi Selatan,Kab. Pinrang,119.5389,-3.4644,94,41.5773
73150703a,Todokkong/Tuppu/Lembang,SULAWESI,Sulawesi Selatan,Kab. Pinrang,119.5286,-3.5378,39,23.4262
73150801a,Bpp. Cempa,SULAWESI,Sulawesi Selatan,Kab. Pinrang,119.5883,-3.7453,67,15.0988
73151001a,Lanrisang,SULAWESI,Sulawesi Selatan,Kab. Pinrang,119.5744,-3.8919,23,17.5282
73160101a,Maiwa / Maroangin,SULAWESI,Sulawesi Selatan,Kab. Enrekang,119.8572,-3.7669,105.2,100.0495
73160201a,Enrekang,SULAWESI,Sulawesi Selatan,Kab. Enrekang,119.7742,-3.5756,120,77.8414
73160202a,Garutu,SULAWESI,Sulawesi Selatan,Kab. Enrekang,119.7544,-3.4972,101,59.9351
73160301a,Baraka,SULAWESI,Sulawesi Selatan,Kab. Enrekang,119.8572,-3.4108,36,80.4516
73160302a,Baroko,SULAWESI,Sulawesi Selatan,Kab. Enrekang,119.7697,-3.3069,100.4,70.4126
73160402a,Bpp Anggareja,SULAWESI,Sulawesi Selatan,Kab. Enrekang,119.7947,-3.3781,53,70.4126
73160601a,Bungin,SULAWESI,Sulawesi Selatan,Kab. Enrekang,119.95,-3.5397,177,153.7734
73160701a,Kabere / Cendana,SULAWESI,Sulawesi Selatan,Kab. Enrekang,119.7869,-3.6675,22,64.6159
73160801a,Curio,SULAWESI,Sulawesi Selatan,Kab. Enrekang,119.9053,-3.3117,143,124.8323
73160901a,Malua,SULAWESI,Sulawesi Selatan,Kab. Enrekang,119.8667,-3.3831,46,89.2522
73161001a,Buntu Batu,SULAWESI,Sulawesi Selatan,Kab. Enrekang,119.9047,-3.4672,153,91.7707
73161101a,Masalle,SULAWESI,Sulawesi Selatan,Kab. Enrekang,119.75,-3.3439,220,70.4126
73170201a,Larompong,SULAWESI,Sulawesi Selatan,Kab. Luwu,120.3675,-3.5339,188,295.6087
73170301a,Suli,SULAWESI,Sulawesi Selatan,Kab. Luwu,120.3667,-3.4656,249,300.3713
73170401a,Bpp. Bajo,SULAWESI,Sulawesi Selatan,Kab. Luwu,120.3831,-3.3656,140,238.2283
73170601a,Batusitanduk/Lamasi,SULAWESI,Sulawesi Selatan,Kab. Luwu,120.2003,-2.8044,61,183.9488
73170602a,Bpp. Tombang/Ip3 Karetan/Walenrang,SULAWESI,Sulawesi Selatan,Kab. Luwu,120.1556,-2.8853,168,177.7289
73170701a,Belopa,SULAWESI,Sulawesi Selatan,Kab. Luwu,120.3639,-3.3797,172,238.2283
73170801a,Bastem/Bua,SULAWESI,Sulawesi Selatan,Kab. Luwu,120.2328,-3.0917,166,228.3005
73171001a,Larompong Selatan,SULAWESI,Sulawesi Selatan,Kab. Luwu,120.3997,-3.6083,248,255.9792
73171101a,Padang Sappa,SULAWESI,Sulawesi Selatan,Kab. Luwu,120.3144,-3.3656,129,238.2283
73171801a,Sinangkala/Lamasi Timur,SULAWESI,Sulawesi Selatan,Kab. Luwu,120.1556,-3.3481,225,175.1971
73180101a,Bpp. Ulusalu,SULAWESI,Sulawesi Selatan,Kab. Tana Toraja,119.7664,-3.0483,150,95.584
73180301a,Bpp. Bonggakaradeng/Leon,SULAWESI,Sulawesi Selatan,Kab. Tana Toraja,119.7253,-3.1931,40,77.3077
73180501a,Toa'O,SULAWESI,Sulawesi Selatan,Kab. Tana Toraja,119.8525,-3.0911,41,138.3551
73180901a,Stamet Pongtiku Tana Toraja,SULAWESI,Sulawesi Selatan,Kab. Tana Toraja,119.8188,-3.0452,46,138.3551
73181201a,BPP Mengkendek/Tampo,SULAWESI,Sulawesi Selatan,Kab. Tana Toraja,119.8975,-3.2094,42,108.8522
73181202a,Mebali,SULAWESI,Sulawesi Selatan,Kab. Tana Toraja,119.8867,-3.1969,76,108.9789
73182701a,Makale Utara,SULAWESI,Sulawesi Selatan,Kab. Tana Toraja,119.8706,-3.0511,112,138.3551
73183301a,Sangalla Selatan,SULAWESI,Sulawesi Selatan,Kab. Tana Toraja,119.9062,-3.1084,81,152.5241
73183401a,Bpp. Sangalla,SULAWESI,Sulawesi Selatan,Kab. Tana Toraja,119.9203,-3.0733,52,193.4249
73183501a,Bpp. Malimbong/Rembong,SULAWESI,Sulawesi Selatan,Kab. Tana Toraja,119.7836,-3.0792,93,95.584
73220101a,Amasangen/ Malangke,SULAWESI,Sulawesi Selatan,Kab. Luwu Utara,120.43,-2.78,184,246.4731
73220201a,Ex. Smpk. Bone-Bone,SULAWESI,Sulawesi Selatan,Kab. Luwu Utara,120.54,-2.56,296,230.9843
73220202f,SMPK Plus Mariri (Tamuku),SULAWESI,Sulawesi Selatan,Kab. Luwu Utara,120.5331,-2.6411,230,284.8785
73220302a,Stamet Masamba,SULAWESI,Sulawesi Selatan,Kab. Luwu Utara,120.3242,-2.5544,184,138.4053
73220401a,Bpp. Sabbang,SULAWESI,Sulawesi Selatan,Kab. Luwu Utara,120.21,-2.52,135,123.0125
73220501a,Limbong/Rongkong,SULAWESI,Sulawesi Selatan,Kab. Luwu Utara,119.9678,-2.5636,117,110.4733
73220601a,Sukamaju,SULAWESI,Sulawesi Selatan,Kab. Luwu Utara,120.48,-2.54,200,194.2879
73220701a,Seko,SULAWESI,Sulawesi Selatan,Kab. Luwu Utara,119.8875,-2.2708,139,49.7369
73220801a,Malangke Barat,SULAWESI,Sulawesi Selatan,Kab. Luwu Utara,120.25,-2.76,228,187.9509
73220901a,Rampi,SULAWESI,Sulawesi Selatan,Kab. Luwu Utara,120.2228,-2.1253,162,37.7678
73221001a,Bpp. Cendana Putih/Mappadeceng,SULAWESI,Sulawesi Selatan,Kab. Luwu Utara,120.38,-2.58,153,138.4053
73221101a,Baebunta,SULAWESI,Sulawesi Selatan,Kab. Luwu Utara,120.19,-2.46,66,79.5788
73240101a,Maleku/ Wonorejo/Mangkutana,SULAWESI,Sulawesi Selatan,Kab. Luwu Timur,120.65,-2.35,283,99.1002
73240301a,Towuti,SULAWESI,Sulawesi Selatan,Kab. Luwu Timur,121.3689,-2.6394,86,134.3769
73240401a,Desa Malili,SULAWESI,Sulawesi Selatan,Kab. Luwu Timur,121.3067,-2.64,236,134.3769
73240501a,Bpp. Angkona,SULAWESI,Sulawesi Selatan,Kab. Luwu Timur,120.97,-2.59,91,222.5062
73240502a,Dinas Pertanian Malili,SULAWESI,Sulawesi Selatan,Kab. Luwu Timur,121.1189,-2.6158,205,171.7941
73240601a,Wotu,SULAWESI,Sulawesi Selatan,Kab. Luwu Timur,120.81,-2.6,385,248.8203
73240701a,Bonepute/Wotu/Burau,SULAWESI,Sulawesi Selatan,Kab. Luwu Timur,120.74,-2.57,338,213.2282
73240801a,Tomoni,SULAWESI,Sulawesi Selatan,Kab. Luwu Timur,120.73,-2.4167,251,166.5398
73241101a,Wasuponda / Nuha,SULAWESI,Sulawesi Selatan,Kab. Luwu Timur,121.38,-2.44,128,113.4951
73260101a,Bpp. Rantepao,SULAWESI,Sulawesi Selatan,Kab. Toraja Utara,119.895,-2.9586,116,152.6403
73260201a,Bpp. To'Karau/Sesean,SULAWESI,Sulawesi Selatan,Kab. Toraja Utara,119.9469,-2.895,177,192.8474
73260301a,Nanggala,SULAWESI,Sulawesi Selatan,Kab. Toraja Utara,119.9908,-2.9887,392,195.9161
73260401a,BPP Rindingallo,SULAWESI,Sulawesi Selatan,Kab. Toraja Utara,119.81,-2.905,89,152.6403
73260701a,Bpp. Sanggalangi,SULAWESI,Sulawesi Selatan,Kab. Toraja Utara,119.9142,-3.0186,43,193.4249
73261001a,Balusu,SULAWESI,Sulawesi Selatan,Kab. Toraja Utara,119.9961,-2.9225,216,195.9161
73261501a,Kesu',SULAWESI,Sulawesi Selatan,Kab. Toraja Utara,119.9146,-2.98,119,195.9161
73261601a,Tondon,SULAWESI,Sulawesi Selatan,Kab. Toraja Utara,119.9491,-2.9586,120,195.9161
73261801a,Rantebua,SULAWESI,Sulawesi Selatan,Kab. Toraja Utara,119.9858,-3.0903,83,193.4249
73262001a,Kapalapitu,SULAWESI,Sulawesi Selatan,Kab. Toraja Utara,119.8389,-2.9364,180,152.6403
73710901a,Balai Wil. Iv,SULAWESI,Sulawesi Selatan,Kota Makassar,119.4522,-5.1489,19,47.0489
73711001a,Bpp Barombong,SULAWESI,Sulawesi Selatan,Kota Makassar,119.3933,-5.2083,2,32.7092
73711201a,Biring Romang,SULAWESI,Sulawesi Selatan,Kota Makassar,119.4792,-5.1756,33,47.0489
73720301a,Bukit Harapan,SULAWESI,Sulawesi Selatan,Kota Pare Pare,119.6625,-5.0197,34,27.8769
73730101a,Wara,SULAWESI,Sulawesi Selatan,Kota Palopo,120.17,-3.04,221,221.7127
73730401a,Telluwanua Pengat,SULAWESI,Sulawesi Selatan,Kota Palopo,120.1928,-2.9089,210,213.6051
73730402a,BPP Tellu Wanua,SULAWESI,Sulawesi Selatan,Kota Palopo,120.1798,-2.9158,343,213.6051
73730601a,Wara Barat,SULAWESI,Sulawesi Selatan,Kota Palopo,120.0996,-2.9597,84,202.3467
73730701a,BP3K Sendana Barat,SULAWESI,Sulawesi Selatan,Kota Palopo,120.2084,-3.0501,173,228.3005
74010101a,Kowioha,SULAWESI,Sulawesi Tenggara,Kab. Kolaka,121.681,-4.112,253.2,302.1461
74010301a,Lapangisi,SULAWESI,Sulawesi Tenggara,Kab. Kolaka Timur,121.737,-3.9854,292.8,204.6095
74010401a,Balandete,SULAWESI,Sulawesi Tenggara,Kab. Kolaka,121.6272,-4.0653,281.3,238.4614
74010801a,Tandebura,SULAWESI,Sulawesi Tenggara,Kab. Kolaka,121.514,-4.503,171,121.8332
74010901a,Welala,SULAWESI,Sulawesi Tenggara,Kab. Kolaka Timur,121.916,-4.156,191,183.6375
74011003a,Ulu Wolo,SULAWESI,Sulawesi Tenggara,Kab. Kolaka,121.2675,-3.835,89.7,126.1311
74011401a,Induha,SULAWESI,Sulawesi Tenggara,Kab. Kolaka,121.5316,-4.018,269.7,245.7622
74011801a,Petudua,SULAWESI,Sulawesi Tenggara,Kab. Kolaka,121.556,-4.3454,147,218.9027
74012002a,Kaloloa,SULAWESI,Sulawesi Tenggara,Kab. Kolaka,121.3644,-3.9817,138,159.571
74012401a,Rano Jaya,SULAWESI,Sulawesi Tenggara,Kab. Kolaka,121.504,-4.542,139.5,121.8332
74020101a,Asaki,SULAWESI,Sulawesi Tenggara,Kab. Konawe,122.07,-3.9483,240.5,245.5417
74020201a,Puunaha,SULAWESI,Sulawesi Tenggara,Kab. Konawe,122.062,-3.834,206.3,246.5978
74020301a,Lalosabila,SULAWESI,Sulawesi Tenggara,Kab. Konawe,122.0928,-3.8717,236,246.5978
74020501a,Pohara,SULAWESI,Sulawesi Tenggara,Kab. Konawe,122.3948,-3.9816,226,259.1233
74021001a,Padang Mekar,SULAWESI,Sulawesi Tenggara,Kab. Konawe,121.8875,-3.7303,211.5,227.8702
74021701a,Watundehoa,SULAWESI,Sulawesi Tenggara,Kab. Konawe,122.12,-4.0456,274,154.6572
74021801a,Humboto,SULAWESI,Sulawesi Tenggara,Kab. Konawe,122.06,-3.9207,253.2,245.5417
74021901a,Lalohao,SULAWESI,Sulawesi Tenggara,Kab. Konawe,122.175,-3.947,180.5,219.9933
74022501a,Tudameaso,SULAWESI,Sulawesi Tenggara,Kab. Konawe,122.2082,-3.842,290.5,215.2855
74032002a,Liabalano,SULAWESI,Sulawesi Tenggara,Kab. Muna,122.6364,-4.8642,182.1,109.1115
74032401a,Kabawo,SULAWESI,Sulawesi Tenggara,Kab. Muna,122.4823,-4.9851,51.3,103.2872
74032501a,Walambeno Wite,SULAWESI,Sulawesi Tenggara,Kab. Muna,122.5036,-5.0878,87.4,103.6703
74032701a,Wakuru,SULAWESI,Sulawesi Tenggara,Kab. Muna,122.5214,-5.1389,67.4,51.6711
74040501a,Mawasangka,SULAWESI,Sulawesi Tenggara,Kab. Buton Tengah,122.3051,-5.2997,153.6,115.9386
74040701a,Lakudo,SULAWESI,Sulawesi Tenggara,Kab. Buton Tengah,122.5331,-5.3203,132,49.1188
74040901a,Laompo,SULAWESI,Sulawesi Tenggara,Kab. Buton Selatan,122.6006,-5.6081,63.5,23.7217
74041101a,Kaongkeongkea,SULAWESI,Sulawesi Tenggara,Kab. Buton,122.7561,-5.4719,155,33.6814
74041901a,Kaofe,SULAWESI,Sulawesi Tenggara,Kab. Buton Selatan,122.4758,-5.545,71.5,15.3914
74042001a,Siompu,SULAWESI,Sulawesi Tenggara,Kab. Buton Selatan,122.5048,-5.6741,40.5,20.5374
74042201a,Wakangka,SULAWESI,Sulawesi Tenggara,Kab. Buton,122.8281,-5.2089,175,15.2174
74042301a,Sribatara,SULAWESI,Sulawesi Tenggara,Kab. Buton,123.035,-5.1503,193.5,97.4347
74042401a,Wajah Jaya,SULAWESI,Sulawesi Tenggara,Kab. Buton,123.1361,-5.2883,226.5,83.9759
74042801a,Wolowa,SULAWESI,Sulawesi Tenggara,Kab. Buton,122.9333,-5.4167,95.8,21.3418
74050101a,Ngapaha,SULAWESI,Sulawesi Tenggara,Kab. Konawe Selatan,122.2102,-4.4594,99,148.647
74050201a,Lamooso,SULAWESI,Sulawesi Tenggara,Kab. Konawe Selatan,122.1707,-4.1175,259.9,145.9587
74050401a,Wawonggura,SULAWESI,Sulawesi Tenggara,Kab. Konawe Selatan,122.3375,-4.3519,219.7,184.8898
74050501a,Lakomea,SULAWESI,Sulawesi Tenggara,Kab. Konawe Selatan,122.3222,-4.1025,276.5,190.0924
74050603a,Kaindi,SULAWESI,Sulawesi Tenggara,Kab. Konawe Selatan,122.5994,-4.3875,273,291.7117
74051001a,Margacinta,SULAWESI,Sulawesi Tenggara,Kab. Konawe Selatan,122.6418,-4.1498,348,329.045
74051202a,Lambodi Jaya,SULAWESI,Sulawesi Tenggara,Kab. Konawe Selatan,122.0592,-4.3952,138.5,151.0221
74051501a,Mulya Sari,SULAWESI,Sulawesi Tenggara,Kab. Konawe Selatan,122.2375,-4.0958,214.5,170.8129
74051801a,Wolasi,SULAWESI,Sulawesi Tenggara,Kab. Konawe Selatan,122.498,-4.2033,185.5,235.3491
74051902a,Rambu-Rambu,SULAWESI,Sulawesi Tenggara,Kab. Konawe Selatan,122.45,-4.31,137,244.35
74060202a,Teppoe,SULAWESI,Sulawesi Tenggara,Kab. Bombana,121.7561,-4.8164,92,20.4611
74060302a,Taubonto,SULAWESI,Sulawesi Tenggara,Kab. Bombana,121.9353,-4.7178,179.4,76.418
74060401a,Kasipute,SULAWESI,Sulawesi Tenggara,Kab. Bombana,122.0213,-4.7469,142,101.7838
74060602a,Kabaena Timur,SULAWESI,Sulawesi Tenggara,Kab. Bombana,122.0439,-5.31,228.3,26.2184
74060702a,Toari Bombana,SULAWESI,Sulawesi Tenggara,Kab. Bombana,121.4843,-4.6016,146,88.645
74062201a,Lamuru (Bombana),SULAWESI,Sulawesi Tenggara,Kab. Bombana,121.7639,-4.4923,77,153.1302
74080402a,Rante Baru 2,SULAWESI,Sulawesi Tenggara,Kab. Kolaka Utara,121.0259,-3.6676,80,87.5286
74090102a,Wanggudu,SULAWESI,Sulawesi Tenggara,Kab. Konawe Utara,122.151,-3.578,162.7,474.4514
74090301a,Langgikima,SULAWESI,Sulawesi Tenggara,Kab. Konawe Utara,122.233,-3.2924,394.5,657.0362
74090401a,Molawe,SULAWESI,Sulawesi Tenggara,Kab. Konawe Utara,122.196,-3.613,326,398.9477
74090501a,Andumowu,SULAWESI,Sulawesi Tenggara,Kab. Konawe Utara,122.239,-3.664,228.6,426.4966
74090601a,Lembo,SULAWESI,Sulawesi Tenggara,Kab. Konawe Utara,122.3728,-3.7491,45.4,302.7534
74090801a,Mopute,SULAWESI,Sulawesi Tenggara,Kab. Konawe Utara,122.058,-3.378,243,478.9869
74091301a,Landawe Utama,SULAWESI,Sulawesi Tenggara,Kab. Konawe Utara,122.1506,-3.2389,307,544.346
74100303a,Waode Angkalo,SULAWESI,Sulawesi Tenggara,Kab. Buton Utara,122.9883,-4.7792,455.5,193.1686
74120102a,Lamoluo,SULAWESI,Sulawesi Tenggara,Kab. Konawe Kepulauan,122.9908,-4.032,298.5,258.2344
74130102a,Maperaha,SULAWESI,Sulawesi Tenggara,Kab. Muna Barat,122.53,-4.7611,214,225.299
74711001a,Kambu,SULAWESI,Sulawesi Tenggara,Kota Kendari,122.5321,-3.9924,251.5,298.9155
74720301a,Kaisabu Baru,SULAWESI,Sulawesi Tenggara,Kota Bau Bau,122.6889,-5.4761,115.7,33.6743
74720401a,Bungi,SULAWESI,Sulawesi Tenggara,Kota Bau Bau,122.69,-5.3411,41,32.9849
74720402a,Waliabuku,SULAWESI,Sulawesi Tenggara,Kota Bau Bau,122.6728,-5.3972,99,32.9849
75010201a,Telaga,SULAWESI,Gorontalo,Kab. Gorontalo,123.0412,0.5808,2,22.2624
75010301a,Batudaa,SULAWESI,Gorontalo,Kab. Gorontalo,122.9775,0.5467,0.3,24.7571
75010401a,Stamet Djalaluddin,SULAWESI,Gorontalo,Kab. Gorontalo,122.8525,0.6385,0.9,25.9063
75010501a,Batudaa Pantai,SULAWESI,Gorontalo,Kab. Gorontalo,122.9297,0.54871,48.2,24.7571
75010901a,Boliyohuto,SULAWESI,Gorontalo,Kab. Gorontalo,122.6294,0.67313,0,5.8563
75011001a,Telaga Biru,SULAWESI,Gorontalo,Kab. Gorontalo,123.0441,0.7102,80.5,14.7247
75011002a,Stageof Gorontalo,SULAWESI,Gorontalo,Kab. Gorontalo,123.0142,0.6511,13.9,24.1466
75011101a,Bongomeme,SULAWESI,Gorontalo,Kab. Gorontalo,122.8319,0.5926,15.5,11.5445
75011301a,Lakeya,SULAWESI,Gorontalo,Kab. Gorontalo,122.5309,0.7066,47,9.5189
75011401a,Mootilango,SULAWESI,Gorontalo,Kab. Gorontalo,122.6634,0.7028,21,20.9861
75011601a,Pulubala,SULAWESI,Gorontalo,Kab. Gorontalo,122.7323,0.6356,23.6,13.716
75011701a,Limboto Barat,SULAWESI,Gorontalo,Kab. Gorontalo,122.9321,0.6385,21.5,27.0798
75011801a,Tilango,SULAWESI,Gorontalo,Kab. Gorontalo,123.0255,0.56949,7,22.2624
75011901a,Tabongo,SULAWESI,Gorontalo,Kab. Gorontalo,122.9154,0.59181,2.7,24.7571
75012001a,Biluhu,SULAWESI,Gorontalo,Kab. Gorontalo,122.7982,0.495,56,6.1689
75012101a,Asparaga,SULAWESI,Gorontalo,Kab. Gorontalo,122.4734,0.77247,53,5.6329
75012301a,Bilato,SULAWESI,Gorontalo,Kab. Gorontalo,122.6393,0.56893,34,4.3176
75020101a,Paguyaman,SULAWESI,Gorontalo,Kab. Boalemo,122.5588,0.64234,46,1.6516
75020202a,Wonosari,SULAWESI,Gorontalo,Kab. Boalemo,122.4516,0.6997,8,2.6873
75020301a,Dulupi,SULAWESI,Gorontalo,Kab. Boalemo,122.4565,0.58402,21,1.6805
75020401a,Tilamuta,SULAWESI,Gorontalo,Kab. Boalemo,122.34,0.53,50.5,1.0715
75020501a,Mananggu,SULAWESI,Gorontalo,Kab. Boalemo,122.139,0.5072,25.5,2.543
75020601a,Botumoito,SULAWESI,Gorontalo,Kab. Boalemo,122.3014,0.5102,72,1.0715
75020701a,Paguyaman Pantai,SULAWESI,Gorontalo,Kab. Boalemo,122.5806,0.5137,13.5,1.7155
75030101a,Tapa,SULAWESI,Gorontalo,Kab. Bone Bolango,123.0709,0.5949,1.5,22.2624
75030201a,Kabila,SULAWESI,Gorontalo,Kab. Bone Bolango,123.1045,0.5401,7,20.8106
75030301a,Suwawa,SULAWESI,Gorontalo,Kab. Bone Bolango,123.144,0.533,97,20.8106
75030401a,Bone Pantai,SULAWESI,Gorontalo,Kab. Bone Bolango,123.2128,0.3818,3.5,27.6388
75030501a,Bulango Utara,SULAWESI,Gorontalo,Kab. Bone Bolango,123.0789,0.634,17,24.1466
75030601a,Tilong Kabila,SULAWESI,Gorontalo,Kab. Bone Bolango,123.1127,0.5871,43.1,20.8106
75030603a,Staklim Bone Bolango,SULAWESI,Gorontalo,Kab. Bone Bolango,123.1407,0.5558,72.6,20.8106
75030701a,Botupingge,SULAWESI,Gorontalo,Kab. Bone Bolango,123.1086,0.5231,12,20.8106
75030801a,Kabila Bone,SULAWESI,Gorontalo,Kab. Bone Bolango,123.1295,0.4485,1,20.1968
75030901a,Bone,SULAWESI,Gorontalo,Kab. Bone Bolango,123.26,0.3575,0,27.6388
75031001a,Bone Raya,SULAWESI,Gorontalo,Kab. Bone Bolango,123.3423,0.3134,6.5,32.3809
75031101a,Suwawa Timur,SULAWESI,Gorontalo,Kab. Bone Bolango,123.2481,0.5094,73.2,19.6503
75031201a,Suwawa Selatan,SULAWESI,Gorontalo,Kab. Bone Bolango,123.1881,0.4889,107,20.1968
75031301a,Suwawa Tengah,SULAWESI,Gorontalo,Kab. Bone Bolango,123.1827,0.5404,32.5,20.8106
75031701a,Bulawa,SULAWESI,Gorontalo,Kab. Bone Bolango,123.2694,0.3238,14.2,27.6388
75031801a,Pinogu,SULAWESI,Gorontalo,Kab. Bone Bolango,123.4292,0.50611,47.4,21.3616
75040101a,Popayato,SULAWESI,Gorontalo,Kab. Pahuwato,121.46,0.5,19,57.911
75040201a,Lemito,SULAWESI,Gorontalo,Kab. Pahuwato,121.57,0.55,77.5,54.1703
75040301a,Randangan,SULAWESI,Gorontalo,Kab. Pahuwato,121.81,0.53,19,33.3708
75040401a,Marisa,SULAWESI,Gorontalo,Kab. Pahuwato,121.914,0.459,101,33.1669
75040501a,Paguat,SULAWESI,Gorontalo,Kab. Pahuwato,122.0676,0.49982,68.5,29.3811
75040601a,Patilangio,SULAWESI,Gorontalo,Kab. Pahuwato,121.86,0.51,0,33.3708
75040701a,Taluditi,SULAWESI,Gorontalo,Kab. Pahuwato,121.8162,0.6333,56,23.9035
75040801a,Dengilo,SULAWESI,Gorontalo,Kab. Pahuwato,122.1054,0.63925,35,10.6206
75041101a,Wonggarasi,SULAWESI,Gorontalo,Kab. Pahuwato,121.5276,0.55689,40,54.1703
75041201a,Popayato Timur,SULAWESI,Gorontalo,Kab. Pahuwato,121.49,0.52,7,55.109
75041301a,Popayato Barat,SULAWESI,Gorontalo,Kab. Pahuwato,121.3672,0.49458,25.5,68.0415
75041401a,Bulango Ulu,SULAWESI,Gorontalo,Kab. Bone Bolango,123.134,0.6605,17.8,27.6834
75050101a,Atinggola I,SULAWESI,Gorontalo,Kab. Gorontalo Utara,123.1191,0.88531,14.5,12.842
75050202a,Kwandang II,SULAWESI,Gorontalo,Kab. Gorontalo Utara,122.8719,0.7637,0,32.4681
75050301a,Anggrek,SULAWESI,Gorontalo,Kab. Gorontalo Utara,122.779,0.8457,30.5,19.5778
75050401a,Sumalata,SULAWESI,Gorontalo,Kab. Gorontalo Utara,122.421,0.9829,28,12.5617
75050501a,Tolinggula,SULAWESI,Gorontalo,Kab. Gorontalo Utara,122.1709,1.0145,5.5,26.864
75050601a,Gentuma Raya,SULAWESI,Gorontalo,Kab. Gorontalo Utara,123.0318,0.9243,0,11.746
75050602a,Atinggola II,SULAWESI,Gorontalo,Kab. Gorontalo Utara,123.0882,0.9047,4.5,11.746
75050701a,Tomilito,SULAWESI,Gorontalo,Kab. Gorontalo Utara,122.5599,0.5233,3,1.7155
75050702a,Bubode,SULAWESI,Gorontalo,Kab. Gorontalo Utara,122.9682,0.87903,1,12.9238
75050901a,Monano,SULAWESI,Gorontalo,Kab. Gorontalo Utara,122.6877,0.8609,4,21.8326
75051001a,Biawu,SULAWESI,Gorontalo,Kab. Gorontalo Utara,122.2208,0.99167,18.5,17.7144
75051101a,Sumalata Timur,SULAWESI,Gorontalo,Kab. Gorontalo Utara,122.5626,0.9547,16,10.1046
75710101a,Kota Barat,SULAWESI,Gorontalo,Kota Gorontalo,123.0278,0.5423,4.5,22.2624
75710301a,Kota Utara,SULAWESI,Gorontalo,Kota Gorontalo,123.0883,0.5637,15,22.2624
75710801a,Dumbo Raya,SULAWESI,Gorontalo,Kota Gorontalo,123.0853,0.4992,8.5,18.9466
74040601a,Spp. Binuang,SULAWESI,Sulawesi Barat,Kab. Polewali Mandar,119.3878,-3.4339,132,33.7565
76010201a,Poskeswan Mertajaya,SULAWESI,Sulawesi Barat,Kab. Mamuju Utara,119.4372,-1.1667,69,268.3449
76010501a,Poskeswan Dapurang,SULAWESI,Sulawesi Barat,Kab. Mamuju Utara,119.4683,-1.7342,14,178.3665
76010801a,Kantor Desa Lariang/Tikke Raya,SULAWESI,Sulawesi Barat,Kab. Mamuju Utara,119.3342,-1.4014,46,254.6586
76010901a,Kantor Desa Malei,SULAWESI,Sulawesi Barat,Kab. Mamuju Utara,119.3258,-1.2511,50,206.813
76011001a,Ktr. Camat Bambaira,SULAWESI,Sulawesi Barat,Kab. Mamuju Utara,119.5031,-0.9675,28,96.271
76011201a,Bpp Baras/Lariang,SULAWESI,Sulawesi Barat,Kab. Mamuju Utara,119.3697,-1.4672,48,254.6586
76020201a,Tappalang,SULAWESI,Sulawesi Barat,Kab. Mamuju,118.8615,-2.7848,193,230.1512
76020301a,Kalukku,SULAWESI,Sulawesi Barat,Kab. Mamuju,119.055,-2.6026,84,180.2458
76020401a,Kalumpang,SULAWESI,Sulawesi Barat,Kab. Mamuju,119.4839,-2.47,88,181.4989
76020501a,Budong-Budong,SULAWESI,Sulawesi Barat,Kab. Mamuju,119.2444,-2.0844,82,238.4044
76020601a,Pangale,SULAWESI,Sulawesi Barat,Kab. Mamuju,119.1973,-2.2555,82,248.751
76020701a,Papalang,SULAWESI,Sulawesi Barat,Kab. Mamuju,119.1454,-2.4251,28,271.4884
76020801a,Sampaga,SULAWESI,Sulawesi Barat,Kab. Mamuju,119.2189,-2.3456,71,258.8832
76020901a,Topoyo,SULAWESI,Sulawesi Barat,Kab. Mamuju,119.2725,-2.0506,156,238.4044
76021001a,Karossa,SULAWESI,Sulawesi Barat,Kab. Mamuju,119.4851,-1.9705,105,157.9976
76021101a,Tommo,SULAWESI,Sulawesi Barat,Kab. Mamuju,119.4629,-2.2482,170,137.1502
76021201a,Simkep,SULAWESI,Sulawesi Barat,Kab. Mamuju,119.3263,-2.3243,64,203.6278
76021301a,Tappalang Barat,SULAWESI,Sulawesi Barat,Kab. Mamuju,118.7791,-2.7726,87,212.6407
76021401a,Tobadak,SULAWESI,Sulawesi Barat,Kab. Mamuju,119.3592,-2.1014,209,227.388
76021501a,Bonehau,SULAWESI,Sulawesi Barat,Kab. Mamuju,119.2554,-2.6057,156.5,166.4938
76030101a,Bpp Mambi,SULAWESI,Sulawesi Barat,Kab. Mamasa,119.1689,-2.9378,321.5,142.463
76030301a,Bpp Mamasa,SULAWESI,Sulawesi Barat,Kab. Mamasa,119.3706,-2.9208,137,47.6793
76030501a,Bpp Tabulahan,SULAWESI,Sulawesi Barat,Kab. Mamasa,119.185,-2.6678,132.5,187.5225
76030601a,Bpp Sumarorong,SULAWESI,Sulawesi Barat,Kab. Mamasa,119.3036,-3.1367,283,54.5759
76030701a,Bpp Messawa,SULAWESI,Sulawesi Barat,Kab. Mamasa,119.3375,-3.2533,132,48.423
76030901a,Bpp Tanduk Kalua,SULAWESI,Sulawesi Barat,Kab. Mamasa,119.3226,-3.0707,136,57.4373
76031301a,Bpp Nosu,SULAWESI,Sulawesi Barat,Kab. Mamasa,119.49,-3.1309,126,49.3536
76040201a,Bpp. Campalagian,SULAWESI,Sulawesi Barat,Kab. Polewali Mandar,119.1567,-3.4178,78,25.5748
76040301a,Bpp. Wonomulyo,SULAWESI,Sulawesi Barat,Kab. Polewali Mandar,119.2167,-3.3844,54,36.9718
76040401a,Bbi Padi Lantora,SULAWESI,Sulawesi Barat,Kab. Polewali Mandar,119.3289,-3.4172,90,33.7565
76040402a,Unasman Manding,SULAWESI,Sulawesi Barat,Kab. Polewali Mandar,119.3053,-3.4003,86,33.7565
76040602a,Bpp. Tonyaman,SULAWESI,Sulawesi Barat,Kab. Polewali Mandar,119.3744,-3.4347,126,33.7565
76040701a,Bpp. Tapango,SULAWESI,Sulawesi Barat,Kab. Polewali Mandar,119.2331,-3.3669,96,36.9718
76040801a,Bpp. Mapilli,SULAWESI,Sulawesi Barat,Kab. Polewali Mandar,119.1967,-3.4,49,35.5932
76040802a,Breeding Andau,SULAWESI,Sulawesi Barat,Kab. Polewali Mandar,119.1733,-3.3172,51,35.5932
76041101a,BPP. Limboro,SULAWESI,Sulawesi Barat,Kab. Polewali Mandar,119.5122,-3.47,13,41.5773
76041301a,Bpp. Anreapi,SULAWESI,Sulawesi Barat,Kab. Polewali Mandar,119.3642,-3.3678,48,36.6332
76041401a,Bpp. Matakali,SULAWESI,Sulawesi Barat,Kab. Polewali Mandar,119.2908,-3.3667,144,36.9718
76050101a,Bpp Banggae/Diperta,SULAWESI,Sulawesi Barat,Kab. Majene,118.9386,-3.5339,49,23.9174
76050201a,Bpp Pamboang,SULAWESI,Sulawesi Barat,Kab. Majene,118.8978,-3.4839,90,37.4236
76050301a,Bp3K Sendana,SULAWESI,Sulawesi Barat,Kab. Majene,118.866,-3.3626,117,52.1797
76050401a,Bpp Malunda,SULAWESI,Sulawesi Barat,Kab. Majene,118.8572,-3,288,210.3572
76050501a,Ulumanda,SULAWESI,Sulawesi Barat,Kab. Majene,118.8711,-3.0364,303,210.3572
76050601a,Bp3K Tammeroddo Sendana,SULAWESI,Sulawesi Barat,Kab. Majene,118.8417,-3.2342,152,121.897
76050801a,Bp3K Kp. Baru / Banggae Timur,SULAWESI,Sulawesi Barat,Kab. Majene,118.9756,-3.5339,17,23.9174
76050804a,Stamet Majene,SULAWESI,Sulawesi Barat,Kab. Majene,118.9805,-3.5507,12,23.9174
81010101a,Letwaru,MALUKU,Maluku,Kab. Maluku Tengah,128.9697,-3.3064,116,74.1851
81010103a,Holo,MALUKU,Maluku,Kab. Maluku Tengah,128.9927,-3.2558,67.4,72.4081
81010201a,Waipia,MALUKU,Maluku,Kab. Maluku Tengah,128.9332,-3.1822,240,72.6821
81010601a,Wahai,MALUKU,Maluku,Kab. Maluku Tengah,129.29,-2.47,2,19.2366
81010602a,Rumah Olat,MALUKU,Maluku,Kab. Maluku Tengah,129.1917,-2.9536,45.5,173.7796
81011101a,Tehoru,MALUKU,Maluku,Kab. Maluku Tengah,129.5583,-3.417,215,363.1332
81011301a,Oma Haruku,MALUKU,Maluku,Kab. Maluku Tengah,128.4645,-3.5515,484.3,213.6925
81011501a,Hila,MALUKU,Maluku,Kab. Maluku Tengah,128.06,-3.62,266.6,166.4064
81011601a,Nusa Laut,MALUKU,Maluku,Kab. Maluku Tengah,128.774,-3.669,116,128.5202
81012001a,Labuan (Maluku tengah),MALUKU,Maluku,Kab. Maluku Tengah,129.043,-2.798,11,58.7325
81012401a,Tanah Merah Seti,MALUKU,Maluku,Kab. Maluku Tengah,130.0336,-3.0484,85.5,115.3521
81012501a,Kobisonta,MALUKU,Maluku,Kab. Maluku Tengah,129.9243,-2.99,65,108.6895
81030101a,Stageof Saumlaki,MALUKU,Maluku,Kab. Kep. Tanimbar,131.3,-7.9994,135.2,36.2777
81040202a,Air Buaya,MALUKU,Maluku,Kab. Buru,126.4333,-3.0867,58.5,38.7887
81041101a,Mako,MALUKU,Maluku,Kab. Buru,126.9737,-3.3674,141.5,80.7735
81050101a,Bula,MALUKU,Maluku,Kab. Seram Bagian Timur,130.3,-3.06,64.5,71.7618
81051201a,Waisamet,MALUKU,Maluku,Kab. Seram Bagian Timur,130.135,-3.025,89.7,94.9742
81060102a,Staklim Seram Bagian Barat,MALUKU,Maluku,Kab. Seram Bagian Barat,128.3685,-3.3387,160.9,131.5086
81060201a,Niniari,MALUKU,Maluku,Kab. Seram Bagian Barat,128.2028,-3.0752,71,83.5079
81060601a,Hunitetu,MALUKU,Maluku,Kab. Seram Bagian Barat,128.5,-3.32,79.9,134.4934
81060602a,Rumah Kay,MALUKU,Maluku,Kab. Seram Bagian Barat,128.5344,-3.4465,467.5,169.4084
81060603a,Latu,MALUKU,Maluku,Kab. Seram Bagian Barat,128.4,-3.4,346.6,131.5086
81060701a,Nuruwe,MALUKU,Maluku,Kab. Seram Bagian Barat,128.37,-3.26,34,116.6867
81090501a,Leksula,MALUKU,Maluku,Kab. Buru Selatan,126.52,-3.76,246.5,142.7503
81710103a,Stamar Ambon,MALUKU,Maluku,Kota Ambon,128.1588,-3.7252,219.6,164.9003
81710201a,Stageof Karang Panjang,MALUKU,Maluku,Kota Ambon,128.178,-3.694,281,176.6015
81710301a,Passo,MALUKU,Maluku,Kota Ambon,128.23,-3.63,399,179.3697
81710402a,Stamet Pattimura,MALUKU,Maluku,Kota Ambon,128.0833,-3.69,328.1,166.4064
81720101a,Stamet Tual (Karel Sadsuitubun),MALUKU,Maluku,Kota Tual,132.7333,-5.65,33,2.751
82010101a,Jailolo,MALUKU,Maluku Utara,Kab. Halmahera Barat,127.474,1.086,70,36.7002
82020101a,Weda,MALUKU,Maluku Utara,Kab. Halmahera Tengah,127.8559,0.35,17,82.5165
82020401a,Sagea,MALUKU,Maluku Utara,Kab. Halmahera Tengah,128.0893,0.4621,62.1,18.9329
82020501a,Wairoro,MALUKU,Maluku Utara,Kab. Halmahera Tengah,127.8805,0.1589,195.2,32.4059
82020701a,Kobe,MALUKU,Maluku Utara,Kab. Halmahera Tengah,127.8858,0.5401,21.9,56.6123
82030701a,Kuabang,MALUKU,Maluku Utara,Kab. Halmahera Utara,127.905,1.201,102,89.4064
82031301a,Kusuri,MALUKU,Maluku Utara,Kab. Halmahera Utara,127.9152,1.4834,63,82.7854
82031401a,Stamet Galela,MALUKU,Maluku Utara,Kab. Halmahera Utara,127.8333,1.8167,38.5,37.9906
82032201a,Barumadehe,MALUKU,Maluku Utara,Kab. Halmahera Utara,127.6908,1.0764,16.1,70.3129
82040201a,Kayoa,MALUKU,Maluku Utara,Kab. Halmahera Selatan,127.434,0.051,17,19.7094
82040401a,Saketa,MALUKU,Maluku Utara,Kab. Halmahera Selatan,127.847,-0.358,25,11.6042
82040601a,Laiwui,MALUKU,Maluku Utara,Kab. Halmahera Selatan,127.6409,-1.3407,107,46.5995
82041701a,Stamet Labuha,MALUKU,Maluku Utara,Kab. Halmahera Selatan,127.5011,-0.63806,23,5.8071
82060101a,Subaim,MALUKU,Maluku Utara,Kab. Halmahera Timur,128.13,1.106,237.1,228.728
82060401a,Bunagara,MALUKU,Maluku Utara,Kab. Halmahera Timur,127.8083,0.7538,158.5,81.9761
82060701a,Akedaga,MALUKU,Maluku Utara,Kab. Halmahera Timur,128.2116,1.1327,54,125.2793
82710101a,Ibu,MALUKU,Maluku Utara,Kab. Halmahera Barat,127.555,1.508,33,40.7787
91010132a,StaMet Mopah Merauke,PAPUA,Papua,Kab. Merauke,140.4157,-8.5202,124.9,26.0079
91010201a,Alfasera 2,PAPUA,Papua,Kab. Merauke,140.5917,-7.4059,77.5,43.7826
91010301a,Okaba,PAPUA,Papua,Kab. Merauke,139.7158,-8.0885,0,33.9631
91010502a,Semangga,PAPUA,Papua,Kab. Merauke,140.47,-8.41,55,28.7133
91010601a,Staklim Tanah Miring Merauke,PAPUA,Papua,Kab. Merauke,140.517,-8.387,58,30.56
91010602a,Amun Kay,PAPUA,Papua,Kab. Merauke,140.5,-8.41,27.5,28.7133
91010701a,Mimibaru,PAPUA,Papua,Kab. Merauke,140.8,-8.1872,48,48.3044
91010702a,Jagebob,PAPUA,Papua,Kab. Merauke,140.5674,-8.1005,14.5,43.4765
91010703a,Jagebob 11,PAPUA,Papua,Kab. Merauke,140.74,-7.828,21,34.2268
91010901a,Ulilin,PAPUA,Papua,Kab. Merauke,140.6628,-7.3252,47,49.3733
91011001a,Bupul 9,PAPUA,Papua,Kab. Merauke,140.4441,-7.2286,101,62.3263
91011101a,Wapeko,PAPUA,Papua,Kab. Merauke,140.38,-8.3,109.5,42.4268
91011103a,Wonorejo,PAPUA,Papua,Kab. Merauke,140.2679,-8.243,42.5,44.5631
91011104a,Salor Indah,PAPUA,Papua,Kab. Merauke,140.36,-8.25,58.5,36.7693
91011201a,Onggaya,PAPUA,Papua,Kab. Merauke,140.55,-8.69,13.5,34.6354
91011301a,Wayauw,PAPUA,Papua,Kab. Merauke,140.45,-7.97,49.8,39.6827
91011401a,Sukamaju,PAPUA,Papua,Kab. Merauke,140.1944,-8.2442,27,49.8376
91011402a,Kumbe,PAPUA,Papua,Kab. Merauke,140.2566,-8.3485,52,53.1589
91020101a,Stamet Wamena,PAPUA,Papua,Kab. Jayawijaya,138.95,-4.09,51.2,79.8142
91030102a,Stamet Sentani,PAPUA,Papua,Kab. Jayapura,140.48,-2.5,17.5,46.7006
91030104a,SMA ADVEN DB,PAPUA,Papua,Kab. Jayapura,140.4602,-2.5351,15.5,46.7006
91030118a,Hinekombe,PAPUA,Papua,Kab. Jayapura,140.44,-2.52,31,46.7006
91030601a,Nembu Gresi,PAPUA,Papua,Kab. Jayapura,140.0949,-2.6341,70.5,23.8956
91030702a,Staklim Jayapura,PAPUA,Papua,Kab. Jayapura,140.13,-2.62,52.6,34.2802
91030801a,Nimbokrang,PAPUA,Papua,Kab. Jayapura,140.2,-2.52,28,47.5896
91030803a,Benyom Jaya II,PAPUA,Papua,Kab. Jayapura,140.2,-2.53,32.4,47.5896
91030901a,Nimbontong,PAPUA,Papua,Kab. Jayapura,140,-2.6,90,30.5726
91031001a,Ambora,PAPUA,Papua,Kab. Jayapura,140.1202,-2.3947,154,97.7389
91031501a,Sp5 Taqwa Bangun,PAPUA,Papua,Kab. Jayapura,140.2063,-2.91,25.5,49.5718
91031502a,Taja Sp1,PAPUA,Papua,Kab. Jayapura,140.1,-2.8091,54.2,30.757
91031802a,Iwon,PAPUA,Papua,Kab. Jayapura,140.2,-2.82,4.5,27.8113
91040101a,Stamet Nabire,PAPUA,Papua,Kab. Nabire,135.5,-3.37,166.6,190.7851
91040702a,Wiraska,PAPUA,Papua,Kab. Nabire,135.338,-3.4488,159.5,131.2104
91041601a,Kimi Nusantara,PAPUA,Papua,Kab. Nabire,135.5817,-3.2806,34,204.1936
91060101a,Stamet Biak,PAPUA,Papua,Kab. Biak Numfor,136.12,-1.18,12.2,19.8577
91060201a,Biak Utara,PAPUA,Papua,Kab. Biak Numfor,136.0265,-0.8972,99,20.5448
91061201a,Samofa,PAPUA,Papua,Kab. Biak Numfor,136.0532,-1.0975,72,25.2755
91080101a,Stamet Enarotali,PAPUA,Papua,Kab. Paniai,136.35,-3.83,96.3,105.5554
91100101a,Stamet Sarmi,PAPUA,Papua,Kab. Sarmi,138.75,-1.85,70.9,182.9153
91101501a,Bonggo SP V,PAPUA,Papua,Kab. Sarmi,139.7065,-2.3713,67.6,52.4283
91101502a,Bonggo SP VI,PAPUA,Papua,Kab. Sarmi,139.687,-2.3683,114,38.2046
91110202a,Arso IX,PAPUA,Papua,Kab. Keerom,140.66,-2.782,23,31.4919
91110203a,Arso X,PAPUA,Papua,Kab. Keerom,140.6998,-2.878,45,39.6179
91110204a,Arso XIII,PAPUA,Papua,Kab. Keerom,140.64,-2.843,71.7,39.6179
91110205a,Arso Xiv,PAPUA,Papua,Kab. Keerom,140.668,-2.8667,44.5,39.6179
91110301a,Senggi Sp1,PAPUA,Papua,Kab. Keerom,140.71,-3.43,62,10.0239
91110505a,Saefen 42,PAPUA,Papua,Kab. Keerom,140.5473,-2.7805,40.5,36.1911
91150101a,Stamet Serui,PAPUA,Papua,Kab. Kepulauan Yapen,136.25,-1.88,129.7,54.214
91160102a,StaMet Tanah Merah,PAPUA,Papua,Kab. Boven Digoel,140.31,-6.1,277.1,194.9041
91160104a,Mandobo,PAPUA,Papua,Kab. Boven Digoel,140.3053,-6.0866,152,209.9142
91160201a,Mindiptanah,PAPUA,Papua,Kab. Boven Digoel,141.4116,-6.4883,409,83.1456
91160502a,Asiki,PAPUA,Papua,Kab. Boven Digoel,140.4232,-6.642,250,196.3609
91170101a,Obaa,PAPUA,Papua,Kab. Mappi,139.3155,-6.5278,100,116.8728
91170601a,Assue,PAPUA,Papua,Kab. Mappi,139.1491,-6.1253,27,161.9946
91180102a,Agats,PAPUA,Papua,Kab. Asmat,138.2594,-5.6722,37.5,169.4307
91180202a,Atsj,PAPUA,Papua,Kab. Asmat,138.6422,-5.8242,128,226.7688
91710103a,Stamet Dok II Jayapura,PAPUA,Papua,Kota Jayapura,140.72,-2.53,11.3,29.8328
91710111a,Dosay,PAPUA,Papua,Kab. Jayapura,140.41,-2.52,60.2,46.7006
91710201a,Polimak,PAPUA,Papua,Kota Jayapura,140.67,-2.56,20.3,39.0354
91710401a,Koya Barat,PAPUA,Papua,Kota Jayapura,140.8058,-2.676,14,18.6668
91710402a,Koya Timur,PAPUA,Papua,Kota Jayapura,140.8512,-2.6691,6.3,18.6668
92010501a,Majener,PAPUA,Papua Barat,Kab. Sorong,131.2624,-1.1581,220,45.7474
92010502a,Walal,PAPUA,Papua Barat,Kab. Sorong,131.2897,-1.0394,41.8,81.2096
92010702a,Malagusa,PAPUA,Papua Barat,Kab. Sorong,131.32,-0.953,137.5,161.5514
92013901a,KLAMALU,PAPUA,Papua Barat,Kab. Sorong,131.3181,-1.0208,93,93.6603
92020201a,Warsui,PAPUA,Papua Barat,Kab. Manokwari Selatan,134.1833,-1.5,24,219.5143
92020301a,Warmare,PAPUA,Papua Barat,Kab. Manokwari,133.9426,-0.97381,38,34.7741
92020401a,Prafi,PAPUA,Papua Barat,Kab. Manokwari,133.7833,-0.91667,73,65.2196
92020501a,Macuan,PAPUA,Papua Barat,Kab. Manokwari,133.78,-0.85,211,73.3928
92020502a,Masni Vii,PAPUA,Papua Barat,Kab. Manokwari,133.7333,-0.8,104,45.5231
92020601a,Oransbari,PAPUA,Papua Barat,Kab. Manokwari Selatan,134.237,-1.322,50,44.004
92021502a,ARFAI 1,PAPUA,Papua Barat,Kab. Manokwari,134.0342,-0.9239,86,21.8612
92021901a,Gaya Baru,PAPUA,Papua Barat,Kab. Manokwari Selatan,134.09,-1.62,16,64.8787
92022101a,Sidey,PAPUA,Papua Barat,Kab. Manokwari,133.6,-0.756,107,76.4054
92041002a,Moswaren,PAPUA,Papua Barat,Kab. Sorong Selatan,132.2311,-1.49,14,141.9428
92051801a,Waisai,PAPUA,Papua Barat,Kab. Raja Ampat,130.485,-0.23712,56,25.0485
92070101a,Wasior,PAPUA,Papua Barat,Kab. Teluk Wondama,134.53,-2.73,79,96.2979
92080102a,Kaimana,PAPUA,Papua Barat,Kab. Kaimana,133.74,-3.64,196,114.945
92710101a,Stamet Seigun Sorong,PAPUA,Papua Barat,Kota Sorong,131.285,-0.8909,6.6,68.9582
